{"OA_YSCJ":{"columns":[{"comment":"主键","decimalDigits":0,"length":"50","name":"ID","nullAble":false,"primaryKey":true,"size":50,"tableName":"OA_YSCJ","type":"VARCHAR2"},{"comment":"远程接收原文件ID","decimalDigits":0,"length":"50","name":"REMOTE_ID","nullAble":true,"primaryKey":false,"size":50,"tableName":"OA_YSCJ","type":"VARCHAR2"},{"comment":"文件转换原文件ID","decimalDigits":0,"length":"50","name":"SOURCE_ID","nullAble":true,"primaryKey":false,"size":50,"tableName":"OA_YSCJ","type":"VARCHAR2"},{"comment":"模块ID","decimalDigits":0,"length":"50","name":"MODULE_ID","nullAble":true,"primaryKey":false,"size":50,"tableName":"OA_YSCJ","type":"VARCHAR2"},{"comment":"模块名称","decimalDigits":0,"length":"50","name":"MODULE_NAME","nullAble":true,"primaryKey":false,"size":50,"tableName":"OA_YSCJ","type":"VARCHAR2"},{"comment":"流程模板ID","decimalDigits":0,"length":"50","name":"FLOW_ID","nullAble":true,"primaryKey":false,"size":50,"tableName":"OA_YSCJ","type":"VARCHAR2"},{"comment":"流程实例ID","decimalDigits":0,"length":"50","name":"PID","nullAble":true,"primaryKey":false,"size":50,"tableName":"OA_YSCJ","type":"VARCHAR2"},{"comment":"默认表单ID","decimalDigits":0,"length":"50","name":"FORM_ID","nullAble":true,"primaryKey":false,"size":50,"tableName":"OA_YSCJ","type":"VARCHAR2"},{"comment":"文件状态","decimalDigits":0,"defaultValue":"0","length":"2","name":"STATUS","nullAble":true,"primaryKey":false,"size":2,"tableName":"OA_YSCJ","type":"NUMBER"},{"comment":"文件状态","decimalDigits":0,"length":"50","name":"STATUS_TEXT","nullAble":true,"primaryKey":false,"size":50,"tableName":"OA_YSCJ","type":"VARCHAR2"},{"comment":"创建人ID","decimalDigits":0,"length":"50","name":"CREATE_USERID","nullAble":true,"primaryKey":false,"size":50,"tableName":"OA_YSCJ","type":"VARCHAR2"},{"comment":"创建人姓名","decimalDigits":0,"length":"50","name":"CREATE_UNAME","nullAble":true,"primaryKey":false,"size":50,"tableName":"OA_YSCJ","type":"VARCHAR2"},{"comment":"创建部门ID","decimalDigits":0,"length":"50","name":"CREATE_DEPTID","nullAble":true,"primaryKey":false,"size":50,"tableName":"OA_YSCJ","type":"VARCHAR2"},{"comment":"创建机构ID","decimalDigits":0,"length":"50","name":"CREATE_UNITID","nullAble":true,"primaryKey":false,"size":50,"tableName":"OA_YSCJ","type":"VARCHAR2"},{"comment":"创建时间","decimalDigits":6,"length":"39","name":"CREATE_TIME","nullAble":true,"primaryKey":false,"size":39,"tableName":"OA_YSCJ","type":"TIMESTAMP"},{"comment":"最后修改人ID","decimalDigits":0,"length":"50","name":"LASTUPDATE_USERID","nullAble":true,"primaryKey":false,"size":50,"tableName":"OA_YSCJ","type":"VARCHAR2"},{"comment":"最后修改人姓名","decimalDigits":0,"length":"50","name":"LASTUPDATE_UNAME","nullAble":true,"primaryKey":false,"size":50,"tableName":"OA_YSCJ","type":"VARCHAR2"},{"comment":"最后修改部门ID","decimalDigits":0,"length":"50","name":"LASTUPDATE_DEPTID","nullAble":true,"primaryKey":false,"size":50,"tableName":"OA_YSCJ","type":"VARCHAR2"},{"comment":"最后修改机构ID","decimalDigits":0,"length":"50","name":"LASTUPDATE_UNITID","nullAble":true,"primaryKey":false,"size":50,"tableName":"OA_YSCJ","type":"VARCHAR2"},{"comment":"最后修改时间","decimalDigits":6,"length":"39","name":"LASTUPDATE_TIME","nullAble":true,"primaryKey":false,"size":39,"tableName":"OA_YSCJ","type":"TIMESTAMP"},{"comment":"版本","decimalDigits":0,"defaultValue":"1","length":"9","name":"INFO_VERSION","nullAble":true,"primaryKey":false,"size":9,"tableName":"OA_YSCJ","type":"NUMBER"},{"comment":"删除标识","decimalDigits":0,"defaultValue":"1","length":"2","name":"ROWSTATE","nullAble":true,"primaryKey":false,"size":2,"tableName":"OA_YSCJ","type":"NUMBER"},{"comment":"当前处理人员姓名","decimalDigits":0,"length":"2147483647","name":"HANDLE_USERS_ID","nullAble":true,"primaryKey":false,"size":2147483647,"tableName":"OA_YSCJ","type":"CLOB"},{"comment":"当前处理人员姓名","decimalDigits":0,"length":"2147483647","name":"HANDLE_USERS","nullAble":true,"primaryKey":false,"size":2147483647,"tableName":"OA_YSCJ","type":"CLOB"},{"comment":"当前处理人员姓名","decimalDigits":0,"length":"2147483647","name":"HANDLE_USERS_SCHEMA","nullAble":true,"primaryKey":false,"size":2147483647,"tableName":"OA_YSCJ","type":"CLOB"},{"comment":"创建部门名称","decimalDigits":0,"length":"50","name":"CREATE_DEPTNAME","nullAble":true,"primaryKey":false,"size":50,"tableName":"OA_YSCJ","type":"VARCHAR2"},{"comment":"创建机构名称","decimalDigits":0,"length":"50","name":"CREATE_UNITNAME","nullAble":true,"primaryKey":false,"size":50,"tableName":"OA_YSCJ","type":"VARCHAR2"},{"comment":"最后修改部门名称","decimalDigits":0,"length":"50","name":"LASTUPDATE_DEPTNAME","nullAble":true,"primaryKey":false,"size":50,"tableName":"OA_YSCJ","type":"VARCHAR2"},{"comment":"最后修改机构名称","decimalDigits":0,"length":"50","name":"LASTUPDATE_UNITNAME","nullAble":true,"primaryKey":false,"size":50,"tableName":"OA_YSCJ","type":"VARCHAR2"},{"comment":"附件数量","decimalDigits":0,"defaultValue":"0","length":"5","name":"ATTACH_COUNT","nullAble":true,"primaryKey":false,"size":5,"tableName":"OA_YSCJ","type":"NUMBER"},{"comment":"文件所属人ID","decimalDigits":0,"length":"50","name":"USER_ID","nullAble":true,"primaryKey":false,"size":50,"tableName":"OA_YSCJ","type":"VARCHAR2"},{"comment":"文件所属人姓名","decimalDigits":0,"length":"50","name":"USER_NAME","nullAble":true,"primaryKey":false,"size":50,"tableName":"OA_YSCJ","type":"VARCHAR2"},{"comment":"父文件ID","decimalDigits":0,"length":"50","name":"FID","nullAble":true,"primaryKey":false,"size":50,"tableName":"OA_YSCJ","type":"VARCHAR2"},{"comment":"排列顺序","decimalDigits":0,"defaultValue":"1","length":"9","name":"SHOWORDER","nullAble":true,"primaryKey":false,"size":9,"tableName":"OA_YSCJ","type":"NUMBER"},{"comment":"MD5校验码","decimalDigits":0,"length":"50","name":"MD5CODE","nullAble":true,"primaryKey":false,"size":50,"tableName":"OA_YSCJ","type":"VARCHAR2"},{"comment":"一级部门ID","decimalDigits":0,"length":"50","name":"ORGID_LV1","nullAble":true,"primaryKey":false,"size":50,"tableName":"OA_YSCJ","type":"VARCHAR2"},{"comment":"二级部门ID","decimalDigits":0,"length":"50","name":"ORGID_LV2","nullAble":true,"primaryKey":false,"size":50,"tableName":"OA_YSCJ","type":"VARCHAR2"},{"comment":"三级部门ID","decimalDigits":0,"length":"50","name":"ORGID_LV3","nullAble":true,"primaryKey":false,"size":50,"tableName":"OA_YSCJ","type":"VARCHAR2"},{"comment":"四级部门ID","decimalDigits":0,"length":"50","name":"ORGID_LV4","nullAble":true,"primaryKey":false,"size":50,"tableName":"OA_YSCJ","type":"VARCHAR2"},{"comment":"五级部门ID","decimalDigits":0,"length":"50","name":"ORGID_LV5","nullAble":true,"primaryKey":false,"size":50,"tableName":"OA_YSCJ","type":"VARCHAR2"},{"comment":"当前处理节点名称","decimalDigits":0,"length":"2147483647","name":"HANDLE_NODENAME","nullAble":true,"primaryKey":false,"size":2147483647,"tableName":"OA_YSCJ","type":"CLOB"},{"comment":"当前处理阶段名称","decimalDigits":0,"length":"50","name":"HANDLE_STAGENAME","nullAble":true,"primaryKey":false,"size":50,"tableName":"OA_YSCJ","type":"VARCHAR2"},{"comment":"一级部门名称","decimalDigits":0,"length":"40","name":"ORGNAME_LV1","nullAble":true,"primaryKey":false,"size":40,"tableName":"OA_YSCJ","type":"VARCHAR2"},{"comment":"暂存状态","decimalDigits":0,"defaultValue":"1","length":"2","name":"TEMPSTATUS","nullAble":true,"primaryKey":false,"size":2,"tableName":"OA_YSCJ","type":"NUMBER"},{"comment":"是否发起阅文","decimalDigits":0,"defaultValue":"0","length":"2","name":"IS_DISTRIBED","nullAble":true,"primaryKey":false,"size":2,"tableName":"OA_YSCJ","type":"NUMBER"},{"comment":"是否已签发","decimalDigits":0,"defaultValue":"0","length":"2","name":"IS_LEADER_SIGN","nullAble":true,"primaryKey":false,"size":2,"tableName":"OA_YSCJ","type":"NUMBER"},{"comment":"是否领导批示","decimalDigits":0,"defaultValue":"0","length":"2","name":"IS_LEADER_OPINION","nullAble":true,"primaryKey":false,"size":2,"tableName":"OA_YSCJ","type":"NUMBER"},{"comment":"原件当前持有人ID","decimalDigits":0,"length":"100","name":"HANDLE_ORIGINAL_USER_ID","nullAble":true,"primaryKey":false,"size":100,"tableName":"OA_YSCJ","type":"VARCHAR2"},{"comment":"原件当前持有人姓名","decimalDigits":0,"length":"100","name":"HANDLE_ORIGINAL_USER_NAME","nullAble":true,"primaryKey":false,"size":100,"tableName":"OA_YSCJ","type":"VARCHAR2"},{"comment":"并文数量","decimalDigits":0,"defaultValue":"0","length":"2","name":"UNIONFILES","nullAble":true,"primaryKey":false,"size":2,"tableName":"OA_YSCJ","type":"NUMBER"},{"comment":"并文父ID","decimalDigits":0,"length":"50","name":"UNIONFID","nullAble":true,"primaryKey":false,"size":50,"tableName":"OA_YSCJ","type":"VARCHAR2"},{"comment":"姓名","decimalDigits":0,"length":"50","name":"NAME","nullAble":true,"primaryKey":false,"size":50,"tableName":"OA_YSCJ","type":"VARCHAR2"},{"comment":"性别","decimalDigits":0,"length":"20","name":"SEX","nullAble":true,"primaryKey":false,"size":20,"tableName":"OA_YSCJ","type":"VARCHAR2"},{"comment":"出生年月","decimalDigits":6,"length":"39","name":"BIRTH","nullAble":true,"primaryKey":false,"size":39,"tableName":"OA_YSCJ","type":"TIMESTAMP"},{"comment":"政治面貌","decimalDigits":0,"length":"50","name":"ZZMM","nullAble":true,"primaryKey":false,"size":50,"tableName":"OA_YSCJ","type":"VARCHAR2"},{"comment":"工作单位、职务","decimalDigits":0,"length":"200","name":"GZDW","nullAble":true,"primaryKey":false,"size":200,"tableName":"OA_YSCJ","type":"VARCHAR2"},{"comment":"身份证号","decimalDigits":0,"length":"50","name":"IDCARD","nullAble":true,"primaryKey":false,"size":50,"tableName":"OA_YSCJ","type":"VARCHAR2"},{"comment":"家庭住址","decimalDigits":0,"length":"200","name":"JTZZ","nullAble":true,"primaryKey":false,"size":200,"tableName":"OA_YSCJ","type":"VARCHAR2"},{"comment":"户口所在地","decimalDigits":0,"length":"200","name":"HKSZD","nullAble":true,"primaryKey":false,"size":200,"tableName":"OA_YSCJ","type":"VARCHAR2"},{"comment":"本人联系电话","decimalDigits":0,"length":"50","name":"LXDH","nullAble":true,"primaryKey":false,"size":50,"tableName":"OA_YSCJ","type":"VARCHAR2"},{"comment":"紧急情况联系人及电话","decimalDigits":0,"length":"50","name":"JJQKLXR","nullAble":true,"primaryKey":false,"size":50,"tableName":"OA_YSCJ","type":"VARCHAR2"},{"comment":"审批事项类型","decimalDigits":0,"length":"50","name":"SPSXLX","nullAble":true,"primaryKey":false,"size":50,"tableName":"OA_YSCJ","type":"VARCHAR2"},{"comment":"审批事项类型","decimalDigits":0,"length":"50","name":"SPSXLX_TEXT","nullAble":true,"primaryKey":false,"size":50,"tableName":"OA_YSCJ","type":"VARCHAR2"},{"comment":"证件类型","decimalDigits":0,"length":"50","name":"ZJLX","nullAble":true,"primaryKey":false,"size":50,"tableName":"OA_YSCJ","type":"VARCHAR2"},{"comment":"证件类型","decimalDigits":0,"length":"50","name":"ZJLX_TEXT","nullAble":true,"primaryKey":false,"size":50,"tableName":"OA_YSCJ","type":"VARCHAR2"},{"comment":"护照号","decimalDigits":0,"length":"50","name":"HZH","nullAble":true,"primaryKey":false,"size":50,"tableName":"OA_YSCJ","type":"VARCHAR2"},{"comment":"港澳通行证号","decimalDigits":0,"length":"50","name":"GATXZ","nullAble":true,"primaryKey":false,"size":50,"tableName":"OA_YSCJ","type":"VARCHAR2"},{"comment":"台湾通行证号","decimalDigits":0,"length":"50","name":"TWTXZ","nullAble":true,"primaryKey":false,"size":50,"tableName":"OA_YSCJ","type":"VARCHAR2"},{"comment":"拟前往国家（地区）","decimalDigits":0,"length":"200","name":"NQWDQ","nullAble":true,"primaryKey":false,"size":200,"tableName":"OA_YSCJ","type":"VARCHAR2"},{"comment":"本年度因私出国（境）累计次数","decimalDigits":0,"length":"20","name":"BNDLJCS","nullAble":true,"primaryKey":false,"size":20,"tableName":"OA_YSCJ","type":"VARCHAR2"},{"comment":"出国（境）事由","decimalDigits":0,"length":"2147483647","name":"CGSY","nullAble":true,"primaryKey":false,"size":2147483647,"tableName":"OA_YSCJ","type":"CLOB"},{"comment":"开始时间","decimalDigits":6,"length":"39","name":"STIME","nullAble":true,"primaryKey":false,"size":39,"tableName":"OA_YSCJ","type":"TIMESTAMP"},{"comment":"结束时间","decimalDigits":6,"length":"39","name":"ETIME","nullAble":true,"primaryKey":false,"size":39,"tableName":"OA_YSCJ","type":"TIMESTAMP"},{"comment":"开始时段","decimalDigits":0,"length":"50","name":"KSSD","nullAble":true,"primaryKey":false,"size":50,"tableName":"OA_YSCJ","type":"VARCHAR2"},{"comment":"开始时段","decimalDigits":0,"length":"50","name":"KSSD_TEXT","nullAble":true,"primaryKey":false,"size":50,"tableName":"OA_YSCJ","type":"VARCHAR2"},{"comment":"结束时段","decimalDigits":0,"length":"50","name":"JSSD","nullAble":true,"primaryKey":false,"size":50,"tableName":"OA_YSCJ","type":"VARCHAR2"},{"comment":"结束时段","decimalDigits":0,"length":"50","name":"JSSD_TEXT","nullAble":true,"primaryKey":false,"size":50,"tableName":"OA_YSCJ","type":"VARCHAR2"},{"comment":"风险排除","decimalDigits":0,"length":"50","name":"FXPC","nullAble":true,"primaryKey":false,"size":50,"tableName":"OA_YSCJ","type":"VARCHAR2"},{"comment":"风险排除","decimalDigits":0,"length":"50","name":"FXPC_TEXT","nullAble":true,"primaryKey":false,"size":50,"tableName":"OA_YSCJ","type":"VARCHAR2"},{"comment":"领取时间","decimalDigits":6,"length":"39","name":"LQSJ","nullAble":true,"primaryKey":false,"size":39,"tableName":"OA_YSCJ","type":"TIMESTAMP"},{"comment":"归还时间","decimalDigits":6,"length":"39","name":"GHSJ","nullAble":true,"primaryKey":false,"size":39,"tableName":"OA_YSCJ","type":"TIMESTAMP"},{"comment":"标题","decimalDigits":0,"length":"500","name":"BT","nullAble":true,"primaryKey":false,"size":500,"tableName":"OA_YSCJ","type":"VARCHAR2"},{"comment":"文件编号","decimalDigits":0,"length":"9","name":"WH_PERIOD","nullAble":true,"primaryKey":false,"size":9,"tableName":"OA_YSCJ","type":"NUMBER"},{"comment":"文件编号","decimalDigits":0,"length":"50","name":"WH_RULEID","nullAble":true,"primaryKey":false,"size":50,"tableName":"OA_YSCJ","type":"VARCHAR2"},{"comment":"文件编号","decimalDigits":0,"length":"9","name":"WH_NUM","nullAble":true,"primaryKey":false,"size":9,"tableName":"OA_YSCJ","type":"NUMBER"},{"comment":"文件编号","decimalDigits":0,"length":"9","name":"WH_TNUM","nullAble":true,"primaryKey":false,"size":9,"tableName":"OA_YSCJ","type":"NUMBER"},{"comment":"文件编号","decimalDigits":0,"length":"9","name":"WH_RULEORDER","nullAble":true,"primaryKey":false,"size":9,"tableName":"OA_YSCJ","type":"NUMBER"},{"comment":"文件编号","decimalDigits":0,"length":"50","name":"WH_ORDER","nullAble":true,"primaryKey":false,"size":50,"tableName":"OA_YSCJ","type":"VARCHAR2"},{"comment":"文件编号","decimalDigits":0,"length":"50","name":"WH","nullAble":true,"primaryKey":false,"size":50,"tableName":"OA_YSCJ","type":"VARCHAR2"},{"comment":"备注","decimalDigits":0,"length":"2147483647","name":"PUBLIC_BZ","nullAble":true,"primaryKey":false,"size":2147483647,"tableName":"OA_YSCJ","type":"CLOB"},{"comment":"涉密等级","decimalDigits":0,"length":"50","name":"NGDW","nullAble":true,"primaryKey":false,"size":50,"tableName":"OA_YSCJ","type":"VARCHAR2"},{"comment":"涉密岗位","decimalDigits":0,"length":"50","name":"NGR_RANK","nullAble":true,"primaryKey":false,"size":50,"tableName":"OA_YSCJ","type":"VARCHAR2"},{"comment":"主题","decimalDigits":0,"length":"200","name":"ZTC","nullAble":true,"primaryKey":false,"size":200,"tableName":"OA_YSCJ","type":"VARCHAR2"},{"comment":"是否涉密人员","decimalDigits":0,"defaultValue":"1","length":"50","name":"INFO_CATAGORY","nullAble":true,"primaryKey":false,"size":50,"tableName":"OA_YSCJ","type":"VARCHAR2"},{"comment":"是否涉密人员","decimalDigits":0,"length":"50","name":"INFO_CATAGORY_TEXT","nullAble":true,"primaryKey":false,"size":50,"tableName":"OA_YSCJ","type":"VARCHAR2"},{"comment":"我同意","decimalDigits":0,"defaultValue":"1","length":"2","name":"FULL_ELECTRONIC","nullAble":true,"primaryKey":false,"size":2,"tableName":"OA_YSCJ","type":"NUMBER"},{"comment":"我同意","decimalDigits":0,"length":"20","name":"FULL_ELECTRONIC_TEXT","nullAble":true,"primaryKey":false,"size":20,"tableName":"OA_YSCJ","type":"VARCHAR2"},{"comment":"总共天数","decimalDigits":1,"defaultValue":"0","length":"5","name":"LEAVE_DAYS","nullAble":true,"primaryKey":false,"size":5,"tableName":"OA_YSCJ","type":"NUMBER"},{"comment":"工作日天数","decimalDigits":1,"defaultValue":"0","length":"5","name":"LEAVE_WORKDAYS","nullAble":true,"primaryKey":false,"size":5,"tableName":"OA_YSCJ","type":"NUMBER"},{"comment":"扣减年假","decimalDigits":1,"defaultValue":"0","length":"5","name":"DEDUCT_ANNUAL","nullAble":true,"primaryKey":false,"size":5,"tableName":"OA_YSCJ","type":"NUMBER"},{"comment":"扣减调休假","decimalDigits":1,"defaultValue":"0","length":"5","name":"DEDUCT_COMPENSATE","nullAble":true,"primaryKey":false,"size":5,"tableName":"OA_YSCJ","type":"NUMBER"},{"comment":"实际请假天数","decimalDigits":1,"defaultValue":"0","length":"5","name":"ACTUAL_LEAVE_DAYS","nullAble":true,"primaryKey":false,"size":5,"tableName":"OA_YSCJ","type":"NUMBER"},{"comment":"姓名","decimalDigits":0,"length":"50","name":"NAME_TEXT","nullAble":true,"primaryKey":false,"size":50,"tableName":"OA_YSCJ","type":"VARCHAR2"},{"comment":"姓名","decimalDigits":0,"length":"50","name":"NAME_SCHEMA","nullAble":true,"primaryKey":false,"size":50,"tableName":"OA_YSCJ","type":"VARCHAR2"},{"comment":"拟稿人","decimalDigits":0,"length":"50","name":"NGR","nullAble":true,"primaryKey":false,"size":50,"tableName":"OA_YSCJ","type":"VARCHAR2"},{"comment":"拟稿部门","decimalDigits":0,"length":"50","name":"NGBM","nullAble":true,"primaryKey":false,"size":50,"tableName":"OA_YSCJ","type":"VARCHAR2"},{"comment":"拟稿部门","decimalDigits":0,"length":"50","name":"NGBM_TEXT","nullAble":true,"primaryKey":false,"size":50,"tableName":"OA_YSCJ","type":"VARCHAR2"},{"comment":"拟稿人电话","decimalDigits":0,"length":"50","name":"NGTEL","nullAble":true,"primaryKey":false,"size":50,"tableName":"OA_YSCJ","type":"VARCHAR2"},{"comment":"拟稿日期","decimalDigits":0,"name":"NGRQ","nullAble":true,"primaryKey":false,"size":13,"tableName":"OA_YSCJ","type":"DATE"},{"comment":"证照类型","decimalDigits":0,"length":"200","name":"SFLZZLX_VALUE","nullAble":true,"primaryKey":false,"size":200,"tableName":"OA_YSCJ","type":"VARCHAR2"},{"comment":"证照类型","decimalDigits":0,"length":"200","name":"SFLZZLX_TEST","nullAble":true,"primaryKey":false,"size":200,"tableName":"OA_YSCJ","type":"VARCHAR2"},{"comment":"紧急程度","decimalDigits":0,"length":"50","name":"JJCD_TEXT","nullAble":true,"primaryKey":false,"size":50,"tableName":"OA_YSCJ","type":"VARCHAR2"},{"comment":"紧急程度","decimalDigits":0,"defaultValue":"0","length":"2","name":"JJCD","nullAble":true,"primaryKey":false,"size":2,"tableName":"OA_YSCJ","type":"NUMBER"},{"comment":"承诺","decimalDigits":0,"length":"2","name":"SFLCN_VALUE","nullAble":true,"primaryKey":false,"size":2,"tableName":"OA_YSCJ","type":"NUMBER"},{"comment":"承诺","decimalDigits":0,"length":"200","name":"SFLCN_TEST","nullAble":true,"primaryKey":false,"size":200,"tableName":"OA_YSCJ","type":"VARCHAR2"},{"comment":"公开范围","decimalDigits":0,"length":"50","name":"OPEN_SCOPE","nullAble":true,"primaryKey":false,"size":50,"tableName":"OA_YSCJ","type":"VARCHAR2"},{"comment":"公开范围","decimalDigits":0,"length":"50","name":"OPEN_SCOPE_TEXT","nullAble":true,"primaryKey":false,"size":50,"tableName":"OA_YSCJ","type":"VARCHAR2"},{"comment":"是否包含下级","decimalDigits":0,"defaultValue":"-1","length":"2","name":"IS_CASCADE","nullAble":true,"primaryKey":false,"size":2,"tableName":"OA_YSCJ","type":"NUMBER"},{"comment":"是否包含下级","decimalDigits":0,"length":"10","name":"IS_CASCADE_TEXT","nullAble":true,"primaryKey":false,"size":10,"tableName":"OA_YSCJ","type":"VARCHAR2"},{"comment":"承诺","decimalDigits":0,"length":"200","name":"SFLCN_TEXT","nullAble":true,"primaryKey":false,"size":200,"tableName":"OA_YSCJ","type":"VARCHAR2"},{"comment":"承诺","decimalDigits":0,"length":"1000","name":"SFLYSCGCN","nullAble":true,"primaryKey":false,"size":1000,"tableName":"OA_YSCJ","type":"VARCHAR2"},{"comment":"承诺","decimalDigits":0,"length":"1000","name":"SFLYSCGCN_TEXT","nullAble":true,"primaryKey":false,"size":1000,"tableName":"OA_YSCJ","type":"VARCHAR2"},{"comment":"销假开始日期","decimalDigits":0,"name":"REPORT_START_TIME","nullAble":true,"primaryKey":false,"size":13,"tableName":"OA_YSCJ","type":"DATE"},{"comment":"销假结束日期","decimalDigits":0,"name":"REPORT_END_TIME","nullAble":true,"primaryKey":false,"size":13,"tableName":"OA_YSCJ","type":"DATE"},{"comment":"销假结束日期","decimalDigits":0,"length":"50","name":"COUNTRY_TEXT","nullAble":true,"primaryKey":false,"size":50,"tableName":"OA_YSCJ","type":"VARCHAR2"},{"comment":"销假天数","decimalDigits":1,"length":"5","name":"REPORT_DAYS","nullAble":true,"primaryKey":false,"size":5,"tableName":"OA_YSCJ","type":"NUMBER"},{"comment":"销假状态","decimalDigits":0,"length":"20","name":"REPORT_STATUS_TEXT","nullAble":true,"primaryKey":false,"size":20,"tableName":"OA_YSCJ","type":"VARCHAR2"},{"comment":"销假状态","decimalDigits":0,"defaultValue":"-1","length":"2","name":"REPORT_STATUS","nullAble":true,"primaryKey":false,"size":2,"tableName":"OA_YSCJ","type":"NUMBER"},{"comment":"销假开始时段","decimalDigits":0,"length":"20","name":"REPORT_START_PERIOD_TEXT","nullAble":true,"primaryKey":false,"size":20,"tableName":"OA_YSCJ","type":"VARCHAR2"},{"comment":"销假开始时段","decimalDigits":0,"length":"2","name":"REPORT_START_PERIOD","nullAble":true,"primaryKey":false,"size":2,"tableName":"OA_YSCJ","type":"NUMBER"},{"comment":"销假结束时段","decimalDigits":0,"length":"20","name":"REPORT_END_PERIOD_TEXT","nullAble":true,"primaryKey":false,"size":20,"tableName":"OA_YSCJ","type":"VARCHAR2"},{"comment":"销假结束时段","decimalDigits":0,"length":"2","name":"REPORT_END_PERIOD","nullAble":true,"primaryKey":false,"size":2,"tableName":"OA_YSCJ","type":"NUMBER"}]},"OA_YSCJ_TXRY":{"columns":[{"comment":"主键","decimalDigits":0,"length":"50","name":"ID","nullAble":false,"primaryKey":true,"size":50,"tableName":"OA_YSCJ_TXRY","type":"VARCHAR2"},{"comment":"远程接收原文件ID","decimalDigits":0,"length":"50","name":"REMOTE_ID","nullAble":true,"primaryKey":false,"size":50,"tableName":"OA_YSCJ_TXRY","type":"VARCHAR2"},{"comment":"文件转换原文件ID","decimalDigits":0,"length":"50","name":"SOURCE_ID","nullAble":true,"primaryKey":false,"size":50,"tableName":"OA_YSCJ_TXRY","type":"VARCHAR2"},{"comment":"模块ID","decimalDigits":0,"length":"50","name":"MODULE_ID","nullAble":true,"primaryKey":false,"size":50,"tableName":"OA_YSCJ_TXRY","type":"VARCHAR2"},{"comment":"模块名称","decimalDigits":0,"length":"50","name":"MODULE_NAME","nullAble":true,"primaryKey":false,"size":50,"tableName":"OA_YSCJ_TXRY","type":"VARCHAR2"},{"comment":"流程模板ID","decimalDigits":0,"length":"50","name":"FLOW_ID","nullAble":true,"primaryKey":false,"size":50,"tableName":"OA_YSCJ_TXRY","type":"VARCHAR2"},{"comment":"流程实例ID","decimalDigits":0,"length":"50","name":"PID","nullAble":true,"primaryKey":false,"size":50,"tableName":"OA_YSCJ_TXRY","type":"VARCHAR2"},{"comment":"默认表单ID","decimalDigits":0,"length":"50","name":"FORM_ID","nullAble":true,"primaryKey":false,"size":50,"tableName":"OA_YSCJ_TXRY","type":"VARCHAR2"},{"comment":"文件状态","decimalDigits":0,"defaultValue":"0","length":"2","name":"STATUS","nullAble":true,"primaryKey":false,"size":2,"tableName":"OA_YSCJ_TXRY","type":"NUMBER"},{"comment":"文件状态","decimalDigits":0,"length":"50","name":"STATUS_TEXT","nullAble":true,"primaryKey":false,"size":50,"tableName":"OA_YSCJ_TXRY","type":"VARCHAR2"},{"comment":"创建人ID","decimalDigits":0,"length":"50","name":"CREATE_USERID","nullAble":true,"primaryKey":false,"size":50,"tableName":"OA_YSCJ_TXRY","type":"VARCHAR2"},{"comment":"创建人姓名","decimalDigits":0,"length":"50","name":"CREATE_UNAME","nullAble":true,"primaryKey":false,"size":50,"tableName":"OA_YSCJ_TXRY","type":"VARCHAR2"},{"comment":"创建部门ID","decimalDigits":0,"length":"50","name":"CREATE_DEPTID","nullAble":true,"primaryKey":false,"size":50,"tableName":"OA_YSCJ_TXRY","type":"VARCHAR2"},{"comment":"创建机构ID","decimalDigits":0,"length":"50","name":"CREATE_UNITID","nullAble":true,"primaryKey":false,"size":50,"tableName":"OA_YSCJ_TXRY","type":"VARCHAR2"},{"comment":"创建时间","decimalDigits":6,"length":"39","name":"CREATE_TIME","nullAble":true,"primaryKey":false,"size":39,"tableName":"OA_YSCJ_TXRY","type":"TIMESTAMP"},{"comment":"最后修改人ID","decimalDigits":0,"length":"50","name":"LASTUPDATE_USERID","nullAble":true,"primaryKey":false,"size":50,"tableName":"OA_YSCJ_TXRY","type":"VARCHAR2"},{"comment":"最后修改人姓名","decimalDigits":0,"length":"50","name":"LASTUPDATE_UNAME","nullAble":true,"primaryKey":false,"size":50,"tableName":"OA_YSCJ_TXRY","type":"VARCHAR2"},{"comment":"最后修改部门ID","decimalDigits":0,"length":"50","name":"LASTUPDATE_DEPTID","nullAble":true,"primaryKey":false,"size":50,"tableName":"OA_YSCJ_TXRY","type":"VARCHAR2"},{"comment":"最后修改机构ID","decimalDigits":0,"length":"50","name":"LASTUPDATE_UNITID","nullAble":true,"primaryKey":false,"size":50,"tableName":"OA_YSCJ_TXRY","type":"VARCHAR2"},{"comment":"最后修改时间","decimalDigits":6,"length":"39","name":"LASTUPDATE_TIME","nullAble":true,"primaryKey":false,"size":39,"tableName":"OA_YSCJ_TXRY","type":"TIMESTAMP"},{"comment":"版本","decimalDigits":0,"defaultValue":"1","length":"9","name":"INFO_VERSION","nullAble":true,"primaryKey":false,"size":9,"tableName":"OA_YSCJ_TXRY","type":"NUMBER"},{"comment":"删除标识","decimalDigits":0,"defaultValue":"1","length":"2","name":"ROWSTATE","nullAble":true,"primaryKey":false,"size":2,"tableName":"OA_YSCJ_TXRY","type":"NUMBER"},{"comment":"当前处理人员姓名","decimalDigits":0,"length":"2147483647","name":"HANDLE_USERS_ID","nullAble":true,"primaryKey":false,"size":2147483647,"tableName":"OA_YSCJ_TXRY","type":"CLOB"},{"comment":"当前处理人员姓名","decimalDigits":0,"length":"2147483647","name":"HANDLE_USERS","nullAble":true,"primaryKey":false,"size":2147483647,"tableName":"OA_YSCJ_TXRY","type":"CLOB"},{"comment":"当前处理人员姓名","decimalDigits":0,"length":"2147483647","name":"HANDLE_USERS_SCHEMA","nullAble":true,"primaryKey":false,"size":2147483647,"tableName":"OA_YSCJ_TXRY","type":"CLOB"},{"comment":"创建部门名称","decimalDigits":0,"length":"50","name":"CREATE_DEPTNAME","nullAble":true,"primaryKey":false,"size":50,"tableName":"OA_YSCJ_TXRY","type":"VARCHAR2"},{"comment":"创建机构名称","decimalDigits":0,"length":"50","name":"CREATE_UNITNAME","nullAble":true,"primaryKey":false,"size":50,"tableName":"OA_YSCJ_TXRY","type":"VARCHAR2"},{"comment":"最后修改部门名称","decimalDigits":0,"length":"50","name":"LASTUPDATE_DEPTNAME","nullAble":true,"primaryKey":false,"size":50,"tableName":"OA_YSCJ_TXRY","type":"VARCHAR2"},{"comment":"最后修改机构名称","decimalDigits":0,"length":"50","name":"LASTUPDATE_UNITNAME","nullAble":true,"primaryKey":false,"size":50,"tableName":"OA_YSCJ_TXRY","type":"VARCHAR2"},{"comment":"附件数量","decimalDigits":0,"defaultValue":"0","length":"5","name":"ATTACH_COUNT","nullAble":true,"primaryKey":false,"size":5,"tableName":"OA_YSCJ_TXRY","type":"NUMBER"},{"comment":"文件所属人ID","decimalDigits":0,"length":"50","name":"USER_ID","nullAble":true,"primaryKey":false,"size":50,"tableName":"OA_YSCJ_TXRY","type":"VARCHAR2"},{"comment":"文件所属人姓名","decimalDigits":0,"length":"50","name":"USER_NAME","nullAble":true,"primaryKey":false,"size":50,"tableName":"OA_YSCJ_TXRY","type":"VARCHAR2"},{"comment":"父文件ID","decimalDigits":0,"length":"50","name":"FID","nullAble":true,"primaryKey":false,"size":50,"tableName":"OA_YSCJ_TXRY","type":"VARCHAR2"},{"comment":"排列顺序","decimalDigits":0,"defaultValue":"1","length":"9","name":"SHOWORDER","nullAble":true,"primaryKey":false,"size":9,"tableName":"OA_YSCJ_TXRY","type":"NUMBER"},{"comment":"MD5校验码","decimalDigits":0,"length":"50","name":"MD5CODE","nullAble":true,"primaryKey":false,"size":50,"tableName":"OA_YSCJ_TXRY","type":"VARCHAR2"},{"comment":"一级部门ID","decimalDigits":0,"length":"50","name":"ORGID_LV1","nullAble":true,"primaryKey":false,"size":50,"tableName":"OA_YSCJ_TXRY","type":"VARCHAR2"},{"comment":"二级部门ID","decimalDigits":0,"length":"50","name":"ORGID_LV2","nullAble":true,"primaryKey":false,"size":50,"tableName":"OA_YSCJ_TXRY","type":"VARCHAR2"},{"comment":"三级部门ID","decimalDigits":0,"length":"50","name":"ORGID_LV3","nullAble":true,"primaryKey":false,"size":50,"tableName":"OA_YSCJ_TXRY","type":"VARCHAR2"},{"comment":"四级部门ID","decimalDigits":0,"length":"50","name":"ORGID_LV4","nullAble":true,"primaryKey":false,"size":50,"tableName":"OA_YSCJ_TXRY","type":"VARCHAR2"},{"comment":"五级部门ID","decimalDigits":0,"length":"50","name":"ORGID_LV5","nullAble":true,"primaryKey":false,"size":50,"tableName":"OA_YSCJ_TXRY","type":"VARCHAR2"},{"comment":"当前处理节点名称","decimalDigits":0,"length":"2147483647","name":"HANDLE_NODENAME","nullAble":true,"primaryKey":false,"size":2147483647,"tableName":"OA_YSCJ_TXRY","type":"CLOB"},{"comment":"当前处理阶段名称","decimalDigits":0,"length":"50","name":"HANDLE_STAGENAME","nullAble":true,"primaryKey":false,"size":50,"tableName":"OA_YSCJ_TXRY","type":"VARCHAR2"},{"comment":"一级部门名称","decimalDigits":0,"length":"40","name":"ORGNAME_LV1","nullAble":true,"primaryKey":false,"size":40,"tableName":"OA_YSCJ_TXRY","type":"VARCHAR2"},{"comment":"暂存状态","decimalDigits":0,"defaultValue":"1","length":"2","name":"TEMPSTATUS","nullAble":true,"primaryKey":false,"size":2,"tableName":"OA_YSCJ_TXRY","type":"NUMBER"},{"comment":"是否发起阅文","decimalDigits":0,"defaultValue":"0","length":"2","name":"IS_DISTRIBED","nullAble":true,"primaryKey":false,"size":2,"tableName":"OA_YSCJ_TXRY","type":"NUMBER"},{"comment":"是否已签发","decimalDigits":0,"defaultValue":"0","length":"2","name":"IS_LEADER_SIGN","nullAble":true,"primaryKey":false,"size":2,"tableName":"OA_YSCJ_TXRY","type":"NUMBER"},{"comment":"是否领导批示","decimalDigits":0,"defaultValue":"0","length":"2","name":"IS_LEADER_OPINION","nullAble":true,"primaryKey":false,"size":2,"tableName":"OA_YSCJ_TXRY","type":"NUMBER"},{"comment":"原件当前持有人ID","decimalDigits":0,"length":"100","name":"HANDLE_ORIGINAL_USER_ID","nullAble":true,"primaryKey":false,"size":100,"tableName":"OA_YSCJ_TXRY","type":"VARCHAR2"},{"comment":"原件当前持有人姓名","decimalDigits":0,"length":"100","name":"HANDLE_ORIGINAL_USER_NAME","nullAble":true,"primaryKey":false,"size":100,"tableName":"OA_YSCJ_TXRY","type":"VARCHAR2"},{"comment":"并文数量","decimalDigits":0,"defaultValue":"0","length":"2","name":"UNIONFILES","nullAble":true,"primaryKey":false,"size":2,"tableName":"OA_YSCJ_TXRY","type":"NUMBER"},{"comment":"并文父ID","decimalDigits":0,"length":"50","name":"UNIONFID","nullAble":true,"primaryKey":false,"size":50,"tableName":"OA_YSCJ_TXRY","type":"VARCHAR2"},{"comment":"与本人关系","decimalDigits":0,"length":"50","name":"YBRGX","nullAble":true,"primaryKey":false,"size":50,"tableName":"OA_YSCJ_TXRY","type":"VARCHAR2"},{"comment":"姓名","decimalDigits":0,"length":"50","name":"NAME","nullAble":true,"primaryKey":false,"size":50,"tableName":"OA_YSCJ_TXRY","type":"VARCHAR2"},{"comment":"年龄","decimalDigits":0,"length":"20","name":"AGE","nullAble":true,"primaryKey":false,"size":20,"tableName":"OA_YSCJ_TXRY","type":"VARCHAR2"},{"comment":"政治面貌","decimalDigits":0,"length":"50","name":"ZZMM","nullAble":true,"primaryKey":false,"size":50,"tableName":"OA_YSCJ_TXRY","type":"VARCHAR2"},{"comment":"工作单位、职务及居住地","decimalDigits":0,"length":"200","name":"GZDW","nullAble":true,"primaryKey":false,"size":200,"tableName":"OA_YSCJ_TXRY","type":"VARCHAR2"}]},"OA_YSCJ_HGBG":{"columns":[{"comment":"主键","decimalDigits":0,"length":"50","name":"ID","nullAble":false,"primaryKey":true,"size":50,"tableName":"OA_YSCJ_HGBG","type":"VARCHAR2"},{"comment":"远程接收原文件ID","decimalDigits":0,"length":"50","name":"REMOTE_ID","nullAble":true,"primaryKey":false,"size":50,"tableName":"OA_YSCJ_HGBG","type":"VARCHAR2"},{"comment":"文件转换原文件ID","decimalDigits":0,"length":"50","name":"SOURCE_ID","nullAble":true,"primaryKey":false,"size":50,"tableName":"OA_YSCJ_HGBG","type":"VARCHAR2"},{"comment":"模块ID","decimalDigits":0,"length":"50","name":"MODULE_ID","nullAble":true,"primaryKey":false,"size":50,"tableName":"OA_YSCJ_HGBG","type":"VARCHAR2"},{"comment":"模块名称","decimalDigits":0,"length":"50","name":"MODULE_NAME","nullAble":true,"primaryKey":false,"size":50,"tableName":"OA_YSCJ_HGBG","type":"VARCHAR2"},{"comment":"流程模板ID","decimalDigits":0,"length":"50","name":"FLOW_ID","nullAble":true,"primaryKey":false,"size":50,"tableName":"OA_YSCJ_HGBG","type":"VARCHAR2"},{"comment":"流程实例ID","decimalDigits":0,"length":"50","name":"PID","nullAble":true,"primaryKey":false,"size":50,"tableName":"OA_YSCJ_HGBG","type":"VARCHAR2"},{"comment":"默认表单ID","decimalDigits":0,"length":"50","name":"FORM_ID","nullAble":true,"primaryKey":false,"size":50,"tableName":"OA_YSCJ_HGBG","type":"VARCHAR2"},{"comment":"文件状态","decimalDigits":0,"defaultValue":"0","length":"2","name":"STATUS","nullAble":true,"primaryKey":false,"size":2,"tableName":"OA_YSCJ_HGBG","type":"NUMBER"},{"comment":"文件状态","decimalDigits":0,"length":"50","name":"STATUS_TEXT","nullAble":true,"primaryKey":false,"size":50,"tableName":"OA_YSCJ_HGBG","type":"VARCHAR2"},{"comment":"创建人ID","decimalDigits":0,"length":"50","name":"CREATE_USERID","nullAble":true,"primaryKey":false,"size":50,"tableName":"OA_YSCJ_HGBG","type":"VARCHAR2"},{"comment":"创建人姓名","decimalDigits":0,"length":"50","name":"CREATE_UNAME","nullAble":true,"primaryKey":false,"size":50,"tableName":"OA_YSCJ_HGBG","type":"VARCHAR2"},{"comment":"创建部门ID","decimalDigits":0,"length":"50","name":"CREATE_DEPTID","nullAble":true,"primaryKey":false,"size":50,"tableName":"OA_YSCJ_HGBG","type":"VARCHAR2"},{"comment":"创建机构ID","decimalDigits":0,"length":"50","name":"CREATE_UNITID","nullAble":true,"primaryKey":false,"size":50,"tableName":"OA_YSCJ_HGBG","type":"VARCHAR2"},{"comment":"创建时间","decimalDigits":6,"length":"39","name":"CREATE_TIME","nullAble":true,"primaryKey":false,"size":39,"tableName":"OA_YSCJ_HGBG","type":"TIMESTAMP"},{"comment":"最后修改人ID","decimalDigits":0,"length":"50","name":"LASTUPDATE_USERID","nullAble":true,"primaryKey":false,"size":50,"tableName":"OA_YSCJ_HGBG","type":"VARCHAR2"},{"comment":"最后修改人姓名","decimalDigits":0,"length":"50","name":"LASTUPDATE_UNAME","nullAble":true,"primaryKey":false,"size":50,"tableName":"OA_YSCJ_HGBG","type":"VARCHAR2"},{"comment":"最后修改部门ID","decimalDigits":0,"length":"50","name":"LASTUPDATE_DEPTID","nullAble":true,"primaryKey":false,"size":50,"tableName":"OA_YSCJ_HGBG","type":"VARCHAR2"},{"comment":"最后修改机构ID","decimalDigits":0,"length":"50","name":"LASTUPDATE_UNITID","nullAble":true,"primaryKey":false,"size":50,"tableName":"OA_YSCJ_HGBG","type":"VARCHAR2"},{"comment":"最后修改时间","decimalDigits":6,"length":"39","name":"LASTUPDATE_TIME","nullAble":true,"primaryKey":false,"size":39,"tableName":"OA_YSCJ_HGBG","type":"TIMESTAMP"},{"comment":"版本","decimalDigits":0,"defaultValue":"1","length":"9","name":"INFO_VERSION","nullAble":true,"primaryKey":false,"size":9,"tableName":"OA_YSCJ_HGBG","type":"NUMBER"},{"comment":"删除标识","decimalDigits":0,"defaultValue":"1","length":"2","name":"ROWSTATE","nullAble":true,"primaryKey":false,"size":2,"tableName":"OA_YSCJ_HGBG","type":"NUMBER"},{"comment":"当前处理人员姓名","decimalDigits":0,"length":"2147483647","name":"HANDLE_USERS_ID","nullAble":true,"primaryKey":false,"size":2147483647,"tableName":"OA_YSCJ_HGBG","type":"CLOB"},{"comment":"当前处理人员姓名","decimalDigits":0,"length":"2147483647","name":"HANDLE_USERS","nullAble":true,"primaryKey":false,"size":2147483647,"tableName":"OA_YSCJ_HGBG","type":"CLOB"},{"comment":"当前处理人员姓名","decimalDigits":0,"length":"2147483647","name":"HANDLE_USERS_SCHEMA","nullAble":true,"primaryKey":false,"size":2147483647,"tableName":"OA_YSCJ_HGBG","type":"CLOB"},{"comment":"创建部门名称","decimalDigits":0,"length":"50","name":"CREATE_DEPTNAME","nullAble":true,"primaryKey":false,"size":50,"tableName":"OA_YSCJ_HGBG","type":"VARCHAR2"},{"comment":"创建机构名称","decimalDigits":0,"length":"50","name":"CREATE_UNITNAME","nullAble":true,"primaryKey":false,"size":50,"tableName":"OA_YSCJ_HGBG","type":"VARCHAR2"},{"comment":"最后修改部门名称","decimalDigits":0,"length":"50","name":"LASTUPDATE_DEPTNAME","nullAble":true,"primaryKey":false,"size":50,"tableName":"OA_YSCJ_HGBG","type":"VARCHAR2"},{"comment":"最后修改机构名称","decimalDigits":0,"length":"50","name":"LASTUPDATE_UNITNAME","nullAble":true,"primaryKey":false,"size":50,"tableName":"OA_YSCJ_HGBG","type":"VARCHAR2"},{"comment":"附件数量","decimalDigits":0,"defaultValue":"0","length":"5","name":"ATTACH_COUNT","nullAble":true,"primaryKey":false,"size":5,"tableName":"OA_YSCJ_HGBG","type":"NUMBER"},{"comment":"文件所属人ID","decimalDigits":0,"length":"50","name":"USER_ID","nullAble":true,"primaryKey":false,"size":50,"tableName":"OA_YSCJ_HGBG","type":"VARCHAR2"},{"comment":"文件所属人姓名","decimalDigits":0,"length":"50","name":"USER_NAME","nullAble":true,"primaryKey":false,"size":50,"tableName":"OA_YSCJ_HGBG","type":"VARCHAR2"},{"comment":"父文件ID","decimalDigits":0,"length":"50","name":"FID","nullAble":true,"primaryKey":false,"size":50,"tableName":"OA_YSCJ_HGBG","type":"VARCHAR2"},{"comment":"排列顺序","decimalDigits":0,"defaultValue":"1","length":"9","name":"SHOWORDER","nullAble":true,"primaryKey":false,"size":9,"tableName":"OA_YSCJ_HGBG","type":"NUMBER"},{"comment":"MD5校验码","decimalDigits":0,"length":"50","name":"MD5CODE","nullAble":true,"primaryKey":false,"size":50,"tableName":"OA_YSCJ_HGBG","type":"VARCHAR2"},{"comment":"一级部门ID","decimalDigits":0,"length":"50","name":"ORGID_LV1","nullAble":true,"primaryKey":false,"size":50,"tableName":"OA_YSCJ_HGBG","type":"VARCHAR2"},{"comment":"二级部门ID","decimalDigits":0,"length":"50","name":"ORGID_LV2","nullAble":true,"primaryKey":false,"size":50,"tableName":"OA_YSCJ_HGBG","type":"VARCHAR2"},{"comment":"三级部门ID","decimalDigits":0,"length":"50","name":"ORGID_LV3","nullAble":true,"primaryKey":false,"size":50,"tableName":"OA_YSCJ_HGBG","type":"VARCHAR2"},{"comment":"四级部门ID","decimalDigits":0,"length":"50","name":"ORGID_LV4","nullAble":true,"primaryKey":false,"size":50,"tableName":"OA_YSCJ_HGBG","type":"VARCHAR2"},{"comment":"五级部门ID","decimalDigits":0,"length":"50","name":"ORGID_LV5","nullAble":true,"primaryKey":false,"size":50,"tableName":"OA_YSCJ_HGBG","type":"VARCHAR2"},{"comment":"当前处理节点名称","decimalDigits":0,"length":"2147483647","name":"HANDLE_NODENAME","nullAble":true,"primaryKey":false,"size":2147483647,"tableName":"OA_YSCJ_HGBG","type":"CLOB"},{"comment":"当前处理阶段名称","decimalDigits":0,"length":"50","name":"HANDLE_STAGENAME","nullAble":true,"primaryKey":false,"size":50,"tableName":"OA_YSCJ_HGBG","type":"VARCHAR2"},{"comment":"一级部门名称","decimalDigits":0,"length":"40","name":"ORGNAME_LV1","nullAble":true,"primaryKey":false,"size":40,"tableName":"OA_YSCJ_HGBG","type":"VARCHAR2"},{"comment":"暂存状态","decimalDigits":0,"defaultValue":"1","length":"2","name":"TEMPSTATUS","nullAble":true,"primaryKey":false,"size":2,"tableName":"OA_YSCJ_HGBG","type":"NUMBER"},{"comment":"是否发起阅文","decimalDigits":0,"defaultValue":"0","length":"2","name":"IS_DISTRIBED","nullAble":true,"primaryKey":false,"size":2,"tableName":"OA_YSCJ_HGBG","type":"NUMBER"},{"comment":"是否已签发","decimalDigits":0,"defaultValue":"0","length":"2","name":"IS_LEADER_SIGN","nullAble":true,"primaryKey":false,"size":2,"tableName":"OA_YSCJ_HGBG","type":"NUMBER"},{"comment":"是否领导批示","decimalDigits":0,"defaultValue":"0","length":"2","name":"IS_LEADER_OPINION","nullAble":true,"primaryKey":false,"size":2,"tableName":"OA_YSCJ_HGBG","type":"NUMBER"},{"comment":"原件当前持有人ID","decimalDigits":0,"length":"100","name":"HANDLE_ORIGINAL_USER_ID","nullAble":true,"primaryKey":false,"size":100,"tableName":"OA_YSCJ_HGBG","type":"VARCHAR2"},{"comment":"原件当前持有人姓名","decimalDigits":0,"length":"100","name":"HANDLE_ORIGINAL_USER_NAME","nullAble":true,"primaryKey":false,"size":100,"tableName":"OA_YSCJ_HGBG","type":"VARCHAR2"},{"comment":"并文数量","decimalDigits":0,"defaultValue":"0","length":"2","name":"UNIONFILES","nullAble":true,"primaryKey":false,"size":2,"tableName":"OA_YSCJ_HGBG","type":"NUMBER"},{"comment":"并文父ID","decimalDigits":0,"length":"50","name":"UNIONFID","nullAble":true,"primaryKey":false,"size":50,"tableName":"OA_YSCJ_HGBG","type":"VARCHAR2"},{"comment":"出国（境）具体时间，去往国家","decimalDigits":0,"length":"2147483647","name":"QWGJ","nullAble":true,"primaryKey":false,"size":2147483647,"tableName":"OA_YSCJ_HGBG","type":"CLOB"},{"comment":"出国（境）具体情况","decimalDigits":0,"length":"2147483647","name":"JTQK","nullAble":true,"primaryKey":false,"size":2147483647,"tableName":"OA_YSCJ_HGBG","type":"CLOB"},{"comment":"是否遭受利诱、胁迫、渗透、策反等情形","decimalDigits":0,"length":"2147483647","name":"SFZSLY","nullAble":true,"primaryKey":false,"size":2147483647,"tableName":"OA_YSCJ_HGBG","type":"CLOB"},{"comment":"其他需要说明的情况","decimalDigits":0,"length":"2147483647","name":"QTQK","nullAble":true,"primaryKey":false,"size":2147483647,"tableName":"OA_YSCJ_HGBG","type":"CLOB"}]}}