{"OA_YSCJ_HGBG":{"columns":[{"comment":"主键","decimalDigits":0,"length":"50","name":"ID","nullAble":false,"primaryKey":true,"size":50,"tableName":"OA_YSCJ_HGBG","type":"VARCHAR2"},{"comment":"远程接收原文件ID","decimalDigits":0,"length":"50","name":"REMOTE_ID","nullAble":true,"primaryKey":false,"size":50,"tableName":"OA_YSCJ_HGBG","type":"VARCHAR2"},{"comment":"文件转换原文件ID","decimalDigits":0,"length":"50","name":"SOURCE_ID","nullAble":true,"primaryKey":false,"size":50,"tableName":"OA_YSCJ_HGBG","type":"VARCHAR2"},{"comment":"模块ID","decimalDigits":0,"length":"50","name":"MODULE_ID","nullAble":true,"primaryKey":false,"size":50,"tableName":"OA_YSCJ_HGBG","type":"VARCHAR2"},{"comment":"模块名称","decimalDigits":0,"length":"50","name":"MODULE_NAME","nullAble":true,"primaryKey":false,"size":50,"tableName":"OA_YSCJ_HGBG","type":"VARCHAR2"},{"comment":"流程模板ID","decimalDigits":0,"length":"50","name":"FLOW_ID","nullAble":true,"primaryKey":false,"size":50,"tableName":"OA_YSCJ_HGBG","type":"VARCHAR2"},{"comment":"流程实例ID","decimalDigits":0,"length":"50","name":"PID","nullAble":true,"primaryKey":false,"size":50,"tableName":"OA_YSCJ_HGBG","type":"VARCHAR2"},{"comment":"默认表单ID","decimalDigits":0,"length":"50","name":"FORM_ID","nullAble":true,"primaryKey":false,"size":50,"tableName":"OA_YSCJ_HGBG","type":"VARCHAR2"},{"comment":"文件状态","decimalDigits":0,"defaultValue":"0","length":"2","name":"STATUS","nullAble":true,"primaryKey":false,"size":2,"tableName":"OA_YSCJ_HGBG","type":"NUMBER"},{"comment":"文件状态","decimalDigits":0,"length":"50","name":"STATUS_TEXT","nullAble":true,"primaryKey":false,"size":50,"tableName":"OA_YSCJ_HGBG","type":"VARCHAR2"},{"comment":"创建人ID","decimalDigits":0,"length":"50","name":"CREATE_USERID","nullAble":true,"primaryKey":false,"size":50,"tableName":"OA_YSCJ_HGBG","type":"VARCHAR2"},{"comment":"创建人姓名","decimalDigits":0,"length":"50","name":"CREATE_UNAME","nullAble":true,"primaryKey":false,"size":50,"tableName":"OA_YSCJ_HGBG","type":"VARCHAR2"},{"comment":"创建部门ID","decimalDigits":0,"length":"50","name":"CREATE_DEPTID","nullAble":true,"primaryKey":false,"size":50,"tableName":"OA_YSCJ_HGBG","type":"VARCHAR2"},{"comment":"创建机构ID","decimalDigits":0,"length":"50","name":"CREATE_UNITID","nullAble":true,"primaryKey":false,"size":50,"tableName":"OA_YSCJ_HGBG","type":"VARCHAR2"},{"comment":"创建时间","decimalDigits":6,"length":"39","name":"CREATE_TIME","nullAble":true,"primaryKey":false,"size":39,"tableName":"OA_YSCJ_HGBG","type":"TIMESTAMP"},{"comment":"最后修改人ID","decimalDigits":0,"length":"50","name":"LASTUPDATE_USERID","nullAble":true,"primaryKey":false,"size":50,"tableName":"OA_YSCJ_HGBG","type":"VARCHAR2"},{"comment":"最后修改人姓名","decimalDigits":0,"length":"50","name":"LASTUPDATE_UNAME","nullAble":true,"primaryKey":false,"size":50,"tableName":"OA_YSCJ_HGBG","type":"VARCHAR2"},{"comment":"最后修改部门ID","decimalDigits":0,"length":"50","name":"LASTUPDATE_DEPTID","nullAble":true,"primaryKey":false,"size":50,"tableName":"OA_YSCJ_HGBG","type":"VARCHAR2"},{"comment":"最后修改机构ID","decimalDigits":0,"length":"50","name":"LASTUPDATE_UNITID","nullAble":true,"primaryKey":false,"size":50,"tableName":"OA_YSCJ_HGBG","type":"VARCHAR2"},{"comment":"最后修改时间","decimalDigits":6,"length":"39","name":"LASTUPDATE_TIME","nullAble":true,"primaryKey":false,"size":39,"tableName":"OA_YSCJ_HGBG","type":"TIMESTAMP"},{"comment":"版本","decimalDigits":0,"defaultValue":"1","length":"9","name":"INFO_VERSION","nullAble":true,"primaryKey":false,"size":9,"tableName":"OA_YSCJ_HGBG","type":"NUMBER"},{"comment":"删除标识","decimalDigits":0,"defaultValue":"1","length":"2","name":"ROWSTATE","nullAble":true,"primaryKey":false,"size":2,"tableName":"OA_YSCJ_HGBG","type":"NUMBER"},{"comment":"当前处理人员姓名","decimalDigits":0,"length":"2147483647","name":"HANDLE_USERS_ID","nullAble":true,"primaryKey":false,"size":2147483647,"tableName":"OA_YSCJ_HGBG","type":"CLOB"},{"comment":"当前处理人员姓名","decimalDigits":0,"length":"2147483647","name":"HANDLE_USERS","nullAble":true,"primaryKey":false,"size":2147483647,"tableName":"OA_YSCJ_HGBG","type":"CLOB"},{"comment":"当前处理人员姓名","decimalDigits":0,"length":"2147483647","name":"HANDLE_USERS_SCHEMA","nullAble":true,"primaryKey":false,"size":2147483647,"tableName":"OA_YSCJ_HGBG","type":"CLOB"},{"comment":"创建部门名称","decimalDigits":0,"length":"50","name":"CREATE_DEPTNAME","nullAble":true,"primaryKey":false,"size":50,"tableName":"OA_YSCJ_HGBG","type":"VARCHAR2"},{"comment":"创建机构名称","decimalDigits":0,"length":"50","name":"CREATE_UNITNAME","nullAble":true,"primaryKey":false,"size":50,"tableName":"OA_YSCJ_HGBG","type":"VARCHAR2"},{"comment":"最后修改部门名称","decimalDigits":0,"length":"50","name":"LASTUPDATE_DEPTNAME","nullAble":true,"primaryKey":false,"size":50,"tableName":"OA_YSCJ_HGBG","type":"VARCHAR2"},{"comment":"最后修改机构名称","decimalDigits":0,"length":"50","name":"LASTUPDATE_UNITNAME","nullAble":true,"primaryKey":false,"size":50,"tableName":"OA_YSCJ_HGBG","type":"VARCHAR2"},{"comment":"附件数量","decimalDigits":0,"defaultValue":"0","length":"5","name":"ATTACH_COUNT","nullAble":true,"primaryKey":false,"size":5,"tableName":"OA_YSCJ_HGBG","type":"NUMBER"},{"comment":"文件所属人ID","decimalDigits":0,"length":"50","name":"USER_ID","nullAble":true,"primaryKey":false,"size":50,"tableName":"OA_YSCJ_HGBG","type":"VARCHAR2"},{"comment":"文件所属人姓名","decimalDigits":0,"length":"50","name":"USER_NAME","nullAble":true,"primaryKey":false,"size":50,"tableName":"OA_YSCJ_HGBG","type":"VARCHAR2"},{"comment":"父文件ID","decimalDigits":0,"length":"50","name":"FID","nullAble":true,"primaryKey":false,"size":50,"tableName":"OA_YSCJ_HGBG","type":"VARCHAR2"},{"comment":"排列顺序","decimalDigits":0,"defaultValue":"1","length":"9","name":"SHOWORDER","nullAble":true,"primaryKey":false,"size":9,"tableName":"OA_YSCJ_HGBG","type":"NUMBER"},{"comment":"MD5校验码","decimalDigits":0,"length":"50","name":"MD5CODE","nullAble":true,"primaryKey":false,"size":50,"tableName":"OA_YSCJ_HGBG","type":"VARCHAR2"},{"comment":"一级部门ID","decimalDigits":0,"length":"50","name":"ORGID_LV1","nullAble":true,"primaryKey":false,"size":50,"tableName":"OA_YSCJ_HGBG","type":"VARCHAR2"},{"comment":"二级部门ID","decimalDigits":0,"length":"50","name":"ORGID_LV2","nullAble":true,"primaryKey":false,"size":50,"tableName":"OA_YSCJ_HGBG","type":"VARCHAR2"},{"comment":"三级部门ID","decimalDigits":0,"length":"50","name":"ORGID_LV3","nullAble":true,"primaryKey":false,"size":50,"tableName":"OA_YSCJ_HGBG","type":"VARCHAR2"},{"comment":"四级部门ID","decimalDigits":0,"length":"50","name":"ORGID_LV4","nullAble":true,"primaryKey":false,"size":50,"tableName":"OA_YSCJ_HGBG","type":"VARCHAR2"},{"comment":"五级部门ID","decimalDigits":0,"length":"50","name":"ORGID_LV5","nullAble":true,"primaryKey":false,"size":50,"tableName":"OA_YSCJ_HGBG","type":"VARCHAR2"},{"comment":"当前处理节点名称","decimalDigits":0,"length":"2147483647","name":"HANDLE_NODENAME","nullAble":true,"primaryKey":false,"size":2147483647,"tableName":"OA_YSCJ_HGBG","type":"CLOB"},{"comment":"当前处理阶段名称","decimalDigits":0,"length":"50","name":"HANDLE_STAGENAME","nullAble":true,"primaryKey":false,"size":50,"tableName":"OA_YSCJ_HGBG","type":"VARCHAR2"},{"comment":"一级部门名称","decimalDigits":0,"length":"40","name":"ORGNAME_LV1","nullAble":true,"primaryKey":false,"size":40,"tableName":"OA_YSCJ_HGBG","type":"VARCHAR2"},{"comment":"暂存状态","decimalDigits":0,"defaultValue":"1","length":"2","name":"TEMPSTATUS","nullAble":true,"primaryKey":false,"size":2,"tableName":"OA_YSCJ_HGBG","type":"NUMBER"},{"comment":"是否发起阅文","decimalDigits":0,"defaultValue":"0","length":"2","name":"IS_DISTRIBED","nullAble":true,"primaryKey":false,"size":2,"tableName":"OA_YSCJ_HGBG","type":"NUMBER"},{"comment":"是否已签发","decimalDigits":0,"defaultValue":"0","length":"2","name":"IS_LEADER_SIGN","nullAble":true,"primaryKey":false,"size":2,"tableName":"OA_YSCJ_HGBG","type":"NUMBER"},{"comment":"是否领导批示","decimalDigits":0,"defaultValue":"0","length":"2","name":"IS_LEADER_OPINION","nullAble":true,"primaryKey":false,"size":2,"tableName":"OA_YSCJ_HGBG","type":"NUMBER"},{"comment":"原件当前持有人ID","decimalDigits":0,"length":"100","name":"HANDLE_ORIGINAL_USER_ID","nullAble":true,"primaryKey":false,"size":100,"tableName":"OA_YSCJ_HGBG","type":"VARCHAR2"},{"comment":"原件当前持有人姓名","decimalDigits":0,"length":"100","name":"HANDLE_ORIGINAL_USER_NAME","nullAble":true,"primaryKey":false,"size":100,"tableName":"OA_YSCJ_HGBG","type":"VARCHAR2"},{"comment":"并文数量","decimalDigits":0,"defaultValue":"0","length":"2","name":"UNIONFILES","nullAble":true,"primaryKey":false,"size":2,"tableName":"OA_YSCJ_HGBG","type":"NUMBER"},{"comment":"并文父ID","decimalDigits":0,"length":"50","name":"UNIONFID","nullAble":true,"primaryKey":false,"size":50,"tableName":"OA_YSCJ_HGBG","type":"VARCHAR2"},{"comment":"出国（境）具体时间，去往国家","decimalDigits":0,"length":"2147483647","name":"QWGJ","nullAble":true,"primaryKey":false,"size":2147483647,"tableName":"OA_YSCJ_HGBG","type":"CLOB"},{"comment":"出国（境）具体情况","decimalDigits":0,"length":"2147483647","name":"JTQK","nullAble":true,"primaryKey":false,"size":2147483647,"tableName":"OA_YSCJ_HGBG","type":"CLOB"},{"comment":"是否遭受利诱、胁迫、渗透、策反等情形","decimalDigits":0,"length":"2147483647","name":"SFZSLY","nullAble":true,"primaryKey":false,"size":2147483647,"tableName":"OA_YSCJ_HGBG","type":"CLOB"},{"comment":"其他需要说明的情况","decimalDigits":0,"length":"2147483647","name":"QTQK","nullAble":true,"primaryKey":false,"size":2147483647,"tableName":"OA_YSCJ_HGBG","type":"CLOB"}]}}