<G_MODULE>
<Row><ID PrimaryKey='true'><![CDATA[240201092709yDqIqC46A8K6TDa1rkW]]></ID><FID><![CDATA[2402191606145bbNdvV2U1DeijFoHzK]]></FID><MODULE_CODE><![CDATA[HGBG]]></MODULE_CODE><MODULE_NAME><![CDATA[回国报告]]></MODULE_NAME><STEP><![CDATA[1021002500070009]]></STEP><MODULE_TYPE><![CDATA[1]]></MODULE_TYPE><MODULE_TYPE_TEXT><![CDATA[业务模块]]></MODULE_TYPE_TEXT><MODULE_CATALOG><![CDATA[240126154641qbqE7y2zmqkg82QqbNc]]></MODULE_CATALOG><MODULE_CATALOG_TEXT><![CDATA[因私出境_回国报告记录表]]></MODULE_CATALOG_TEXT><ICON><![CDATA[]]></ICON><VERSION><![CDATA[]]></VERSION><STATUS DbType='NUMERIC'><![CDATA[1]]></STATUS><STATUS_TEXT><![CDATA[启用]]></STATUS_TEXT><IS_DIRECTORY DbType='NUMERIC'><![CDATA[-1]]></IS_DIRECTORY><ROWSTATE DbType='NUMERIC'><![CDATA[1]]></ROWSTATE><ALLOW_QUERY DbType='NUMERIC'><![CDATA[1]]></ALLOW_QUERY><ALLOW_QUERY_TEXT><![CDATA[是]]></ALLOW_QUERY_TEXT><IS_PUBLIC DbType='NUMERIC'><![CDATA[1]]></IS_PUBLIC><IS_PUBLIC_TEXT><![CDATA[是]]></IS_PUBLIC_TEXT><USE_UNIT><![CDATA[]]></USE_UNIT><USE_UNIT_TEXT><![CDATA[]]></USE_UNIT_TEXT><USE_UNIT_SCHEMA><![CDATA[]]></USE_UNIT_SCHEMA><UNIT_ID><![CDATA[]]></UNIT_ID><SUPER_MODIFY_POWER><![CDATA[]]></SUPER_MODIFY_POWER><SUPER_POWER_RANGE DbType='NUMERIC'><![CDATA[0]]></SUPER_POWER_RANGE><SUPER_POWER_RANGE_TEXT><![CDATA[无]]></SUPER_POWER_RANGE_TEXT><SHOWORDER DbType='NUMERIC'><![CDATA[9]]></SHOWORDER><REMARK DbType='CLOB'><![CDATA[]]></REMARK><PROJECT_ID><![CDATA[p2433]]></PROJECT_ID><CREATE_USERID><![CDATA[2]]></CREATE_USERID><CREATE_UNAME><![CDATA[系统管理员]]></CREATE_UNAME><CREATE_DEPTID><![CDATA[180505162656YILYYOzw1FnE5OzzNxm]]></CREATE_DEPTID><CREATE_DEPTNAME><![CDATA[上海市]]></CREATE_DEPTNAME><CREATE_UNITID><![CDATA[180505162656YILYYOzw1FnE5OzzNxm]]></CREATE_UNITID><CREATE_UNITNAME><![CDATA[上海市]]></CREATE_UNITNAME><CREATE_TIME DbType='DATE'><![CDATA[2024-02-01 09:27:00.0]]></CREATE_TIME><LASTUPDATE_USERID><![CDATA[2]]></LASTUPDATE_USERID><LASTUPDATE_UNAME><![CDATA[系统管理员]]></LASTUPDATE_UNAME><LASTUPDATE_DEPTID><![CDATA[180505162656YILYYOzw1FnE5OzzNxm]]></LASTUPDATE_DEPTID><LASTUPDATE_DEPTNAME><![CDATA[上海市]]></LASTUPDATE_DEPTNAME><LASTUPDATE_UNITID><![CDATA[180505162656YILYYOzw1FnE5OzzNxm]]></LASTUPDATE_UNITID><LASTUPDATE_UNITNAME><![CDATA[上海市]]></LASTUPDATE_UNITNAME><LASTUPDATE_TIME DbType='DATE'><![CDATA[2024-02-01 09:27:50.0]]></LASTUPDATE_TIME><SUPER_MODIFY_POWER_TEXT><![CDATA[]]></SUPER_MODIFY_POWER_TEXT><DESCRIBE DbType='CLOB'><![CDATA[]]></DESCRIBE><SCORE DbType='NUMERIC'><![CDATA[0]]></SCORE><PUBLISH_STATUS DbType='NUMERIC'><![CDATA[]]></PUBLISH_STATUS><PUBLISH_DATE DbType='DATE'><![CDATA[]]></PUBLISH_DATE><IS_RECOMMEND DbType='NUMERIC'><![CDATA[-1]]></IS_RECOMMEND><IS_RECOMMEND_TEXT><![CDATA[]]></IS_RECOMMEND_TEXT><CREATE_TYPE DbType='NUMERIC'><![CDATA[1]]></CREATE_TYPE><CREATE_TYPE_TEXT><![CDATA[所有人]]></CREATE_TYPE_TEXT><CREATE_PRIVILEGE_TEXT><![CDATA[]]></CREATE_PRIVILEGE_TEXT><CREATE_PRIVILEGE><![CDATA[]]></CREATE_PRIVILEGE><SUPER_SHOW_POWER><![CDATA[]]></SUPER_SHOW_POWER><SUPER_SHOW_POWER_TEXT><![CDATA[]]></SUPER_SHOW_POWER_TEXT><SUPER_SHOW_POWER_RANGE DbType='NUMERIC'><![CDATA[0]]></SUPER_SHOW_POWER_RANGE><SUPER_SHOW_POWER_RANGE_TEXT><![CDATA[无]]></SUPER_SHOW_POWER_RANGE_TEXT><IS_MODIFY_FLOW DbType='NUMERIC'><![CDATA[-1]]></IS_MODIFY_FLOW><ALLOW_FULLTEXT_QUERY DbType='NUMERIC'><![CDATA[-1]]></ALLOW_FULLTEXT_QUERY><ALLOW_FULLTEXT_QUERY_TEXT><![CDATA[否]]></ALLOW_FULLTEXT_QUERY_TEXT><IS_VALID_DATA DbType='NUMERIC'><![CDATA[1]]></IS_VALID_DATA><DESCRIBE_TEXT DbType='CLOB'><![CDATA[]]></DESCRIBE_TEXT><ALLOW_MOBILE DbType='NUMERIC'><![CDATA[1]]></ALLOW_MOBILE><ALLOW_MOBILE_TEXT><![CDATA[是]]></ALLOW_MOBILE_TEXT><CLONE_ID><![CDATA[]]></CLONE_ID><OPINION_INPUT_TYPE DbType='NUMERIC'><![CDATA[1]]></OPINION_INPUT_TYPE><OPINION_INPUT_TYPE_TEXT><![CDATA[底部意见输入按钮 ]]></OPINION_INPUT_TYPE_TEXT><IS_MODIFY DbType='NUMERIC'><![CDATA[]]></IS_MODIFY><IS_NEW_ENTRANCE DbType='NUMERIC'><![CDATA[1]]></IS_NEW_ENTRANCE><IS_NEW_ENTRANCE_TEXT><![CDATA[是]]></IS_NEW_ENTRANCE_TEXT><ALLOW_DELEGATE DbType='NUMERIC'><![CDATA[-1]]></ALLOW_DELEGATE><ALLOW_DELEGATE_TEXT><![CDATA[否]]></ALLOW_DELEGATE_TEXT><FLOW_RANGE DbType='NUMERIC'><![CDATA[1]]></FLOW_RANGE><FLOW_RANGE_TEXT><![CDATA[分机构使用模块]]></FLOW_RANGE_TEXT><IS_ARCHIVE DbType='NUMERIC'><![CDATA[1]]></IS_ARCHIVE><IS_ARCHIVE_TEXT><![CDATA[是]]></IS_ARCHIVE_TEXT><IS_SIMPLE DbType='NUMERIC'><![CDATA[-1]]></IS_SIMPLE><IS_SIMPLE_TEXT><![CDATA[]]></IS_SIMPLE_TEXT><LINK_MENU><![CDATA[]]></LINK_MENU><LINK_MENU_TEXT><![CDATA[]]></LINK_MENU_TEXT><BUSINESS_GROUP DbType='NUMERIC'><![CDATA[]]></BUSINESS_GROUP><BUSINESS_GROUP_TEXT DbType='CLOB'><![CDATA[]]></BUSINESS_GROUP_TEXT><MAIN_DEPT_DRAFT_TEXT><![CDATA[否]]></MAIN_DEPT_DRAFT_TEXT><MAIN_DEPT_DRAFT DbType='NUMERIC'><![CDATA[-1]]></MAIN_DEPT_DRAFT><DEFAULT_FORM_ID><![CDATA[180403102628npK5qOQ9rfXjXc0c2OJ]]></DEFAULT_FORM_ID><AUTOUNIO_LEVEL DbType='NUMERIC'><![CDATA[1]]></AUTOUNIO_LEVEL><ITEMINDEX DbType='NUMERIC'><![CDATA[]]></ITEMINDEX><MD5CODE><![CDATA[]]></MD5CODE><ADDITIONAL_MODULE_CATALOG><![CDATA[]]></ADDITIONAL_MODULE_CATALOG><ADDITIONAL_MODULE_CATALOG_TEXT><![CDATA[]]></ADDITIONAL_MODULE_CATALOG_TEXT><USE_DB><![CDATA[]]></USE_DB><USE_DB_TEXT><![CDATA[]]></USE_DB_TEXT><CMA_FILECODE_FID><![CDATA[]]></CMA_FILECODE_FID><IS_YJZXOA DbType='NUMERIC'><![CDATA[1]]></IS_YJZXOA><IS_YJZXOA_TEXT><![CDATA[]]></IS_YJZXOA_TEXT><REMOTE_ID><![CDATA[]]></REMOTE_ID><SOURCE_ID><![CDATA[]]></SOURCE_ID><MODULE_ID><![CDATA[]]></MODULE_ID><FLOW_ID><![CDATA[]]></FLOW_ID><PID><![CDATA[]]></PID><FORM_ID><![CDATA[]]></FORM_ID><INFO_VERSION DbType='NUMERIC'><![CDATA[1]]></INFO_VERSION><HANDLE_USERS_ID DbType='CLOB'><![CDATA[]]></HANDLE_USERS_ID><HANDLE_USERS DbType='CLOB'><![CDATA[]]></HANDLE_USERS><HANDLE_USERS_SCHEMA DbType='CLOB'><![CDATA[]]></HANDLE_USERS_SCHEMA><ATTACH_COUNT DbType='NUMERIC'><![CDATA[]]></ATTACH_COUNT><USER_ID><![CDATA[]]></USER_ID><USER_NAME><![CDATA[]]></USER_NAME><ORGID_LV1><![CDATA[]]></ORGID_LV1><ORGID_LV2><![CDATA[]]></ORGID_LV2><ORGID_LV3><![CDATA[]]></ORGID_LV3><ORGID_LV4><![CDATA[]]></ORGID_LV4><ORGID_LV5><![CDATA[]]></ORGID_LV5><HANDLE_NODENAME DbType='CLOB'><![CDATA[]]></HANDLE_NODENAME><HANDLE_STAGENAME><![CDATA[]]></HANDLE_STAGENAME><ORGNAME_LV1><![CDATA[]]></ORGNAME_LV1><TEMPSTATUS DbType='NUMERIC'><![CDATA[1]]></TEMPSTATUS><IS_DISTRIBED DbType='NUMERIC'><![CDATA[]]></IS_DISTRIBED><IS_LEADER_SIGN DbType='NUMERIC'><![CDATA[]]></IS_LEADER_SIGN><IS_LEADER_OPINION DbType='NUMERIC'><![CDATA[]]></IS_LEADER_OPINION><HANDLE_ORIGINAL_USER_ID><![CDATA[]]></HANDLE_ORIGINAL_USER_ID><HANDLE_ORIGINAL_USER_NAME><![CDATA[]]></HANDLE_ORIGINAL_USER_NAME><UNIONFILES DbType='NUMERIC'><![CDATA[]]></UNIONFILES><UNIONFID><![CDATA[NO]]></UNIONFID><PRODUCT_ID><![CDATA[]]></PRODUCT_ID><PRODUCT_NAME><![CDATA[]]></PRODUCT_NAME><DATA_PUSH><![CDATA[否]]></DATA_PUSH><IS_DATA_PUSH><![CDATA[-1]]></IS_DATA_PUSH><MODULE_IMAGE><![CDATA[]]></MODULE_IMAGE><BELONG_VALUE><![CDATA[0]]></BELONG_VALUE><BELONG_TEXT><![CDATA[]]></BELONG_TEXT><MODULE_SHOWNAME><![CDATA[]]></MODULE_SHOWNAME><MICRO_SERVICE><![CDATA[]]></MICRO_SERVICE><MICRO_SERVICE_TEXT><![CDATA[]]></MICRO_SERVICE_TEXT><VALIDATE><![CDATA[]]></VALIDATE><AAA DbType='CLOB'><![CDATA[]]></AAA><MULTI_AGENCY><![CDATA[]]></MULTI_AGENCY><MULTI_AGENCY_TEXT><![CDATA[]]></MULTI_AGENCY_TEXT><BELONG_APP><![CDATA[]]></BELONG_APP><BELONG_APP_TEXT><![CDATA[]]></BELONG_APP_TEXT></Row>
</G_MODULE>