<?xml version="1.0" encoding="UTF-8"?>
<WorkFlow><BaseInfo><ID>2402011005226rRQCKy1dfPm9s7Nfjh</ID><Name>因私出境</Name><ModuleID/><Version/><Desc>备注</Desc><TimeLimit><Type>0</Type><Value/></TimeLimit><Message/><Vendor><ID/><Name/><Desc/><APP><ID/><Name>DreamWeb</Name><Template/><Desc/><ModuleID>2401301002390ipFYU6OzeCNDMN0r1X</ModuleID></APP><WFID>ds-001</WFID></Vendor><ToDoListName/></BaseInfo><NodeList><Node><ID>lCJ7XUGOFweteut</ID><Name>发起者</Name><StageID/><Type>0</Type><subFlow/><IsNewPID>0</IsNewPID><Desc/><TimeLimit><Type>0</Type><Value/></TimeLimit><ShowOrder>1</ShowOrder><IsRememberUser>0</IsRememberUser><IsExcludeSender>0</IsExcludeSender><FlowInfoShowType>0</FlowInfoShowType><customNodeIcon/><ControlSerialNumber/><RiskSerialNumber/><ControlInfoList/><RiskInfoList/><InstitutionInfoList/><InstitutionAndRiskInfoList/><RemindMethod/><isSms/><OpinionReferenceNode/><IsCounterSignNode>0</IsCounterSignNode><Message/><InLine><Require>0</Require><IsSpecialSend>1</IsSpecialSend><IsInherit>-1</IsInherit><IsInheritSelectMode>1</IsInheritSelectMode><ExpandLevel>1</ExpandLevel><Multiplayer><IsEnabled>0</IsEnabled><SendMode>0</SendMode><SendModeOrder>0</SendModeOrder><Poior>0</Poior></Multiplayer><HandleMode>1</HandleMode><RangeRule/><IsSelectOtherUser/><RangeOtherUser>0</RangeOtherUser><ExAction/><SendBackAction/><BanSendBack>0</BanSendBack><IsAutoProcessing>0</IsAutoProcessing><IsForceRetrieve>0</IsForceRetrieve><IsOneselfProcessing>0</IsOneselfProcessing><TimeOutAutoProcessingDay>0</TimeOutAutoProcessingDay><BusinessHandleType/></InLine><OutLine><IsBackTrack>0</IsBackTrack><Type>0</Type><SendConditions/><SerialBackConditions/><PreAction/><AllowBat>0</AllowBat><NextNodeSendMode>-1</NextNodeSendMode></OutLine><GatherStartNode/><GatherRule/></Node><Node><ID>dSuJvTNhBfxfs6v</ID><Name>处室负责人</Name><StageID/><Type>1</Type><subFlow/><IsNewPID>0</IsNewPID><Desc/><TimeLimit><Type>0</Type><Value/></TimeLimit><ShowOrder>1</ShowOrder><IsRememberUser>0</IsRememberUser><IsExcludeSender>0</IsExcludeSender><FlowInfoShowType>0</FlowInfoShowType><customNodeIcon/><ControlSerialNumber/><RiskSerialNumber/><ControlInfoList/><RiskInfoList/><InstitutionInfoList/><InstitutionAndRiskInfoList/><RemindMethod/><isSms/><OpinionReferenceNode/><IsCounterSignNode>0</IsCounterSignNode><Message/><InLine><Require>0</Require><IsSpecialSend>1</IsSpecialSend><IsInherit>-1</IsInherit><IsInheritSelectMode>1</IsInheritSelectMode><ExpandLevel>-1</ExpandLevel><Multiplayer><IsEnabled>0</IsEnabled><SendMode>0</SendMode><SendModeOrder>0</SendModeOrder><Poior>0</Poior></Multiplayer><HandleMode>1</HandleMode><RangeRule><IsUser>1</IsUser><RuleList><Rule><level>-1</level><Range>发起者-当前部门-部门负责人（应急）</Range><Level>-1</Level><NodeID>lCJ7XUGOFweteut</NodeID><NodeName>发起者</NodeName><RoleID>2311171700515CphPbrQyqYqRGJiVX1</RoleID><RoleName>部门负责人（应急）</RoleName><IsDeep>1</IsDeep><IsShowDeptUser>0</IsShowDeptUser><IsSelected>0</IsSelected><RangeType>32</RangeType><NodeRowIndex>-1</NodeRowIndex></Rule></RuleList></RangeRule><IsSelectOtherUser/><RangeOtherUser>0</RangeOtherUser><ExAction/><SendBackAction/><BanSendBack>0</BanSendBack><IsAutoProcessing>0</IsAutoProcessing><IsForceRetrieve>0</IsForceRetrieve><IsOneselfProcessing>0</IsOneselfProcessing><TimeOutAutoProcessingDay>0</TimeOutAutoProcessingDay><BusinessHandleType/></InLine><OutLine><IsBackTrack>0</IsBackTrack><Type>0</Type><SendConditions><IsEnabled>1</IsEnabled><Condition><Expression><Type>5</Type><Content><name>保密办</name><type>sql</type><value>SELECT CASE WHEN COUNT(*) &gt; 0 THEN 1 ELSE 0 END FROM g_grant WHERE SOURCE_ID in( '240304094748KauQYLQQpn4puhjEORi','240304094828iWCNO84WCkoykByV5qo','240304094848XjB0nz5vVTuqmaqZ42J') AND TARGET_ID = '&lt;;A0010&gt;' and rowstate='1'</value></Content><Content><name>人事处办理</name><type>sql</type><value>SELECT CASE WHEN COUNT(*) &gt; 0 THEN 1 ELSE 0 END FROM g_grant WHERE SOURCE_ID = '2403040948592vXHSody7YyasOwSIiz' AND TARGET_ID = '&lt;;A0010&gt;' and rowstate='1'</value></Content><Content><name>人事处审批</name><type>sql</type><value>SELECT CASE WHEN COUNT(*) &gt; 0 THEN 1 ELSE 0 END FROM g_grant WHERE SOURCE_ID in ('240304094916lMIw1noCjdsHia8VH98','240304094932X9aIM6Gttrp9H27gBN6') AND TARGET_ID = '&lt;;A0010&gt;' and rowstate='1'</value></Content></Expression><Switch><ItemValue><Value>1</Value><Condition>保密办</Condition><LineList><Line><ID>cZ0iQZBQxtkqomb</ID><NAME>处室负责人→局保密办</NAME></Line></LineList></ItemValue><ItemValue><Value>1</Value><Condition>人事处办理</Condition><LineList><Line><ID>tS1kvxCsJhXgMUj</ID><NAME>处室负责人→组织人事处办理</NAME></Line></LineList></ItemValue><ItemValue><Value>1</Value><Condition>人事处审批</Condition><LineList><Line><ID>Aez3YYo04nqhOn8</ID><NAME>处室负责人→组织人事处审批</NAME></Line></LineList></ItemValue></Switch></Condition></SendConditions><SerialBackConditions/><PreAction/><AllowBat>0</AllowBat><NextNodeSendMode>-1</NextNodeSendMode></OutLine><GatherStartNode/><GatherRule/></Node><Node><ID>mOBvISwKCh1jv2r</ID><Name>局保密办</Name><StageID/><Type>1</Type><subFlow/><IsNewPID>0</IsNewPID><Desc/><TimeLimit><Type>0</Type><Value/></TimeLimit><ShowOrder>1</ShowOrder><IsRememberUser>0</IsRememberUser><IsExcludeSender>0</IsExcludeSender><FlowInfoShowType>0</FlowInfoShowType><customNodeIcon/><ControlSerialNumber/><RiskSerialNumber/><ControlInfoList/><RiskInfoList/><InstitutionInfoList/><InstitutionAndRiskInfoList/><RemindMethod/><isSms/><OpinionReferenceNode/><IsCounterSignNode>0</IsCounterSignNode><Message/><InLine><Require>0</Require><IsSpecialSend>1</IsSpecialSend><IsInherit>-1</IsInherit><IsInheritSelectMode>1</IsInheritSelectMode><ExpandLevel>-1</ExpandLevel><Multiplayer><IsEnabled>0</IsEnabled><SendMode>0</SendMode><SendModeOrder>0</SendModeOrder><Poior>0</Poior></Multiplayer><HandleMode>1</HandleMode><RangeRule><IsUser>1</IsUser><RuleList><Rule><level>0</level><Range>发起者-当前机构-保密办（应急）</Range><Level>0</Level><NodeID>lCJ7XUGOFweteut</NodeID><NodeName>发起者</NodeName><RoleID>240201103804hogShxqBeWlYqTfMa6W</RoleID><RoleName>保密办（应急）</RoleName><IsDeep>1</IsDeep><IsShowDeptUser>0</IsShowDeptUser><IsSelected>0</IsSelected><RangeType>32</RangeType><NodeRowIndex>-1</NodeRowIndex><id>lCJ7XUGOFweteut</id><TypeName>部门+角色（继承节点部门）</TypeName></Rule></RuleList></RangeRule><IsSelectOtherUser/><RangeOtherUser>0</RangeOtherUser><ExAction/><SendBackAction/><BanSendBack>0</BanSendBack><IsAutoProcessing>0</IsAutoProcessing><IsForceRetrieve>0</IsForceRetrieve><IsOneselfProcessing>0</IsOneselfProcessing><TimeOutAutoProcessingDay>0</TimeOutAutoProcessingDay><BusinessHandleType/></InLine><OutLine><IsBackTrack>0</IsBackTrack><Type>0</Type><SendConditions/><SerialBackConditions/><PreAction/><AllowBat>0</AllowBat><NextNodeSendMode>-1</NextNodeSendMode></OutLine><GatherStartNode/><GatherRule/></Node><Node><ID>pHjul9l8R12KNXR</ID><Name>组织人事处办理</Name><StageID/><Type>1</Type><subFlow/><IsNewPID>0</IsNewPID><Desc/><TimeLimit><Type>0</Type><Value/></TimeLimit><ShowOrder>1</ShowOrder><IsRememberUser>0</IsRememberUser><IsExcludeSender>0</IsExcludeSender><FlowInfoShowType>0</FlowInfoShowType><customNodeIcon/><ControlSerialNumber/><RiskSerialNumber/><ControlInfoList/><RiskInfoList/><InstitutionInfoList/><InstitutionAndRiskInfoList/><RemindMethod/><isSms/><OpinionReferenceNode/><IsCounterSignNode>0</IsCounterSignNode><Message/><InLine><Require>0</Require><IsSpecialSend>1</IsSpecialSend><IsInherit>-1</IsInherit><IsInheritSelectMode>1</IsInheritSelectMode><ExpandLevel>-1</ExpandLevel><Multiplayer><IsEnabled>0</IsEnabled><SendMode>0</SendMode><SendModeOrder>0</SendModeOrder><Poior>0</Poior></Multiplayer><HandleMode>1</HandleMode><RangeRule><IsUser>1</IsUser><RuleList><Rule><Range>市政府/委办局/市应急局/局机关/组织人事处/蔡金玉</Range><UserID>231204103614LpTwLQgBXttwv3mBiEI</UserID><UserName>蔡金玉</UserName><DeptID>231204103550RmMqCsfmLBfGr1iqJ4T</DeptID><DeptName>组织人事处</DeptName><IsSelected>1</IsSelected><RangeType>21</RangeType><IsDeep/><IsShowDeptUser/></Rule></RuleList></RangeRule><IsSelectOtherUser/><RangeOtherUser>0</RangeOtherUser><ExAction/><SendBackAction/><BanSendBack>0</BanSendBack><IsAutoProcessing>0</IsAutoProcessing><IsForceRetrieve>0</IsForceRetrieve><IsOneselfProcessing>0</IsOneselfProcessing><TimeOutAutoProcessingDay>0</TimeOutAutoProcessingDay><BusinessHandleType/></InLine><OutLine><IsBackTrack>0</IsBackTrack><Type>0</Type><SendConditions/><SerialBackConditions/><PreAction/><AllowBat>0</AllowBat><NextNodeSendMode>-1</NextNodeSendMode></OutLine><GatherStartNode/><GatherRule/></Node><Node><ID>4kjySdK9FX6fOVq</ID><Name>组织人事处审批</Name><StageID/><Type>1</Type><subFlow/><IsNewPID>0</IsNewPID><Desc/><TimeLimit><Type>0</Type><Value/></TimeLimit><ShowOrder>1</ShowOrder><IsRememberUser>0</IsRememberUser><IsExcludeSender>0</IsExcludeSender><FlowInfoShowType>0</FlowInfoShowType><customNodeIcon/><ControlSerialNumber/><RiskSerialNumber/><ControlInfoList/><RiskInfoList/><InstitutionInfoList/><InstitutionAndRiskInfoList/><RemindMethod/><isSms/><OpinionReferenceNode/><IsCounterSignNode>0</IsCounterSignNode><Message/><InLine><Require>0</Require><IsSpecialSend>1</IsSpecialSend><IsInherit>-1</IsInherit><IsInheritSelectMode>1</IsInheritSelectMode><ExpandLevel>-1</ExpandLevel><Multiplayer><IsEnabled>0</IsEnabled><SendMode>0</SendMode><SendModeOrder>0</SendModeOrder><Poior>0</Poior></Multiplayer><HandleMode>1</HandleMode><RangeRule><IsUser>1</IsUser><RuleList><Rule><Range>市政府/委办局/市应急局/局机关/组织人事处-部门负责人（应急）</Range><IsDeep>1</IsDeep><IsShowDeptUser>0</IsShowDeptUser><IsSelected>1</IsSelected><DeptID>231204103550RmMqCsfmLBfGr1iqJ4T</DeptID><DeptName>组织人事处</DeptName><RoleID>2311171700515CphPbrQyqYqRGJiVX1</RoleID><RoleName>部门负责人（应急）</RoleName><RangeType>31</RangeType></Rule></RuleList></RangeRule><IsSelectOtherUser/><RangeOtherUser>0</RangeOtherUser><ExAction/><SendBackAction/><BanSendBack>0</BanSendBack><IsAutoProcessing>0</IsAutoProcessing><IsForceRetrieve>0</IsForceRetrieve><IsOneselfProcessing>0</IsOneselfProcessing><TimeOutAutoProcessingDay>0</TimeOutAutoProcessingDay><BusinessHandleType/></InLine><OutLine><IsBackTrack>0</IsBackTrack><Type>0</Type><SendConditions/><SerialBackConditions/><PreAction/><AllowBat>0</AllowBat><NextNodeSendMode>-1</NextNodeSendMode></OutLine><GatherStartNode/><GatherRule/></Node><Node><ID>COtJ93DBgO8YuGJ</ID><Name>分管局领导</Name><StageID/><Type>1</Type><subFlow/><IsNewPID>0</IsNewPID><Desc/><TimeLimit><Type>0</Type><Value/></TimeLimit><ShowOrder>1</ShowOrder><IsRememberUser>0</IsRememberUser><IsExcludeSender>0</IsExcludeSender><FlowInfoShowType>0</FlowInfoShowType><customNodeIcon/><ControlSerialNumber/><RiskSerialNumber/><ControlInfoList/><RiskInfoList/><InstitutionInfoList/><InstitutionAndRiskInfoList/><RemindMethod/><isSms/><OpinionReferenceNode/><IsCounterSignNode>0</IsCounterSignNode><Message/><InLine><Require>0</Require><IsSpecialSend>1</IsSpecialSend><IsInherit>-1</IsInherit><IsInheritSelectMode>1</IsInheritSelectMode><ExpandLevel>-1</ExpandLevel><Multiplayer><IsEnabled>0</IsEnabled><SendMode>0</SendMode><SendModeOrder>0</SendModeOrder><Poior>0</Poior></Multiplayer><HandleMode>1</HandleMode><RangeRule><IsUser>1</IsUser><RuleList><Rule><level>0</level><Range>发起者-当前机构-单位分管领导</Range><Level>0</Level><NodeID>lCJ7XUGOFweteut</NodeID><NodeName>发起者</NodeName><RoleID>180622194537iZRu1Z3SCCMq5KJa2Cb</RoleID><RoleName>单位分管领导</RoleName><IsDeep>1</IsDeep><IsShowDeptUser>0</IsShowDeptUser><IsSelected>0</IsSelected><RangeType>32</RangeType><NodeRowIndex>-1</NodeRowIndex></Rule></RuleList></RangeRule><IsSelectOtherUser/><RangeOtherUser>0</RangeOtherUser><ExAction/><SendBackAction/><BanSendBack>0</BanSendBack><IsAutoProcessing>0</IsAutoProcessing><IsForceRetrieve>0</IsForceRetrieve><IsOneselfProcessing>0</IsOneselfProcessing><TimeOutAutoProcessingDay>0</TimeOutAutoProcessingDay><BusinessHandleType/></InLine><OutLine><IsBackTrack>0</IsBackTrack><Type>0</Type><SendConditions><IsEnabled>1</IsEnabled><Condition><Expression><Type>5</Type><Content><name>局领导</name><type>sql</type><value>SELECT CASE WHEN COUNT(*) &gt; 0 THEN 1 ELSE 0 END FROM g_grant WHERE SOURCE_ID = '240304094748KauQYLQQpn4puhjEORi' AND TARGET_ID = '&lt;;A0010&gt;' and rowstate='1'</value></Content><Content><name>局领导</name><type>sql</type><value>SELECT CASE WHEN COUNT(*) &gt; 0 THEN 1 ELSE 0 END FROM OA_YSCJ where LEAVE_DAYS &gt;10 and id='&lt;@ObjectID&gt;'</value></Content></Expression><Switch><ItemValue><Value>1</Value><Condition>局领导</Condition><LineList><Line><ID>MqIC0vO7CG7JRia</ID><NAME>分管局领导→局主要领导</NAME></Line></LineList></ItemValue><ItemValue><Value>0</Value><Condition>局领导</Condition><LineList><Line><ID>fIYoEl9va11ey7y</ID><NAME>分管局领导→办公室主任</NAME></Line></LineList></ItemValue></Switch></Condition></SendConditions><SerialBackConditions/><PreAction/><AllowBat>0</AllowBat><NextNodeSendMode>-1</NextNodeSendMode></OutLine><GatherStartNode/><GatherRule/></Node><Node><ID>O6V6z4Q5QFw96ch</ID><Name>局主要领导</Name><StageID/><Type>1</Type><subFlow/><IsNewPID>0</IsNewPID><Desc/><TimeLimit><Type>0</Type><Value/></TimeLimit><ShowOrder>1</ShowOrder><IsRememberUser>0</IsRememberUser><IsExcludeSender>0</IsExcludeSender><FlowInfoShowType>0</FlowInfoShowType><customNodeIcon/><ControlSerialNumber/><RiskSerialNumber/><ControlInfoList/><RiskInfoList/><InstitutionInfoList/><InstitutionAndRiskInfoList/><RemindMethod/><isSms/><OpinionReferenceNode/><IsCounterSignNode>0</IsCounterSignNode><Message/><InLine><Require>0</Require><IsSpecialSend>1</IsSpecialSend><IsInherit>-1</IsInherit><IsInheritSelectMode>1</IsInheritSelectMode><ExpandLevel>-1</ExpandLevel><Multiplayer><IsEnabled>0</IsEnabled><SendMode>0</SendMode><SendModeOrder>0</SendModeOrder><Poior>0</Poior></Multiplayer><HandleMode>1</HandleMode><RangeRule><IsUser>1</IsUser><RuleList><Rule><level>0</level><Range>发起者-当前机构-单位主要领导</Range><Level>0</Level><NodeID>lCJ7XUGOFweteut</NodeID><NodeName>发起者</NodeName><RoleID>190416203724DNofycCSipEXito1SaF</RoleID><RoleName>单位主要领导</RoleName><IsDeep>1</IsDeep><IsShowDeptUser>0</IsShowDeptUser><IsSelected>0</IsSelected><RangeType>32</RangeType><NodeRowIndex>-1</NodeRowIndex></Rule></RuleList></RangeRule><IsSelectOtherUser/><RangeOtherUser>0</RangeOtherUser><ExAction/><SendBackAction/><BanSendBack>0</BanSendBack><IsAutoProcessing>0</IsAutoProcessing><IsForceRetrieve>0</IsForceRetrieve><IsOneselfProcessing>0</IsOneselfProcessing><TimeOutAutoProcessingDay>0</TimeOutAutoProcessingDay><BusinessHandleType/></InLine><OutLine><IsBackTrack>0</IsBackTrack><Type>0</Type><SendConditions><IsEnabled>1</IsEnabled><Condition><Expression><Type>5</Type></Expression><Switch><ItemValue><Value/><Conditon/><LineList><Line><ID>CnHFkysbDvWjO9v</ID><NAME>局主要领导→办公室主任</NAME><SHOWNAME>局主要领导→办公室主任</SHOWNAME></Line></LineList></ItemValue></Switch></Condition></SendConditions><SerialBackConditions/><PreAction/><AllowBat>0</AllowBat><NextNodeSendMode>-1</NextNodeSendMode></OutLine><GatherStartNode/><GatherRule/></Node><Node><ID>aqtH7YYBcJHJUy2</ID><Name>办公室主任</Name><StageID/><Type>1</Type><subFlow/><IsNewPID>0</IsNewPID><Desc/><TimeLimit><Type>0</Type><Value/></TimeLimit><ShowOrder>1</ShowOrder><IsRememberUser>0</IsRememberUser><IsExcludeSender>0</IsExcludeSender><FlowInfoShowType>0</FlowInfoShowType><customNodeIcon/><ControlSerialNumber/><RiskSerialNumber/><ControlInfoList/><RiskInfoList/><InstitutionInfoList/><InstitutionAndRiskInfoList/><RemindMethod/><isSms/><OpinionReferenceNode/><IsCounterSignNode>0</IsCounterSignNode><Message/><InLine><Require>0</Require><IsSpecialSend>1</IsSpecialSend><IsInherit>-1</IsInherit><IsInheritSelectMode>1</IsInheritSelectMode><ExpandLevel>-1</ExpandLevel><Multiplayer><IsEnabled>0</IsEnabled><SendMode>0</SendMode><SendModeOrder>0</SendModeOrder><Poior>0</Poior></Multiplayer><HandleMode>1</HandleMode><RangeRule><IsUser>1</IsUser><RuleList><Rule><level>0</level><Range>发起者-当前机构-办公室主要领导</Range><Level>0</Level><NodeID>lCJ7XUGOFweteut</NodeID><NodeName>发起者</NodeName><RoleID>201102211851Tjy4ic1HRTfS36QWCxT</RoleID><RoleName>办公室主要领导</RoleName><IsDeep>1</IsDeep><IsShowDeptUser>0</IsShowDeptUser><IsSelected>0</IsSelected><RangeType>32</RangeType><NodeRowIndex>-1</NodeRowIndex></Rule></RuleList></RangeRule><IsSelectOtherUser/><RangeOtherUser>0</RangeOtherUser><ExAction/><SendBackAction/><BanSendBack>0</BanSendBack><IsAutoProcessing>0</IsAutoProcessing><IsForceRetrieve>0</IsForceRetrieve><IsOneselfProcessing>0</IsOneselfProcessing><TimeOutAutoProcessingDay>0</TimeOutAutoProcessingDay><BusinessHandleType/></InLine><OutLine><IsBackTrack>0</IsBackTrack><Type>0</Type><SendConditions/><SerialBackConditions/><PreAction/><AllowBat>0</AllowBat><NextNodeSendMode>-1</NextNodeSendMode></OutLine><GatherStartNode/><GatherRule/></Node><Node><ID>oROz00MSL9u313Y</ID><Name>拟稿人中转</Name><StageID/><Type>1</Type><subFlow/><IsNewPID>0</IsNewPID><Desc/><TimeLimit><Type>0</Type><Value/></TimeLimit><ShowOrder>1</ShowOrder><IsRememberUser>0</IsRememberUser><IsExcludeSender>0</IsExcludeSender><FlowInfoShowType>0</FlowInfoShowType><customNodeIcon/><ControlSerialNumber/><RiskSerialNumber/><ControlInfoList/><RiskInfoList/><InstitutionInfoList/><InstitutionAndRiskInfoList/><RemindMethod/><isSms/><OpinionReferenceNode/><IsCounterSignNode>0</IsCounterSignNode><Message/><InLine><Require>0</Require><IsSpecialSend>1</IsSpecialSend><IsInherit>-1</IsInherit><IsInheritSelectMode>1</IsInheritSelectMode><ExpandLevel>-1</ExpandLevel><Multiplayer><IsEnabled>0</IsEnabled><SendMode>0</SendMode><SendModeOrder>0</SendModeOrder><Poior>0</Poior></Multiplayer><HandleMode>1</HandleMode><RangeRule><IsUser>1</IsUser><RuleList><Rule><desc/><Range>发起者</Range><IsSelected>0</IsSelected><RangeType>22</RangeType><NodeID>lCJ7XUGOFweteut</NodeID><NodeName>发起者</NodeName><NodeRowIndex>1</NodeRowIndex></Rule></RuleList></RangeRule><IsSelectOtherUser/><RangeOtherUser>0</RangeOtherUser><ExAction/><SendBackAction/><BanSendBack>0</BanSendBack><IsAutoProcessing>0</IsAutoProcessing><IsForceRetrieve>0</IsForceRetrieve><IsOneselfProcessing>0</IsOneselfProcessing><TimeOutAutoProcessingDay>0</TimeOutAutoProcessingDay><BusinessHandleType/></InLine><OutLine><IsBackTrack>0</IsBackTrack><Type>0</Type><SendConditions/><SerialBackConditions/><PreAction/><AllowBat>0</AllowBat><NextNodeSendMode>-1</NextNodeSendMode></OutLine><GatherStartNode/><GatherRule/></Node><Node><ID>vn9JyhZJY7quKaE</ID><Name>组织人事处</Name><StageID/><Type>1</Type><subFlow/><IsNewPID>0</IsNewPID><Desc/><TimeLimit><Type>0</Type><Value/></TimeLimit><ShowOrder>1</ShowOrder><IsRememberUser>0</IsRememberUser><IsExcludeSender>0</IsExcludeSender><FlowInfoShowType>0</FlowInfoShowType><customNodeIcon/><ControlSerialNumber/><RiskSerialNumber/><ControlInfoList/><RiskInfoList/><InstitutionInfoList/><InstitutionAndRiskInfoList/><RemindMethod/><isSms/><OpinionReferenceNode/><IsCounterSignNode>0</IsCounterSignNode><Message/><InLine><Require>0</Require><IsSpecialSend>1</IsSpecialSend><IsInherit>-1</IsInherit><IsInheritSelectMode>1</IsInheritSelectMode><ExpandLevel>-1</ExpandLevel><Multiplayer><IsEnabled>0</IsEnabled><SendMode>0</SendMode><SendModeOrder>0</SendModeOrder><Poior>0</Poior></Multiplayer><HandleMode>1</HandleMode><RangeRule><IsUser>1</IsUser><RuleList><Rule><Range>市政府/委办局/市应急局/局机关/组织人事处/蔡金玉</Range><UserID>231204103614LpTwLQgBXttwv3mBiEI</UserID><UserName>蔡金玉</UserName><DeptID>231204103550RmMqCsfmLBfGr1iqJ4T</DeptID><DeptName>组织人事处</DeptName><IsSelected>1</IsSelected><RangeType>21</RangeType><IsDeep/><IsShowDeptUser/></Rule></RuleList></RangeRule><IsSelectOtherUser/><RangeOtherUser>0</RangeOtherUser><ExAction/><SendBackAction/><BanSendBack>0</BanSendBack><IsAutoProcessing>0</IsAutoProcessing><IsForceRetrieve>0</IsForceRetrieve><IsOneselfProcessing>0</IsOneselfProcessing><TimeOutAutoProcessingDay>0</TimeOutAutoProcessingDay><BusinessHandleType/></InLine><OutLine><IsBackTrack>0</IsBackTrack><Type>0</Type><SendConditions/><SerialBackConditions/><PreAction/><AllowBat>0</AllowBat><NextNodeSendMode>-1</NextNodeSendMode></OutLine><GatherStartNode/><GatherRule/></Node><Node><ID>2KB5aWhBojgmqSF</ID><Name>办结</Name><StageID/><Type>2</Type><Desc/><TimeLimit><Type>0</Type><Value/></TimeLimit><Message/><InLine><Require>0</Require><IsInherit>0</IsInherit><IsInheritSelectMode>1</IsInheritSelectMode><ExpandLevel>1</ExpandLevel><Multiplayer><IsEnabled>0</IsEnabled><SendMode>0</SendMode></Multiplayer><RangeRule/><ExAction/><SendBackAction/></InLine></Node></NodeList><LineList><Line><ID>VZh1XVt8byGogoZ</ID><Name>发起者→处室负责人</Name><Alias/><StartNodeID>lCJ7XUGOFweteut</StartNodeID><EndNodeID>dSuJvTNhBfxfs6v</EndNodeID><Type/><LineShape>single</LineShape><Desc/><SendParameter><IsEnabled>1</IsEnabled><IsAutoSend>0</IsAutoSend><ShowOrder>1</ShowOrder><IsInherit>0</IsInherit><IsInheritSelectMode>1</IsInheritSelectMode><IsInheritDept>0</IsInheritDept><IsBackTrack>0</IsBackTrack><Multiplayer><SendMode>0</SendMode><SendModeOrder>0</SendModeOrder></Multiplayer><ExAction/><SendBackAction/><IsRemind>0</IsRemind><RemindContent/><HandleTag/><FlowInfoShowType>0</FlowInfoShowType></SendParameter><GatherStartNode/><GatherRule/></Line><Line><ID>cZ0iQZBQxtkqomb</ID><Name>处室负责人→局保密办</Name><Alias/><StartNodeID>dSuJvTNhBfxfs6v</StartNodeID><EndNodeID>mOBvISwKCh1jv2r</EndNodeID><Type/><LineShape>single</LineShape><Desc/><SendParameter><IsEnabled>1</IsEnabled><IsAutoSend>0</IsAutoSend><ShowOrder>1</ShowOrder><IsInherit>0</IsInherit><IsInheritSelectMode>1</IsInheritSelectMode><IsInheritDept>0</IsInheritDept><IsBackTrack>0</IsBackTrack><Multiplayer><SendMode>0</SendMode><SendModeOrder>0</SendModeOrder></Multiplayer><ExAction/><SendBackAction/><IsRemind>0</IsRemind><RemindContent/><HandleTag/><FlowInfoShowType>0</FlowInfoShowType></SendParameter><GatherStartNode/><GatherRule/></Line><Line><ID>ZgQRgUxqziUyyB2</ID><Name>局保密办→组织人事处办理</Name><Alias/><StartNodeID>mOBvISwKCh1jv2r</StartNodeID><EndNodeID>pHjul9l8R12KNXR</EndNodeID><Type/><LineShape>single</LineShape><Desc/><SendParameter><IsEnabled>1</IsEnabled><IsAutoSend>0</IsAutoSend><ShowOrder>1</ShowOrder><IsInherit>0</IsInherit><IsInheritSelectMode>1</IsInheritSelectMode><IsInheritDept>0</IsInheritDept><IsBackTrack>0</IsBackTrack><Multiplayer><SendMode>0</SendMode><SendModeOrder>0</SendModeOrder></Multiplayer><ExAction/><SendBackAction/><IsRemind>0</IsRemind><RemindContent/><HandleTag/><FlowInfoShowType>0</FlowInfoShowType></SendParameter><GatherStartNode/><GatherRule/></Line><Line><ID>fSAgGfbjBZZGE9P</ID><Name>组织人事处办理→组织人事处审批</Name><Alias/><StartNodeID>pHjul9l8R12KNXR</StartNodeID><EndNodeID>4kjySdK9FX6fOVq</EndNodeID><Type/><LineShape>single</LineShape><Desc/><SendParameter><IsEnabled>1</IsEnabled><IsAutoSend>0</IsAutoSend><ShowOrder>1</ShowOrder><IsInherit>0</IsInherit><IsInheritSelectMode>1</IsInheritSelectMode><IsInheritDept>0</IsInheritDept><IsBackTrack>0</IsBackTrack><Multiplayer><SendMode>0</SendMode><SendModeOrder>0</SendModeOrder></Multiplayer><ExAction/><SendBackAction/><IsRemind>0</IsRemind><RemindContent/><HandleTag/><FlowInfoShowType>0</FlowInfoShowType></SendParameter><GatherStartNode/><GatherRule/></Line><Line><ID>rijHAhc3nmpwbLE</ID><Name>组织人事处审批→分管局领导</Name><Alias/><StartNodeID>4kjySdK9FX6fOVq</StartNodeID><EndNodeID>COtJ93DBgO8YuGJ</EndNodeID><Type/><LineShape>single</LineShape><Desc/><SendParameter><IsEnabled>1</IsEnabled><IsAutoSend>0</IsAutoSend><ShowOrder>1</ShowOrder><IsInherit>0</IsInherit><IsInheritSelectMode>1</IsInheritSelectMode><IsInheritDept>0</IsInheritDept><IsBackTrack>0</IsBackTrack><Multiplayer><SendMode>0</SendMode><SendModeOrder>0</SendModeOrder></Multiplayer><ExAction/><SendBackAction/><IsRemind>0</IsRemind><RemindContent/><HandleTag/><FlowInfoShowType>0</FlowInfoShowType></SendParameter><GatherStartNode/><GatherRule/></Line><Line><ID>MqIC0vO7CG7JRia</ID><Name>分管局领导→局主要领导</Name><Alias/><StartNodeID>COtJ93DBgO8YuGJ</StartNodeID><EndNodeID>O6V6z4Q5QFw96ch</EndNodeID><Type/><LineShape>single</LineShape><Desc/><SendParameter><IsEnabled>1</IsEnabled><IsAutoSend>0</IsAutoSend><ShowOrder>1</ShowOrder><IsInherit>0</IsInherit><IsInheritSelectMode>1</IsInheritSelectMode><IsInheritDept>0</IsInheritDept><IsBackTrack>0</IsBackTrack><Multiplayer><SendMode>0</SendMode><SendModeOrder>0</SendModeOrder></Multiplayer><ExAction/><SendBackAction/><IsRemind>0</IsRemind><RemindContent/><HandleTag/><FlowInfoShowType>0</FlowInfoShowType></SendParameter><GatherStartNode/><GatherRule/></Line><Line><ID>CnHFkysbDvWjO9v</ID><Name>局主要领导→办公室主任</Name><Alias/><StartNodeID>O6V6z4Q5QFw96ch</StartNodeID><EndNodeID>aqtH7YYBcJHJUy2</EndNodeID><Type/><LineShape>single</LineShape><Desc/><SendParameter><IsEnabled>1</IsEnabled><IsAutoSend>1</IsAutoSend><ShowOrder>1</ShowOrder><IsInherit>0</IsInherit><IsInheritSelectMode>1</IsInheritSelectMode><IsInheritDept>0</IsInheritDept><IsBackTrack>0</IsBackTrack><Multiplayer><SendMode>0</SendMode><SendModeOrder>0</SendModeOrder></Multiplayer><ExAction/><SendBackAction/><IsRemind>0</IsRemind><RemindContent/><HandleTag/><FlowInfoShowType>0</FlowInfoShowType></SendParameter><GatherStartNode/><GatherRule/></Line><Line><ID>F0jBwPmZrU0Yf8J</ID><Name>办公室主任→拟稿人中转</Name><Alias/><StartNodeID>aqtH7YYBcJHJUy2</StartNodeID><EndNodeID>oROz00MSL9u313Y</EndNodeID><Type/><LineShape>single</LineShape><Desc/><SendParameter><IsEnabled>1</IsEnabled><IsAutoSend>0</IsAutoSend><ShowOrder>1</ShowOrder><IsInherit>0</IsInherit><IsInheritSelectMode>1</IsInheritSelectMode><IsInheritDept>0</IsInheritDept><IsBackTrack>0</IsBackTrack><Multiplayer><SendMode>0</SendMode><SendModeOrder>0</SendModeOrder></Multiplayer><ExAction/><SendBackAction/><IsRemind>0</IsRemind><RemindContent/><HandleTag/><FlowInfoShowType>0</FlowInfoShowType></SendParameter><GatherStartNode/><GatherRule/></Line><Line><ID>Sbnh55hBCP6QZUV</ID><Name>拟稿人中转→组织人事处</Name><Alias/><StartNodeID>oROz00MSL9u313Y</StartNodeID><EndNodeID>vn9JyhZJY7quKaE</EndNodeID><Type/><LineShape>single</LineShape><Desc/><SendParameter><IsEnabled>1</IsEnabled><IsAutoSend>0</IsAutoSend><ShowOrder>1</ShowOrder><IsInherit>0</IsInherit><IsInheritSelectMode>1</IsInheritSelectMode><IsInheritDept>0</IsInheritDept><IsBackTrack>0</IsBackTrack><Multiplayer><SendMode>0</SendMode><SendModeOrder>0</SendModeOrder></Multiplayer><ExAction/><SendBackAction/><IsRemind>0</IsRemind><RemindContent/><HandleTag/><FlowInfoShowType>0</FlowInfoShowType></SendParameter><GatherStartNode/><GatherRule/></Line><Line><ID>yoCbZnjuSDiYe0a</ID><Name>组织人事处→办结</Name><Alias/><StartNodeID>vn9JyhZJY7quKaE</StartNodeID><EndNodeID>2KB5aWhBojgmqSF</EndNodeID><Type/><LineShape>single</LineShape><Desc/><SendParameter><IsEnabled>1</IsEnabled><IsAutoSend>0</IsAutoSend><ShowOrder>1</ShowOrder><IsInherit>0</IsInherit><IsInheritSelectMode>1</IsInheritSelectMode><IsInheritDept>0</IsInheritDept><IsBackTrack>0</IsBackTrack><Multiplayer><SendMode>0</SendMode><SendModeOrder>0</SendModeOrder></Multiplayer><ExAction/><SendBackAction/><IsRemind>0</IsRemind><RemindContent/><HandleTag/><FlowInfoShowType>0</FlowInfoShowType></SendParameter><GatherStartNode/><GatherRule/></Line><Line><ID>fIYoEl9va11ey7y</ID><Name>分管局领导→办公室主任</Name><Alias/><StartNodeID>COtJ93DBgO8YuGJ</StartNodeID><EndNodeID>aqtH7YYBcJHJUy2</EndNodeID><Type/><LineShape>multi</LineShape><Desc/><SendParameter><IsEnabled>1</IsEnabled><IsAutoSend>0</IsAutoSend><ShowOrder>1</ShowOrder><IsInherit>0</IsInherit><IsInheritSelectMode>1</IsInheritSelectMode><IsInheritDept>0</IsInheritDept><IsBackTrack>0</IsBackTrack><Multiplayer><SendMode>0</SendMode><SendModeOrder>0</SendModeOrder></Multiplayer><ExAction/><SendBackAction/><IsRemind>0</IsRemind><RemindContent/><HandleTag/><FlowInfoShowType>0</FlowInfoShowType></SendParameter><GatherStartNode/><GatherRule/></Line><Line><ID>tS1kvxCsJhXgMUj</ID><Name>处室负责人→组织人事处办理</Name><Alias/><StartNodeID>dSuJvTNhBfxfs6v</StartNodeID><EndNodeID>pHjul9l8R12KNXR</EndNodeID><Type/><LineShape>multi</LineShape><Desc/><SendParameter><IsEnabled>1</IsEnabled><IsAutoSend>0</IsAutoSend><ShowOrder>1</ShowOrder><IsInherit>0</IsInherit><IsInheritSelectMode>1</IsInheritSelectMode><IsInheritDept>0</IsInheritDept><IsBackTrack>0</IsBackTrack><Multiplayer><SendMode>0</SendMode><SendModeOrder>0</SendModeOrder></Multiplayer><ExAction/><SendBackAction/><IsRemind>0</IsRemind><RemindContent/><HandleTag/><FlowInfoShowType>0</FlowInfoShowType></SendParameter><GatherStartNode/><GatherRule/></Line><Line><ID>Aez3YYo04nqhOn8</ID><Name>处室负责人→组织人事处审批</Name><Alias/><StartNodeID>dSuJvTNhBfxfs6v</StartNodeID><EndNodeID>4kjySdK9FX6fOVq</EndNodeID><Type/><LineShape>multi</LineShape><Desc/><SendParameter><IsEnabled>1</IsEnabled><IsAutoSend>0</IsAutoSend><ShowOrder>1</ShowOrder><IsInherit>0</IsInherit><IsInheritSelectMode>1</IsInheritSelectMode><IsInheritDept>0</IsInheritDept><IsBackTrack>0</IsBackTrack><Multiplayer><SendMode>0</SendMode><SendModeOrder>0</SendModeOrder></Multiplayer><ExAction/><SendBackAction/><IsRemind>0</IsRemind><RemindContent/><HandleTag/><FlowInfoShowType>0</FlowInfoShowType></SendParameter><GatherStartNode/><GatherRule/></Line></LineList><Corridor><CorridorList/><StageList/></Corridor><ElementList><Element><id>lCJ7XUGOFweteut</id><name>发起者</name><point><x>240</x><y>90</y></point><img/><type>0</type><out>VZh1XVt8byGogoZ</out><attributes><ID>lCJ7XUGOFweteut</ID><Name>发起者</Name><StageID/><Type>0</Type><subFlow/><IsNewPID>0</IsNewPID><Desc/><TimeLimit><Type>0</Type><Value/></TimeLimit><ShowOrder>1</ShowOrder><IsRememberUser>0</IsRememberUser><IsExcludeSender>0</IsExcludeSender><FlowInfoShowType>0</FlowInfoShowType><customNodeIcon/><ControlSerialNumber/><RiskSerialNumber/><ControlInfoList/><RiskInfoList/><InstitutionInfoList/><InstitutionAndRiskInfoList/><RemindMethod/><isSms/><OpinionReferenceNode/><IsCounterSignNode>0</IsCounterSignNode><Message/><InLine><Require>0</Require><IsSpecialSend>1</IsSpecialSend><IsInherit>-1</IsInherit><IsInheritSelectMode>1</IsInheritSelectMode><ExpandLevel>1</ExpandLevel><Multiplayer><IsEnabled>0</IsEnabled><SendMode>0</SendMode><SendModeOrder>0</SendModeOrder><Poior>0</Poior></Multiplayer><HandleMode>1</HandleMode><RangeRule/><IsSelectOtherUser/><RangeOtherUser>0</RangeOtherUser><ExAction/><SendBackAction/><BanSendBack>0</BanSendBack><IsAutoProcessing>0</IsAutoProcessing><IsForceRetrieve>0</IsForceRetrieve><IsOneselfProcessing>0</IsOneselfProcessing><TimeOutAutoProcessingDay>0</TimeOutAutoProcessingDay><BusinessHandleType/></InLine><OutLine><IsBackTrack>0</IsBackTrack><Type>0</Type><SendConditions/><SerialBackConditions/><PreAction/><AllowBat>0</AllowBat><NextNodeSendMode>-1</NextNodeSendMode></OutLine><GatherStartNode/><GatherRule/></attributes><attr/><nodeType>node</nodeType></Element><Element><id>dSuJvTNhBfxfs6v</id><name>处室负责人</name><point><x>380</x><y>90</y></point><img/><type>1</type><out>cZ0iQZBQxtkqomb</out><out>tS1kvxCsJhXgMUj</out><out>Aez3YYo04nqhOn8</out><in>VZh1XVt8byGogoZ</in><attributes><ID>dSuJvTNhBfxfs6v</ID><Name>处室负责人</Name><StageID/><Type>1</Type><subFlow/><IsNewPID>0</IsNewPID><Desc/><TimeLimit><Type>0</Type><Value/></TimeLimit><ShowOrder>1</ShowOrder><IsRememberUser>0</IsRememberUser><IsExcludeSender>0</IsExcludeSender><FlowInfoShowType>0</FlowInfoShowType><customNodeIcon/><ControlSerialNumber/><RiskSerialNumber/><ControlInfoList/><RiskInfoList/><InstitutionInfoList/><InstitutionAndRiskInfoList/><RemindMethod/><isSms/><OpinionReferenceNode/><IsCounterSignNode>0</IsCounterSignNode><Message/><InLine><Require>0</Require><IsSpecialSend>1</IsSpecialSend><IsInherit>-1</IsInherit><IsInheritSelectMode>1</IsInheritSelectMode><ExpandLevel>-1</ExpandLevel><Multiplayer><IsEnabled>0</IsEnabled><SendMode>0</SendMode><SendModeOrder>0</SendModeOrder><Poior>0</Poior></Multiplayer><HandleMode>1</HandleMode><RangeRule><IsUser>1</IsUser><RuleList><Rule><level>-1</level><Range>发起者-当前部门-部门负责人（应急）</Range><Level>-1</Level><NodeID>lCJ7XUGOFweteut</NodeID><NodeName>发起者</NodeName><RoleID>2311171700515CphPbrQyqYqRGJiVX1</RoleID><RoleName>部门负责人（应急）</RoleName><IsDeep>1</IsDeep><IsShowDeptUser>0</IsShowDeptUser><IsSelected>0</IsSelected><RangeType>32</RangeType><NodeRowIndex>-1</NodeRowIndex></Rule></RuleList></RangeRule><IsSelectOtherUser/><RangeOtherUser>0</RangeOtherUser><ExAction/><SendBackAction/><BanSendBack>0</BanSendBack><IsAutoProcessing>0</IsAutoProcessing><IsForceRetrieve>0</IsForceRetrieve><IsOneselfProcessing>0</IsOneselfProcessing><TimeOutAutoProcessingDay>0</TimeOutAutoProcessingDay><BusinessHandleType/></InLine><OutLine><IsBackTrack>0</IsBackTrack><Type>0</Type><SendConditions><IsEnabled>1</IsEnabled><Condition><Expression><Type>5</Type><Content><name>保密办</name><type>sql</type><value>SELECT CASE WHEN COUNT(*) &gt; 0 THEN 1 ELSE 0 END FROM g_grant WHERE SOURCE_ID in( '240304094748KauQYLQQpn4puhjEORi','240304094828iWCNO84WCkoykByV5qo','240304094848XjB0nz5vVTuqmaqZ42J') AND TARGET_ID = '&lt;;A0010&gt;' and rowstate='1'</value></Content><Content><name>人事处办理</name><type>sql</type><value>SELECT CASE WHEN COUNT(*) &gt; 0 THEN 1 ELSE 0 END FROM g_grant WHERE SOURCE_ID = '2403040948592vXHSody7YyasOwSIiz' AND TARGET_ID = '&lt;;A0010&gt;' and rowstate='1'</value></Content><Content><name>人事处审批</name><type>sql</type><value>SELECT CASE WHEN COUNT(*) &gt; 0 THEN 1 ELSE 0 END FROM g_grant WHERE SOURCE_ID in ('240304094916lMIw1noCjdsHia8VH98','240304094932X9aIM6Gttrp9H27gBN6') AND TARGET_ID = '&lt;;A0010&gt;' and rowstate='1'</value></Content></Expression><Switch><ItemValue><Value>1</Value><Condition>保密办</Condition><LineList><Line><ID>cZ0iQZBQxtkqomb</ID><NAME>处室负责人→局保密办</NAME></Line></LineList></ItemValue><ItemValue><Value>1</Value><Condition>人事处办理</Condition><LineList><Line><ID>tS1kvxCsJhXgMUj</ID><NAME>处室负责人→组织人事处办理</NAME></Line></LineList></ItemValue><ItemValue><Value>1</Value><Condition>人事处审批</Condition><LineList><Line><ID>Aez3YYo04nqhOn8</ID><NAME>处室负责人→组织人事处审批</NAME></Line></LineList></ItemValue></Switch></Condition></SendConditions><SerialBackConditions/><PreAction/><AllowBat>0</AllowBat><NextNodeSendMode>-1</NextNodeSendMode></OutLine><GatherStartNode/><GatherRule/></attributes><attr/><nodeType>node</nodeType></Element><Element><id>mOBvISwKCh1jv2r</id><name>局保密办</name><point><x>380</x><y>200</y></point><img/><type>1</type><out>ZgQRgUxqziUyyB2</out><in>cZ0iQZBQxtkqomb</in><attributes><ID>mOBvISwKCh1jv2r</ID><Name>局保密办</Name><StageID/><Type>1</Type><subFlow/><IsNewPID>0</IsNewPID><Desc/><TimeLimit><Type>0</Type><Value/></TimeLimit><ShowOrder>1</ShowOrder><IsRememberUser>0</IsRememberUser><IsExcludeSender>0</IsExcludeSender><FlowInfoShowType>0</FlowInfoShowType><customNodeIcon/><ControlSerialNumber/><RiskSerialNumber/><ControlInfoList/><RiskInfoList/><InstitutionInfoList/><InstitutionAndRiskInfoList/><RemindMethod/><isSms/><OpinionReferenceNode/><IsCounterSignNode>0</IsCounterSignNode><Message/><InLine><Require>0</Require><IsSpecialSend>1</IsSpecialSend><IsInherit>-1</IsInherit><IsInheritSelectMode>1</IsInheritSelectMode><ExpandLevel>-1</ExpandLevel><Multiplayer><IsEnabled>0</IsEnabled><SendMode>0</SendMode><SendModeOrder>0</SendModeOrder><Poior>0</Poior></Multiplayer><HandleMode>1</HandleMode><RangeRule><IsUser>1</IsUser><RuleList><Rule><level>0</level><Range>发起者-当前机构-保密办（应急）</Range><Level>0</Level><NodeID>lCJ7XUGOFweteut</NodeID><NodeName>发起者</NodeName><RoleID>240201103804hogShxqBeWlYqTfMa6W</RoleID><RoleName>保密办（应急）</RoleName><IsDeep>1</IsDeep><IsShowDeptUser>0</IsShowDeptUser><IsSelected>0</IsSelected><RangeType>32</RangeType><NodeRowIndex>-1</NodeRowIndex><id>lCJ7XUGOFweteut</id><TypeName>部门+角色（继承节点部门）</TypeName></Rule></RuleList></RangeRule><IsSelectOtherUser/><RangeOtherUser>0</RangeOtherUser><ExAction/><SendBackAction/><BanSendBack>0</BanSendBack><IsAutoProcessing>0</IsAutoProcessing><IsForceRetrieve>0</IsForceRetrieve><IsOneselfProcessing>0</IsOneselfProcessing><TimeOutAutoProcessingDay>0</TimeOutAutoProcessingDay><BusinessHandleType/></InLine><OutLine><IsBackTrack>0</IsBackTrack><Type>0</Type><SendConditions/><SerialBackConditions/><PreAction/><AllowBat>0</AllowBat><NextNodeSendMode>-1</NextNodeSendMode></OutLine><GatherStartNode/><GatherRule/></attributes><attr/><nodeType>node</nodeType></Element><Element><id>pHjul9l8R12KNXR</id><name>组织人事处办理</name><point><x>380</x><y>290</y></point><img/><type>1</type><out>fSAgGfbjBZZGE9P</out><in>ZgQRgUxqziUyyB2</in><in>tS1kvxCsJhXgMUj</in><attributes><ID>pHjul9l8R12KNXR</ID><Name>组织人事处办理</Name><StageID/><Type>1</Type><subFlow/><IsNewPID>0</IsNewPID><Desc/><TimeLimit><Type>0</Type><Value/></TimeLimit><ShowOrder>1</ShowOrder><IsRememberUser>0</IsRememberUser><IsExcludeSender>0</IsExcludeSender><FlowInfoShowType>0</FlowInfoShowType><customNodeIcon/><ControlSerialNumber/><RiskSerialNumber/><ControlInfoList/><RiskInfoList/><InstitutionInfoList/><InstitutionAndRiskInfoList/><RemindMethod/><isSms/><OpinionReferenceNode/><IsCounterSignNode>0</IsCounterSignNode><Message/><InLine><Require>0</Require><IsSpecialSend>1</IsSpecialSend><IsInherit>-1</IsInherit><IsInheritSelectMode>1</IsInheritSelectMode><ExpandLevel>-1</ExpandLevel><Multiplayer><IsEnabled>0</IsEnabled><SendMode>0</SendMode><SendModeOrder>0</SendModeOrder><Poior>0</Poior></Multiplayer><HandleMode>1</HandleMode><RangeRule><IsUser>1</IsUser><RuleList><Rule><Range>市政府/委办局/市应急局/局机关/组织人事处/蔡金玉</Range><UserID>231204103614LpTwLQgBXttwv3mBiEI</UserID><UserName>蔡金玉</UserName><DeptID>231204103550RmMqCsfmLBfGr1iqJ4T</DeptID><DeptName>组织人事处</DeptName><IsSelected>1</IsSelected><RangeType>21</RangeType><IsDeep/><IsShowDeptUser/></Rule></RuleList></RangeRule><IsSelectOtherUser/><RangeOtherUser>0</RangeOtherUser><ExAction/><SendBackAction/><BanSendBack>0</BanSendBack><IsAutoProcessing>0</IsAutoProcessing><IsForceRetrieve>0</IsForceRetrieve><IsOneselfProcessing>0</IsOneselfProcessing><TimeOutAutoProcessingDay>0</TimeOutAutoProcessingDay><BusinessHandleType/></InLine><OutLine><IsBackTrack>0</IsBackTrack><Type>0</Type><SendConditions/><SerialBackConditions/><PreAction/><AllowBat>0</AllowBat><NextNodeSendMode>-1</NextNodeSendMode></OutLine><GatherStartNode/><GatherRule/></attributes><attr/><nodeType>node</nodeType></Element><Element><id>4kjySdK9FX6fOVq</id><name>组织人事处审批</name><point><x>380</x><y>390</y></point><img/><type>1</type><out>rijHAhc3nmpwbLE</out><in>fSAgGfbjBZZGE9P</in><in>Aez3YYo04nqhOn8</in><attributes><ID>4kjySdK9FX6fOVq</ID><Name>组织人事处审批</Name><StageID/><Type>1</Type><subFlow/><IsNewPID>0</IsNewPID><Desc/><TimeLimit><Type>0</Type><Value/></TimeLimit><ShowOrder>1</ShowOrder><IsRememberUser>0</IsRememberUser><IsExcludeSender>0</IsExcludeSender><FlowInfoShowType>0</FlowInfoShowType><customNodeIcon/><ControlSerialNumber/><RiskSerialNumber/><ControlInfoList/><RiskInfoList/><InstitutionInfoList/><InstitutionAndRiskInfoList/><RemindMethod/><isSms/><OpinionReferenceNode/><IsCounterSignNode>0</IsCounterSignNode><Message/><InLine><Require>0</Require><IsSpecialSend>1</IsSpecialSend><IsInherit>-1</IsInherit><IsInheritSelectMode>1</IsInheritSelectMode><ExpandLevel>-1</ExpandLevel><Multiplayer><IsEnabled>0</IsEnabled><SendMode>0</SendMode><SendModeOrder>0</SendModeOrder><Poior>0</Poior></Multiplayer><HandleMode>1</HandleMode><RangeRule><IsUser>1</IsUser><RuleList><Rule><Range>市政府/委办局/市应急局/局机关/组织人事处-部门负责人（应急）</Range><IsDeep>1</IsDeep><IsShowDeptUser>0</IsShowDeptUser><IsSelected>1</IsSelected><DeptID>231204103550RmMqCsfmLBfGr1iqJ4T</DeptID><DeptName>组织人事处</DeptName><RoleID>2311171700515CphPbrQyqYqRGJiVX1</RoleID><RoleName>部门负责人（应急）</RoleName><RangeType>31</RangeType></Rule></RuleList></RangeRule><IsSelectOtherUser/><RangeOtherUser>0</RangeOtherUser><ExAction/><SendBackAction/><BanSendBack>0</BanSendBack><IsAutoProcessing>0</IsAutoProcessing><IsForceRetrieve>0</IsForceRetrieve><IsOneselfProcessing>0</IsOneselfProcessing><TimeOutAutoProcessingDay>0</TimeOutAutoProcessingDay><BusinessHandleType/></InLine><OutLine><IsBackTrack>0</IsBackTrack><Type>0</Type><SendConditions/><SerialBackConditions/><PreAction/><AllowBat>0</AllowBat><NextNodeSendMode>-1</NextNodeSendMode></OutLine><GatherStartNode/><GatherRule/></attributes><attr/><nodeType>node</nodeType></Element><Element><id>COtJ93DBgO8YuGJ</id><name>分管局领导</name><point><x>380</x><y>480</y></point><img/><type>1</type><out>MqIC0vO7CG7JRia</out><out>fIYoEl9va11ey7y</out><in>rijHAhc3nmpwbLE</in><attributes><ID>COtJ93DBgO8YuGJ</ID><Name>分管局领导</Name><StageID/><Type>1</Type><subFlow/><IsNewPID>0</IsNewPID><Desc/><TimeLimit><Type>0</Type><Value/></TimeLimit><ShowOrder>1</ShowOrder><IsRememberUser>0</IsRememberUser><IsExcludeSender>0</IsExcludeSender><FlowInfoShowType>0</FlowInfoShowType><customNodeIcon/><ControlSerialNumber/><RiskSerialNumber/><ControlInfoList/><RiskInfoList/><InstitutionInfoList/><InstitutionAndRiskInfoList/><RemindMethod/><isSms/><OpinionReferenceNode/><IsCounterSignNode>0</IsCounterSignNode><Message/><InLine><Require>0</Require><IsSpecialSend>1</IsSpecialSend><IsInherit>-1</IsInherit><IsInheritSelectMode>1</IsInheritSelectMode><ExpandLevel>-1</ExpandLevel><Multiplayer><IsEnabled>0</IsEnabled><SendMode>0</SendMode><SendModeOrder>0</SendModeOrder><Poior>0</Poior></Multiplayer><HandleMode>1</HandleMode><RangeRule><IsUser>1</IsUser><RuleList><Rule><level>0</level><Range>发起者-当前机构-单位分管领导</Range><Level>0</Level><NodeID>lCJ7XUGOFweteut</NodeID><NodeName>发起者</NodeName><RoleID>180622194537iZRu1Z3SCCMq5KJa2Cb</RoleID><RoleName>单位分管领导</RoleName><IsDeep>1</IsDeep><IsShowDeptUser>0</IsShowDeptUser><IsSelected>0</IsSelected><RangeType>32</RangeType><NodeRowIndex>-1</NodeRowIndex></Rule></RuleList></RangeRule><IsSelectOtherUser/><RangeOtherUser>0</RangeOtherUser><ExAction/><SendBackAction/><BanSendBack>0</BanSendBack><IsAutoProcessing>0</IsAutoProcessing><IsForceRetrieve>0</IsForceRetrieve><IsOneselfProcessing>0</IsOneselfProcessing><TimeOutAutoProcessingDay>0</TimeOutAutoProcessingDay><BusinessHandleType/></InLine><OutLine><IsBackTrack>0</IsBackTrack><Type>0</Type><SendConditions><IsEnabled>1</IsEnabled><Condition><Expression><Type>5</Type><Content><name>局领导</name><type>sql</type><value>SELECT CASE WHEN COUNT(*) &gt; 0 THEN 1 ELSE 0 END FROM g_grant WHERE SOURCE_ID = '240304094748KauQYLQQpn4puhjEORi' AND TARGET_ID = '&lt;;A0010&gt;' and rowstate='1'</value></Content><Content><name>局领导</name><type>sql</type><value>SELECT CASE WHEN COUNT(*) &gt; 0 THEN 1 ELSE 0 END FROM OA_YSCJ where LEAVE_DAYS &gt;10 and id='&lt;@ObjectID&gt;'</value></Content></Expression><Switch><ItemValue><Value>1</Value><Condition>局领导</Condition><LineList><Line><ID>MqIC0vO7CG7JRia</ID><NAME>分管局领导→局主要领导</NAME></Line></LineList></ItemValue><ItemValue><Value>0</Value><Condition>局领导</Condition><LineList><Line><ID>fIYoEl9va11ey7y</ID><NAME>分管局领导→办公室主任</NAME></Line></LineList></ItemValue></Switch></Condition></SendConditions><SerialBackConditions/><PreAction/><AllowBat>0</AllowBat><NextNodeSendMode>-1</NextNodeSendMode></OutLine><GatherStartNode/><GatherRule/></attributes><attr/><nodeType>node</nodeType></Element><Element><id>O6V6z4Q5QFw96ch</id><name>局主要领导</name><point><x>380</x><y>590</y></point><img/><type>1</type><out>CnHFkysbDvWjO9v</out><in>MqIC0vO7CG7JRia</in><attributes><ID>O6V6z4Q5QFw96ch</ID><Name>局主要领导</Name><StageID/><Type>1</Type><subFlow/><IsNewPID>0</IsNewPID><Desc/><TimeLimit><Type>0</Type><Value/></TimeLimit><ShowOrder>1</ShowOrder><IsRememberUser>0</IsRememberUser><IsExcludeSender>0</IsExcludeSender><FlowInfoShowType>0</FlowInfoShowType><customNodeIcon/><ControlSerialNumber/><RiskSerialNumber/><ControlInfoList/><RiskInfoList/><InstitutionInfoList/><InstitutionAndRiskInfoList/><RemindMethod/><isSms/><OpinionReferenceNode/><IsCounterSignNode>0</IsCounterSignNode><Message/><InLine><Require>0</Require><IsSpecialSend>1</IsSpecialSend><IsInherit>-1</IsInherit><IsInheritSelectMode>1</IsInheritSelectMode><ExpandLevel>-1</ExpandLevel><Multiplayer><IsEnabled>0</IsEnabled><SendMode>0</SendMode><SendModeOrder>0</SendModeOrder><Poior>0</Poior></Multiplayer><HandleMode>1</HandleMode><RangeRule><IsUser>1</IsUser><RuleList><Rule><level>0</level><Range>发起者-当前机构-单位主要领导</Range><Level>0</Level><NodeID>lCJ7XUGOFweteut</NodeID><NodeName>发起者</NodeName><RoleID>190416203724DNofycCSipEXito1SaF</RoleID><RoleName>单位主要领导</RoleName><IsDeep>1</IsDeep><IsShowDeptUser>0</IsShowDeptUser><IsSelected>0</IsSelected><RangeType>32</RangeType><NodeRowIndex>-1</NodeRowIndex></Rule></RuleList></RangeRule><IsSelectOtherUser/><RangeOtherUser>0</RangeOtherUser><ExAction/><SendBackAction/><BanSendBack>0</BanSendBack><IsAutoProcessing>0</IsAutoProcessing><IsForceRetrieve>0</IsForceRetrieve><IsOneselfProcessing>0</IsOneselfProcessing><TimeOutAutoProcessingDay>0</TimeOutAutoProcessingDay><BusinessHandleType/></InLine><OutLine><IsBackTrack>0</IsBackTrack><Type>0</Type><SendConditions><IsEnabled>1</IsEnabled><Condition><Expression><Type>5</Type></Expression><Switch><ItemValue><Value/><Conditon/><LineList><Line><ID>CnHFkysbDvWjO9v</ID><NAME>局主要领导→办公室主任</NAME><SHOWNAME>局主要领导→办公室主任</SHOWNAME></Line></LineList></ItemValue></Switch></Condition></SendConditions><SerialBackConditions/><PreAction/><AllowBat>0</AllowBat><NextNodeSendMode>-1</NextNodeSendMode></OutLine><GatherStartNode/><GatherRule/></attributes><attr/><nodeType>node</nodeType></Element><Element><id>aqtH7YYBcJHJUy2</id><name>办公室主任</name><point><x>540</x><y>590</y></point><img/><type>1</type><out>F0jBwPmZrU0Yf8J</out><in>CnHFkysbDvWjO9v</in><in>fIYoEl9va11ey7y</in><attributes><ID>aqtH7YYBcJHJUy2</ID><Name>办公室主任</Name><StageID/><Type>1</Type><subFlow/><IsNewPID>0</IsNewPID><Desc/><TimeLimit><Type>0</Type><Value/></TimeLimit><ShowOrder>1</ShowOrder><IsRememberUser>0</IsRememberUser><IsExcludeSender>0</IsExcludeSender><FlowInfoShowType>0</FlowInfoShowType><customNodeIcon/><ControlSerialNumber/><RiskSerialNumber/><ControlInfoList/><RiskInfoList/><InstitutionInfoList/><InstitutionAndRiskInfoList/><RemindMethod/><isSms/><OpinionReferenceNode/><IsCounterSignNode>0</IsCounterSignNode><Message/><InLine><Require>0</Require><IsSpecialSend>1</IsSpecialSend><IsInherit>-1</IsInherit><IsInheritSelectMode>1</IsInheritSelectMode><ExpandLevel>-1</ExpandLevel><Multiplayer><IsEnabled>0</IsEnabled><SendMode>0</SendMode><SendModeOrder>0</SendModeOrder><Poior>0</Poior></Multiplayer><HandleMode>1</HandleMode><RangeRule><IsUser>1</IsUser><RuleList><Rule><level>0</level><Range>发起者-当前机构-办公室主要领导</Range><Level>0</Level><NodeID>lCJ7XUGOFweteut</NodeID><NodeName>发起者</NodeName><RoleID>201102211851Tjy4ic1HRTfS36QWCxT</RoleID><RoleName>办公室主要领导</RoleName><IsDeep>1</IsDeep><IsShowDeptUser>0</IsShowDeptUser><IsSelected>0</IsSelected><RangeType>32</RangeType><NodeRowIndex>-1</NodeRowIndex></Rule></RuleList></RangeRule><IsSelectOtherUser/><RangeOtherUser>0</RangeOtherUser><ExAction/><SendBackAction/><BanSendBack>0</BanSendBack><IsAutoProcessing>0</IsAutoProcessing><IsForceRetrieve>0</IsForceRetrieve><IsOneselfProcessing>0</IsOneselfProcessing><TimeOutAutoProcessingDay>0</TimeOutAutoProcessingDay><BusinessHandleType/></InLine><OutLine><IsBackTrack>0</IsBackTrack><Type>0</Type><SendConditions/><SerialBackConditions/><PreAction/><AllowBat>0</AllowBat><NextNodeSendMode>-1</NextNodeSendMode></OutLine><GatherStartNode/><GatherRule/></attributes><attr/><nodeType>node</nodeType></Element><Element><id>oROz00MSL9u313Y</id><name>拟稿人中转</name><point><x>660</x><y>590</y></point><img/><type>1</type><out>Sbnh55hBCP6QZUV</out><in>F0jBwPmZrU0Yf8J</in><attributes><ID>oROz00MSL9u313Y</ID><Name>拟稿人中转</Name><StageID/><Type>1</Type><subFlow/><IsNewPID>0</IsNewPID><Desc/><TimeLimit><Type>0</Type><Value/></TimeLimit><ShowOrder>1</ShowOrder><IsRememberUser>0</IsRememberUser><IsExcludeSender>0</IsExcludeSender><FlowInfoShowType>0</FlowInfoShowType><customNodeIcon/><ControlSerialNumber/><RiskSerialNumber/><ControlInfoList/><RiskInfoList/><InstitutionInfoList/><InstitutionAndRiskInfoList/><RemindMethod/><isSms/><OpinionReferenceNode/><IsCounterSignNode>0</IsCounterSignNode><Message/><InLine><Require>0</Require><IsSpecialSend>1</IsSpecialSend><IsInherit>-1</IsInherit><IsInheritSelectMode>1</IsInheritSelectMode><ExpandLevel>-1</ExpandLevel><Multiplayer><IsEnabled>0</IsEnabled><SendMode>0</SendMode><SendModeOrder>0</SendModeOrder><Poior>0</Poior></Multiplayer><HandleMode>1</HandleMode><RangeRule><IsUser>1</IsUser><RuleList><Rule><desc/><Range>发起者</Range><IsSelected>0</IsSelected><RangeType>22</RangeType><NodeID>lCJ7XUGOFweteut</NodeID><NodeName>发起者</NodeName><NodeRowIndex>1</NodeRowIndex></Rule></RuleList></RangeRule><IsSelectOtherUser/><RangeOtherUser>0</RangeOtherUser><ExAction/><SendBackAction/><BanSendBack>0</BanSendBack><IsAutoProcessing>0</IsAutoProcessing><IsForceRetrieve>0</IsForceRetrieve><IsOneselfProcessing>0</IsOneselfProcessing><TimeOutAutoProcessingDay>0</TimeOutAutoProcessingDay><BusinessHandleType/></InLine><OutLine><IsBackTrack>0</IsBackTrack><Type>0</Type><SendConditions/><SerialBackConditions/><PreAction/><AllowBat>0</AllowBat><NextNodeSendMode>-1</NextNodeSendMode></OutLine><GatherStartNode/><GatherRule/></attributes><attr/><nodeType>node</nodeType></Element><Element><id>vn9JyhZJY7quKaE</id><name>组织人事处</name><point><x>780</x><y>590</y></point><img/><type>1</type><out>yoCbZnjuSDiYe0a</out><in>Sbnh55hBCP6QZUV</in><attributes><ID>vn9JyhZJY7quKaE</ID><Name>组织人事处</Name><StageID/><Type>1</Type><subFlow/><IsNewPID>0</IsNewPID><Desc/><TimeLimit><Type>0</Type><Value/></TimeLimit><ShowOrder>1</ShowOrder><IsRememberUser>0</IsRememberUser><IsExcludeSender>0</IsExcludeSender><FlowInfoShowType>0</FlowInfoShowType><customNodeIcon/><ControlSerialNumber/><RiskSerialNumber/><ControlInfoList/><RiskInfoList/><InstitutionInfoList/><InstitutionAndRiskInfoList/><RemindMethod/><isSms/><OpinionReferenceNode/><IsCounterSignNode>0</IsCounterSignNode><Message/><InLine><Require>0</Require><IsSpecialSend>1</IsSpecialSend><IsInherit>-1</IsInherit><IsInheritSelectMode>1</IsInheritSelectMode><ExpandLevel>-1</ExpandLevel><Multiplayer><IsEnabled>0</IsEnabled><SendMode>0</SendMode><SendModeOrder>0</SendModeOrder><Poior>0</Poior></Multiplayer><HandleMode>1</HandleMode><RangeRule><IsUser>1</IsUser><RuleList><Rule><Range>市政府/委办局/市应急局/局机关/组织人事处/蔡金玉</Range><UserID>231204103614LpTwLQgBXttwv3mBiEI</UserID><UserName>蔡金玉</UserName><DeptID>231204103550RmMqCsfmLBfGr1iqJ4T</DeptID><DeptName>组织人事处</DeptName><IsSelected>1</IsSelected><RangeType>21</RangeType><IsDeep/><IsShowDeptUser/></Rule></RuleList></RangeRule><IsSelectOtherUser/><RangeOtherUser>0</RangeOtherUser><ExAction/><SendBackAction/><BanSendBack>0</BanSendBack><IsAutoProcessing>0</IsAutoProcessing><IsForceRetrieve>0</IsForceRetrieve><IsOneselfProcessing>0</IsOneselfProcessing><TimeOutAutoProcessingDay>0</TimeOutAutoProcessingDay><BusinessHandleType/></InLine><OutLine><IsBackTrack>0</IsBackTrack><Type>0</Type><SendConditions/><SerialBackConditions/><PreAction/><AllowBat>0</AllowBat><NextNodeSendMode>-1</NextNodeSendMode></OutLine><GatherStartNode/><GatherRule/></attributes><attr/><nodeType>node</nodeType></Element><Element><id>2KB5aWhBojgmqSF</id><name>办结</name><point><x>910</x><y>590</y></point><img/><type>2</type><in>yoCbZnjuSDiYe0a</in><attributes><ID>2KB5aWhBojgmqSF</ID><Name>办结</Name><StageID/><Type>2</Type><Desc/><TimeLimit><Type>0</Type><Value/></TimeLimit><Message/><InLine><Require>0</Require><IsInherit>0</IsInherit><IsInheritSelectMode>1</IsInheritSelectMode><ExpandLevel>1</ExpandLevel><Multiplayer><IsEnabled>0</IsEnabled><SendMode>0</SendMode></Multiplayer><RangeRule/><ExAction/><SendBackAction/></InLine></attributes><attr/><nodeType>node</nodeType></Element><Element><id>VZh1XVt8byGogoZ</id><name>发起者→处室负责人</name><type>0</type><path><x>280</x><y>110</y></path><path><x>380</x><y>110</y></path><from>lCJ7XUGOFweteut</from><to>dSuJvTNhBfxfs6v</to><lineShape>single</lineShape><fromLocalPoint><x>0</x><y>0</y></fromLocalPoint><toLocalPoint><x>0</x><y>0</y></toLocalPoint><linkInfo><fromDirection>right</fromDirection><toDirection>top</toDirection><fromOffset>0</fromOffset><toOffset>-20</toOffset></linkInfo><attributes><ID>VZh1XVt8byGogoZ</ID><Name>发起者→处室负责人</Name><Alias/><StartNodeID>lCJ7XUGOFweteut</StartNodeID><EndNodeID>dSuJvTNhBfxfs6v</EndNodeID><Type/><LineShape>single</LineShape><Desc/><SendParameter><IsEnabled>1</IsEnabled><IsAutoSend>0</IsAutoSend><ShowOrder>1</ShowOrder><IsInherit>0</IsInherit><IsInheritSelectMode>1</IsInheritSelectMode><IsInheritDept>0</IsInheritDept><IsBackTrack>0</IsBackTrack><Multiplayer><SendMode>0</SendMode><SendModeOrder>0</SendModeOrder></Multiplayer><ExAction/><SendBackAction/><IsRemind>0</IsRemind><RemindContent/><HandleTag/><FlowInfoShowType>0</FlowInfoShowType></SendParameter><GatherStartNode/><GatherRule/></attributes><nodeType>line</nodeType></Element><Element><id>cZ0iQZBQxtkqomb</id><name>处室负责人→局保密办</name><type>0</type><path><x>400</x><y>130</y></path><path><x>400</x><y>200</y></path><from>dSuJvTNhBfxfs6v</from><to>mOBvISwKCh1jv2r</to><lineShape>single</lineShape><fromLocalPoint><x>0</x><y>0</y></fromLocalPoint><toLocalPoint><x>0</x><y>0</y></toLocalPoint><linkInfo><fromDirection>bottom</fromDirection><toDirection>top</toDirection><fromOffset>-20</fromOffset><toOffset>20</toOffset></linkInfo><attributes><ID>cZ0iQZBQxtkqomb</ID><Name>处室负责人→局保密办</Name><Alias/><StartNodeID>dSuJvTNhBfxfs6v</StartNodeID><EndNodeID>mOBvISwKCh1jv2r</EndNodeID><Type/><LineShape>single</LineShape><Desc/><SendParameter><IsEnabled>1</IsEnabled><IsAutoSend>0</IsAutoSend><ShowOrder>1</ShowOrder><IsInherit>0</IsInherit><IsInheritSelectMode>1</IsInheritSelectMode><IsInheritDept>0</IsInheritDept><IsBackTrack>0</IsBackTrack><Multiplayer><SendMode>0</SendMode><SendModeOrder>0</SendModeOrder></Multiplayer><ExAction/><SendBackAction/><IsRemind>0</IsRemind><RemindContent/><HandleTag/><FlowInfoShowType>0</FlowInfoShowType></SendParameter><GatherStartNode/><GatherRule/></attributes><nodeType>line</nodeType></Element><Element><id>ZgQRgUxqziUyyB2</id><name>局保密办→组织人事处办理</name><type>0</type><path><x>400</x><y>240</y></path><path><x>400</x><y>290</y></path><from>mOBvISwKCh1jv2r</from><to>pHjul9l8R12KNXR</to><lineShape>single</lineShape><fromLocalPoint><x>0</x><y>0</y></fromLocalPoint><toLocalPoint><x>0</x><y>0</y></toLocalPoint><linkInfo><fromDirection>right</fromDirection><toDirection>left</toDirection><fromOffset>0</fromOffset><toOffset>0</toOffset></linkInfo><attributes><ID>ZgQRgUxqziUyyB2</ID><Name>局保密办→组织人事处办理</Name><Alias/><StartNodeID>mOBvISwKCh1jv2r</StartNodeID><EndNodeID>pHjul9l8R12KNXR</EndNodeID><Type/><LineShape>single</LineShape><Desc/><SendParameter><IsEnabled>1</IsEnabled><IsAutoSend>0</IsAutoSend><ShowOrder>1</ShowOrder><IsInherit>0</IsInherit><IsInheritSelectMode>1</IsInheritSelectMode><IsInheritDept>0</IsInheritDept><IsBackTrack>0</IsBackTrack><Multiplayer><SendMode>0</SendMode><SendModeOrder>0</SendModeOrder></Multiplayer><ExAction/><SendBackAction/><IsRemind>0</IsRemind><RemindContent/><HandleTag/><FlowInfoShowType>0</FlowInfoShowType></SendParameter><GatherStartNode/><GatherRule/></attributes><nodeType>line</nodeType></Element><Element><id>fSAgGfbjBZZGE9P</id><name>组织人事处办理→组织人事处审批</name><type>0</type><path><x>400</x><y>330</y></path><path><x>400</x><y>390</y></path><from>pHjul9l8R12KNXR</from><to>4kjySdK9FX6fOVq</to><lineShape>single</lineShape><fromLocalPoint><x>0</x><y>0</y></fromLocalPoint><toLocalPoint><x>0</x><y>0</y></toLocalPoint><linkInfo><fromDirection>right</fromDirection><toDirection>left</toDirection><fromOffset>1.3333333333333428</fromOffset><toOffset>-1.3333333333333428</toOffset></linkInfo><attributes><ID>fSAgGfbjBZZGE9P</ID><Name>组织人事处办理→组织人事处审批</Name><Alias/><StartNodeID>pHjul9l8R12KNXR</StartNodeID><EndNodeID>4kjySdK9FX6fOVq</EndNodeID><Type/><LineShape>single</LineShape><Desc/><SendParameter><IsEnabled>1</IsEnabled><IsAutoSend>0</IsAutoSend><ShowOrder>1</ShowOrder><IsInherit>0</IsInherit><IsInheritSelectMode>1</IsInheritSelectMode><IsInheritDept>0</IsInheritDept><IsBackTrack>0</IsBackTrack><Multiplayer><SendMode>0</SendMode><SendModeOrder>0</SendModeOrder></Multiplayer><ExAction/><SendBackAction/><IsRemind>0</IsRemind><RemindContent/><HandleTag/><FlowInfoShowType>0</FlowInfoShowType></SendParameter><GatherStartNode/><GatherRule/></attributes><nodeType>line</nodeType></Element><Element><id>rijHAhc3nmpwbLE</id><name>组织人事处审批→分管局领导</name><type>0</type><path><x>400</x><y>430</y></path><path><x>400</x><y>480</y></path><from>4kjySdK9FX6fOVq</from><to>COtJ93DBgO8YuGJ</to><lineShape>single</lineShape><fromLocalPoint><x>0</x><y>0</y></fromLocalPoint><toLocalPoint><x>0</x><y>0</y></toLocalPoint><linkInfo><fromDirection>left</fromDirection><toDirection>top</toDirection><fromOffset>4.878048780487802</fromOffset><toOffset>20</toOffset></linkInfo><attributes><ID>rijHAhc3nmpwbLE</ID><Name>组织人事处审批→分管局领导</Name><Alias/><StartNodeID>4kjySdK9FX6fOVq</StartNodeID><EndNodeID>COtJ93DBgO8YuGJ</EndNodeID><Type/><LineShape>single</LineShape><Desc/><SendParameter><IsEnabled>1</IsEnabled><IsAutoSend>0</IsAutoSend><ShowOrder>1</ShowOrder><IsInherit>0</IsInherit><IsInheritSelectMode>1</IsInheritSelectMode><IsInheritDept>0</IsInheritDept><IsBackTrack>0</IsBackTrack><Multiplayer><SendMode>0</SendMode><SendModeOrder>0</SendModeOrder></Multiplayer><ExAction/><SendBackAction/><IsRemind>0</IsRemind><RemindContent/><HandleTag/><FlowInfoShowType>0</FlowInfoShowType></SendParameter><GatherStartNode/><GatherRule/></attributes><nodeType>line</nodeType></Element><Element><id>MqIC0vO7CG7JRia</id><name>分管局领导→局主要领导</name><type>0</type><path><x>400</x><y>520</y></path><path><x>400</x><y>590</y></path><from>COtJ93DBgO8YuGJ</from><to>O6V6z4Q5QFw96ch</to><lineShape>single</lineShape><fromLocalPoint><x>0</x><y>0</y></fromLocalPoint><toLocalPoint><x>0</x><y>0</y></toLocalPoint><linkInfo><fromDirection>right</fromDirection><toDirection>left</toDirection><fromOffset>0</fromOffset><toOffset>0</toOffset></linkInfo><attributes><ID>MqIC0vO7CG7JRia</ID><Name>分管局领导→局主要领导</Name><Alias/><StartNodeID>COtJ93DBgO8YuGJ</StartNodeID><EndNodeID>O6V6z4Q5QFw96ch</EndNodeID><Type/><LineShape>single</LineShape><Desc/><SendParameter><IsEnabled>1</IsEnabled><IsAutoSend>0</IsAutoSend><ShowOrder>1</ShowOrder><IsInherit>0</IsInherit><IsInheritSelectMode>1</IsInheritSelectMode><IsInheritDept>0</IsInheritDept><IsBackTrack>0</IsBackTrack><Multiplayer><SendMode>0</SendMode><SendModeOrder>0</SendModeOrder></Multiplayer><ExAction/><SendBackAction/><IsRemind>0</IsRemind><RemindContent/><HandleTag/><FlowInfoShowType>0</FlowInfoShowType></SendParameter><GatherStartNode/><GatherRule/></attributes><nodeType>line</nodeType></Element><Element><id>CnHFkysbDvWjO9v</id><name>局主要领导→办公室主任</name><type>0</type><path><x>420</x><y>610</y></path><path><x>540</x><y>610</y></path><from>O6V6z4Q5QFw96ch</from><to>aqtH7YYBcJHJUy2</to><lineShape>single</lineShape><fromLocalPoint><x>0</x><y>0</y></fromLocalPoint><toLocalPoint><x>0</x><y>0</y></toLocalPoint><linkInfo><fromDirection>right</fromDirection><toDirection>left</toDirection><fromOffset>2.5</fromOffset><toOffset>-2.5</toOffset></linkInfo><attributes><ID>CnHFkysbDvWjO9v</ID><Name>局主要领导→办公室主任</Name><Alias/><StartNodeID>O6V6z4Q5QFw96ch</StartNodeID><EndNodeID>aqtH7YYBcJHJUy2</EndNodeID><Type/><LineShape>single</LineShape><Desc/><SendParameter><IsEnabled>1</IsEnabled><IsAutoSend>1</IsAutoSend><ShowOrder>1</ShowOrder><IsInherit>0</IsInherit><IsInheritSelectMode>1</IsInheritSelectMode><IsInheritDept>0</IsInheritDept><IsBackTrack>0</IsBackTrack><Multiplayer><SendMode>0</SendMode><SendModeOrder>0</SendModeOrder></Multiplayer><ExAction/><SendBackAction/><IsRemind>0</IsRemind><RemindContent/><HandleTag/><FlowInfoShowType>0</FlowInfoShowType></SendParameter><GatherStartNode/><GatherRule/></attributes><nodeType>line</nodeType></Element><Element><id>F0jBwPmZrU0Yf8J</id><name>办公室主任→拟稿人中转</name><type>0</type><path><x>580</x><y>610</y></path><path><x>660</x><y>610</y></path><from>aqtH7YYBcJHJUy2</from><to>oROz00MSL9u313Y</to><lineShape>single</lineShape><fromLocalPoint><x>0</x><y>0</y></fromLocalPoint><toLocalPoint><x>0</x><y>0</y></toLocalPoint><linkInfo><fromDirection>right</fromDirection><toDirection>bottom</toDirection><fromOffset>0</fromOffset><toOffset>-20</toOffset></linkInfo><attributes><ID>F0jBwPmZrU0Yf8J</ID><Name>办公室主任→拟稿人中转</Name><Alias/><StartNodeID>aqtH7YYBcJHJUy2</StartNodeID><EndNodeID>oROz00MSL9u313Y</EndNodeID><Type/><LineShape>single</LineShape><Desc/><SendParameter><IsEnabled>1</IsEnabled><IsAutoSend>0</IsAutoSend><ShowOrder>1</ShowOrder><IsInherit>0</IsInherit><IsInheritSelectMode>1</IsInheritSelectMode><IsInheritDept>0</IsInheritDept><IsBackTrack>0</IsBackTrack><Multiplayer><SendMode>0</SendMode><SendModeOrder>0</SendModeOrder></Multiplayer><ExAction/><SendBackAction/><IsRemind>0</IsRemind><RemindContent/><HandleTag/><FlowInfoShowType>0</FlowInfoShowType></SendParameter><GatherStartNode/><GatherRule/></attributes><nodeType>line</nodeType></Element><Element><id>Sbnh55hBCP6QZUV</id><name>拟稿人中转→组织人事处</name><type>0</type><path><x>700</x><y>610</y></path><path><x>780</x><y>610</y></path><from>oROz00MSL9u313Y</from><to>vn9JyhZJY7quKaE</to><lineShape>single</lineShape><fromLocalPoint><x>0</x><y>0</y></fromLocalPoint><toLocalPoint><x>0</x><y>0</y></toLocalPoint><linkInfo><fromDirection>left</fromDirection><toDirection>top</toDirection><fromOffset>5.128205128205138</fromOffset><toOffset>20</toOffset></linkInfo><attributes><ID>Sbnh55hBCP6QZUV</ID><Name>拟稿人中转→组织人事处</Name><Alias/><StartNodeID>oROz00MSL9u313Y</StartNodeID><EndNodeID>vn9JyhZJY7quKaE</EndNodeID><Type/><LineShape>single</LineShape><Desc/><SendParameter><IsEnabled>1</IsEnabled><IsAutoSend>0</IsAutoSend><ShowOrder>1</ShowOrder><IsInherit>0</IsInherit><IsInheritSelectMode>1</IsInheritSelectMode><IsInheritDept>0</IsInheritDept><IsBackTrack>0</IsBackTrack><Multiplayer><SendMode>0</SendMode><SendModeOrder>0</SendModeOrder></Multiplayer><ExAction/><SendBackAction/><IsRemind>0</IsRemind><RemindContent/><HandleTag/><FlowInfoShowType>0</FlowInfoShowType></SendParameter><GatherStartNode/><GatherRule/></attributes><nodeType>line</nodeType></Element><Element><id>yoCbZnjuSDiYe0a</id><name>组织人事处→办结</name><type>0</type><path><x>820</x><y>610</y></path><path><x>910</x><y>610</y></path><from>vn9JyhZJY7quKaE</from><to>2KB5aWhBojgmqSF</to><lineShape>single</lineShape><fromLocalPoint><x>0</x><y>0</y></fromLocalPoint><toLocalPoint><x>0</x><y>0</y></toLocalPoint><linkInfo><fromDirection>right</fromDirection><toDirection>top</toDirection><fromOffset>3.636363636363626</fromOffset><toOffset>-20</toOffset></linkInfo><attributes><ID>yoCbZnjuSDiYe0a</ID><Name>组织人事处→办结</Name><Alias/><StartNodeID>vn9JyhZJY7quKaE</StartNodeID><EndNodeID>2KB5aWhBojgmqSF</EndNodeID><Type/><LineShape>single</LineShape><Desc/><SendParameter><IsEnabled>1</IsEnabled><IsAutoSend>0</IsAutoSend><ShowOrder>1</ShowOrder><IsInherit>0</IsInherit><IsInheritSelectMode>1</IsInheritSelectMode><IsInheritDept>0</IsInheritDept><IsBackTrack>0</IsBackTrack><Multiplayer><SendMode>0</SendMode><SendModeOrder>0</SendModeOrder></Multiplayer><ExAction/><SendBackAction/><IsRemind>0</IsRemind><RemindContent/><HandleTag/><FlowInfoShowType>0</FlowInfoShowType></SendParameter><GatherStartNode/><GatherRule/></attributes><nodeType>line</nodeType></Element><Element><id>fIYoEl9va11ey7y</id><name>分管局领导→办公室主任</name><type>0</type><path><x>420</x><y>500</y></path><path><x>560</x><y>500</y></path><path><x>560</x><y>590</y></path><from>COtJ93DBgO8YuGJ</from><to>aqtH7YYBcJHJUy2</to><lineShape>multi</lineShape><fromLocalPoint><x>0</x><y>0</y></fromLocalPoint><toLocalPoint><x>0</x><y>0</y></toLocalPoint><linkInfo><fromDirection>right</fromDirection><toDirection>top</toDirection><fromOffset>0</fromOffset><toOffset>0</toOffset></linkInfo><attributes><ID>fIYoEl9va11ey7y</ID><Name>分管局领导→办公室主任</Name><Alias/><StartNodeID>COtJ93DBgO8YuGJ</StartNodeID><EndNodeID>aqtH7YYBcJHJUy2</EndNodeID><Type/><LineShape>multi</LineShape><Desc/><SendParameter><IsEnabled>1</IsEnabled><IsAutoSend>0</IsAutoSend><ShowOrder>1</ShowOrder><IsInherit>0</IsInherit><IsInheritSelectMode>1</IsInheritSelectMode><IsInheritDept>0</IsInheritDept><IsBackTrack>0</IsBackTrack><Multiplayer><SendMode>0</SendMode><SendModeOrder>0</SendModeOrder></Multiplayer><ExAction/><SendBackAction/><IsRemind>0</IsRemind><RemindContent/><HandleTag/><FlowInfoShowType>0</FlowInfoShowType></SendParameter><GatherStartNode/><GatherRule/></attributes><nodeType>line</nodeType></Element><Element><id>tS1kvxCsJhXgMUj</id><name>处室负责人→组织人事处办理</name><type>0</type><path><x>420</x><y>110</y></path><path><x>450</x><y>110</y></path><path><x>450</x><y>310</y></path><path><x>420</x><y>310</y></path><from>dSuJvTNhBfxfs6v</from><to>pHjul9l8R12KNXR</to><lineShape>multi</lineShape><fromLocalPoint><x>0</x><y>0</y></fromLocalPoint><toLocalPoint><x>0</x><y>0</y></toLocalPoint><linkInfo><fromDirection>right</fromDirection><toDirection>right</toDirection><fromOffset>0</fromOffset><toOffset>0</toOffset></linkInfo><attributes><ID>tS1kvxCsJhXgMUj</ID><Name>处室负责人→组织人事处办理</Name><Alias/><StartNodeID>dSuJvTNhBfxfs6v</StartNodeID><EndNodeID>pHjul9l8R12KNXR</EndNodeID><Type/><LineShape>multi</LineShape><Desc/><SendParameter><IsEnabled>1</IsEnabled><IsAutoSend>0</IsAutoSend><ShowOrder>1</ShowOrder><IsInherit>0</IsInherit><IsInheritSelectMode>1</IsInheritSelectMode><IsInheritDept>0</IsInheritDept><IsBackTrack>0</IsBackTrack><Multiplayer><SendMode>0</SendMode><SendModeOrder>0</SendModeOrder></Multiplayer><ExAction/><SendBackAction/><IsRemind>0</IsRemind><RemindContent/><HandleTag/><FlowInfoShowType>0</FlowInfoShowType></SendParameter><GatherStartNode/><GatherRule/></attributes><nodeType>line</nodeType></Element><Element><id>Aez3YYo04nqhOn8</id><name>处室负责人→组织人事处审批</name><type>0</type><path><x>420</x><y>100</y></path><path><x>480</x><y>100</y></path><path><x>480</x><y>410</y></path><path><x>420</x><y>410</y></path><from>dSuJvTNhBfxfs6v</from><to>4kjySdK9FX6fOVq</to><lineShape>multi</lineShape><fromLocalPoint><x>0</x><y>0</y></fromLocalPoint><toLocalPoint><x>0</x><y>0</y></toLocalPoint><linkInfo><fromDirection>right</fromDirection><toDirection>right</toDirection><fromOffset>-10</fromOffset><toOffset>0</toOffset></linkInfo><attributes><ID>Aez3YYo04nqhOn8</ID><Name>处室负责人→组织人事处审批</Name><Alias/><StartNodeID>dSuJvTNhBfxfs6v</StartNodeID><EndNodeID>4kjySdK9FX6fOVq</EndNodeID><Type/><LineShape>multi</LineShape><Desc/><SendParameter><IsEnabled>1</IsEnabled><IsAutoSend>0</IsAutoSend><ShowOrder>1</ShowOrder><IsInherit>0</IsInherit><IsInheritSelectMode>1</IsInheritSelectMode><IsInheritDept>0</IsInheritDept><IsBackTrack>0</IsBackTrack><Multiplayer><SendMode>0</SendMode><SendModeOrder>0</SendModeOrder></Multiplayer><ExAction/><SendBackAction/><IsRemind>0</IsRemind><RemindContent/><HandleTag/><FlowInfoShowType>0</FlowInfoShowType></SendParameter><GatherStartNode/><GatherRule/></attributes><nodeType>line</nodeType></Element></ElementList></WorkFlow>