<G_FLOW_LINE>
<Row><ID PrimaryKey='true'><![CDATA[240820161055iw7ejyG41olj5RNs8XN]]></ID><ROWSTATE DbType='NUMERIC'><![CDATA[1]]></ROWSTATE><CREATE_USERID><![CDATA[]]></CREATE_USERID><CREATE_UNAME><![CDATA[]]></CREATE_UNAME><CREATE_DEPTID><![CDATA[]]></CREATE_DEPTID><CREATE_UNITID><![CDATA[180505162656YILYYOzw1FnE5OzzNxm]]></CREATE_UNITID><CREATE_TIME DbType='DATE'><![CDATA[2024-08-20 16:10:55.0]]></CREATE_TIME><LASTUPDATE_USERID><![CDATA[]]></LASTUPDATE_USERID><LASTUPDATE_UNAME><![CDATA[]]></LASTUPDATE_UNAME><LASTUPDATE_DEPTID><![CDATA[]]></LASTUPDATE_DEPTID><LASTUPDATE_UNITID><![CDATA[]]></LASTUPDATE_UNITID><LASTUPDATE_TIME DbType='DATE'><![CDATA[2024-08-20 16:10:55.0]]></LASTUPDATE_TIME><PROJECT_ID><![CDATA[p2433]]></PROJECT_ID><CREATE_DEPTNAME><![CDATA[]]></CREATE_DEPTNAME><CREATE_UNITNAME><![CDATA[]]></CREATE_UNITNAME><LASTUPDATE_DEPTNAME><![CDATA[]]></LASTUPDATE_DEPTNAME><LASTUPDATE_UNITNAME><![CDATA[]]></LASTUPDATE_UNITNAME><IS_MODIFY DbType='NUMERIC'><![CDATA[-1]]></IS_MODIFY><IS_VALID_DATA DbType='NUMERIC'><![CDATA[1]]></IS_VALID_DATA><CLONE_ID><![CDATA[]]></CLONE_ID><MODULE_ID><![CDATA[2401301002390ipFYU6OzeCNDMN0r1X]]></MODULE_ID><FLOW_ID><![CDATA[2402011005226rRQCKy1dfPm9s7Nfjh]]></FLOW_ID><LINE_ID><![CDATA[VZh1XVt8byGogoZ]]></LINE_ID><LINE_NAME><![CDATA[发起者→处室负责人]]></LINE_NAME><LINE_ALIAS><![CDATA[]]></LINE_ALIAS><LINE_TYPE DbType='NUMERIC'><![CDATA[0]]></LINE_TYPE><START_NODE_ID><![CDATA[lCJ7XUGOFweteut]]></START_NODE_ID><END_NODE_ID><![CDATA[dSuJvTNhBfxfs6v]]></END_NODE_ID><HANDLE_TAG_ID><![CDATA[]]></HANDLE_TAG_ID><HANDLE_TAG_NAME><![CDATA[]]></HANDLE_TAG_NAME><SHOWORDER DbType='NUMERIC'><![CDATA[1]]></SHOWORDER><REMARK><![CDATA[]]></REMARK><DEFAULT_FORM_ID><![CDATA[]]></DEFAULT_FORM_ID><ITEMINDEX DbType='NUMERIC'><![CDATA[]]></ITEMINDEX><SEND_OPERATION_MODE><![CDATA[]]></SEND_OPERATION_MODE><SEND_OPERATION_CONTENT DbType='CLOB'><![CDATA[]]></SEND_OPERATION_CONTENT><SENDBACK_OPERATION_MODE><![CDATA[]]></SENDBACK_OPERATION_MODE><SENDBACK_OPERATION_CONTENT DbType='CLOB'><![CDATA[]]></SENDBACK_OPERATION_CONTENT><PRODUCT_ID><![CDATA[]]></PRODUCT_ID></Row>
<Row><ID PrimaryKey='true'><![CDATA[240820161055cXwm1sReQ2scbjudVjk]]></ID><ROWSTATE DbType='NUMERIC'><![CDATA[1]]></ROWSTATE><CREATE_USERID><![CDATA[]]></CREATE_USERID><CREATE_UNAME><![CDATA[]]></CREATE_UNAME><CREATE_DEPTID><![CDATA[]]></CREATE_DEPTID><CREATE_UNITID><![CDATA[180505162656YILYYOzw1FnE5OzzNxm]]></CREATE_UNITID><CREATE_TIME DbType='DATE'><![CDATA[2024-08-20 16:10:55.0]]></CREATE_TIME><LASTUPDATE_USERID><![CDATA[]]></LASTUPDATE_USERID><LASTUPDATE_UNAME><![CDATA[]]></LASTUPDATE_UNAME><LASTUPDATE_DEPTID><![CDATA[]]></LASTUPDATE_DEPTID><LASTUPDATE_UNITID><![CDATA[]]></LASTUPDATE_UNITID><LASTUPDATE_TIME DbType='DATE'><![CDATA[2024-08-20 16:10:55.0]]></LASTUPDATE_TIME><PROJECT_ID><![CDATA[p2433]]></PROJECT_ID><CREATE_DEPTNAME><![CDATA[]]></CREATE_DEPTNAME><CREATE_UNITNAME><![CDATA[]]></CREATE_UNITNAME><LASTUPDATE_DEPTNAME><![CDATA[]]></LASTUPDATE_DEPTNAME><LASTUPDATE_UNITNAME><![CDATA[]]></LASTUPDATE_UNITNAME><IS_MODIFY DbType='NUMERIC'><![CDATA[-1]]></IS_MODIFY><IS_VALID_DATA DbType='NUMERIC'><![CDATA[1]]></IS_VALID_DATA><CLONE_ID><![CDATA[]]></CLONE_ID><MODULE_ID><![CDATA[2401301002390ipFYU6OzeCNDMN0r1X]]></MODULE_ID><FLOW_ID><![CDATA[2402011005226rRQCKy1dfPm9s7Nfjh]]></FLOW_ID><LINE_ID><![CDATA[cZ0iQZBQxtkqomb]]></LINE_ID><LINE_NAME><![CDATA[处室负责人→局保密办]]></LINE_NAME><LINE_ALIAS><![CDATA[]]></LINE_ALIAS><LINE_TYPE DbType='NUMERIC'><![CDATA[0]]></LINE_TYPE><START_NODE_ID><![CDATA[dSuJvTNhBfxfs6v]]></START_NODE_ID><END_NODE_ID><![CDATA[mOBvISwKCh1jv2r]]></END_NODE_ID><HANDLE_TAG_ID><![CDATA[]]></HANDLE_TAG_ID><HANDLE_TAG_NAME><![CDATA[]]></HANDLE_TAG_NAME><SHOWORDER DbType='NUMERIC'><![CDATA[1]]></SHOWORDER><REMARK><![CDATA[]]></REMARK><DEFAULT_FORM_ID><![CDATA[]]></DEFAULT_FORM_ID><ITEMINDEX DbType='NUMERIC'><![CDATA[]]></ITEMINDEX><SEND_OPERATION_MODE><![CDATA[]]></SEND_OPERATION_MODE><SEND_OPERATION_CONTENT DbType='CLOB'><![CDATA[]]></SEND_OPERATION_CONTENT><SENDBACK_OPERATION_MODE><![CDATA[]]></SENDBACK_OPERATION_MODE><SENDBACK_OPERATION_CONTENT DbType='CLOB'><![CDATA[]]></SENDBACK_OPERATION_CONTENT><PRODUCT_ID><![CDATA[]]></PRODUCT_ID></Row>
<Row><ID PrimaryKey='true'><![CDATA[2408201610553GbL4SF0zL2teDoMvEU]]></ID><ROWSTATE DbType='NUMERIC'><![CDATA[1]]></ROWSTATE><CREATE_USERID><![CDATA[]]></CREATE_USERID><CREATE_UNAME><![CDATA[]]></CREATE_UNAME><CREATE_DEPTID><![CDATA[]]></CREATE_DEPTID><CREATE_UNITID><![CDATA[180505162656YILYYOzw1FnE5OzzNxm]]></CREATE_UNITID><CREATE_TIME DbType='DATE'><![CDATA[2024-08-20 16:10:55.0]]></CREATE_TIME><LASTUPDATE_USERID><![CDATA[]]></LASTUPDATE_USERID><LASTUPDATE_UNAME><![CDATA[]]></LASTUPDATE_UNAME><LASTUPDATE_DEPTID><![CDATA[]]></LASTUPDATE_DEPTID><LASTUPDATE_UNITID><![CDATA[]]></LASTUPDATE_UNITID><LASTUPDATE_TIME DbType='DATE'><![CDATA[2024-08-20 16:10:55.0]]></LASTUPDATE_TIME><PROJECT_ID><![CDATA[p2433]]></PROJECT_ID><CREATE_DEPTNAME><![CDATA[]]></CREATE_DEPTNAME><CREATE_UNITNAME><![CDATA[]]></CREATE_UNITNAME><LASTUPDATE_DEPTNAME><![CDATA[]]></LASTUPDATE_DEPTNAME><LASTUPDATE_UNITNAME><![CDATA[]]></LASTUPDATE_UNITNAME><IS_MODIFY DbType='NUMERIC'><![CDATA[-1]]></IS_MODIFY><IS_VALID_DATA DbType='NUMERIC'><![CDATA[1]]></IS_VALID_DATA><CLONE_ID><![CDATA[]]></CLONE_ID><MODULE_ID><![CDATA[2401301002390ipFYU6OzeCNDMN0r1X]]></MODULE_ID><FLOW_ID><![CDATA[2402011005226rRQCKy1dfPm9s7Nfjh]]></FLOW_ID><LINE_ID><![CDATA[ZgQRgUxqziUyyB2]]></LINE_ID><LINE_NAME><![CDATA[局保密办→组织人事处办理]]></LINE_NAME><LINE_ALIAS><![CDATA[]]></LINE_ALIAS><LINE_TYPE DbType='NUMERIC'><![CDATA[0]]></LINE_TYPE><START_NODE_ID><![CDATA[mOBvISwKCh1jv2r]]></START_NODE_ID><END_NODE_ID><![CDATA[pHjul9l8R12KNXR]]></END_NODE_ID><HANDLE_TAG_ID><![CDATA[]]></HANDLE_TAG_ID><HANDLE_TAG_NAME><![CDATA[]]></HANDLE_TAG_NAME><SHOWORDER DbType='NUMERIC'><![CDATA[1]]></SHOWORDER><REMARK><![CDATA[]]></REMARK><DEFAULT_FORM_ID><![CDATA[]]></DEFAULT_FORM_ID><ITEMINDEX DbType='NUMERIC'><![CDATA[]]></ITEMINDEX><SEND_OPERATION_MODE><![CDATA[]]></SEND_OPERATION_MODE><SEND_OPERATION_CONTENT DbType='CLOB'><![CDATA[]]></SEND_OPERATION_CONTENT><SENDBACK_OPERATION_MODE><![CDATA[]]></SENDBACK_OPERATION_MODE><SENDBACK_OPERATION_CONTENT DbType='CLOB'><![CDATA[]]></SENDBACK_OPERATION_CONTENT><PRODUCT_ID><![CDATA[]]></PRODUCT_ID></Row>
<Row><ID PrimaryKey='true'><![CDATA[240820161055jRSM4hfwpUrUWCc2yCV]]></ID><ROWSTATE DbType='NUMERIC'><![CDATA[1]]></ROWSTATE><CREATE_USERID><![CDATA[]]></CREATE_USERID><CREATE_UNAME><![CDATA[]]></CREATE_UNAME><CREATE_DEPTID><![CDATA[]]></CREATE_DEPTID><CREATE_UNITID><![CDATA[180505162656YILYYOzw1FnE5OzzNxm]]></CREATE_UNITID><CREATE_TIME DbType='DATE'><![CDATA[2024-08-20 16:10:55.0]]></CREATE_TIME><LASTUPDATE_USERID><![CDATA[]]></LASTUPDATE_USERID><LASTUPDATE_UNAME><![CDATA[]]></LASTUPDATE_UNAME><LASTUPDATE_DEPTID><![CDATA[]]></LASTUPDATE_DEPTID><LASTUPDATE_UNITID><![CDATA[]]></LASTUPDATE_UNITID><LASTUPDATE_TIME DbType='DATE'><![CDATA[2024-08-20 16:10:55.0]]></LASTUPDATE_TIME><PROJECT_ID><![CDATA[p2433]]></PROJECT_ID><CREATE_DEPTNAME><![CDATA[]]></CREATE_DEPTNAME><CREATE_UNITNAME><![CDATA[]]></CREATE_UNITNAME><LASTUPDATE_DEPTNAME><![CDATA[]]></LASTUPDATE_DEPTNAME><LASTUPDATE_UNITNAME><![CDATA[]]></LASTUPDATE_UNITNAME><IS_MODIFY DbType='NUMERIC'><![CDATA[-1]]></IS_MODIFY><IS_VALID_DATA DbType='NUMERIC'><![CDATA[1]]></IS_VALID_DATA><CLONE_ID><![CDATA[]]></CLONE_ID><MODULE_ID><![CDATA[2401301002390ipFYU6OzeCNDMN0r1X]]></MODULE_ID><FLOW_ID><![CDATA[2402011005226rRQCKy1dfPm9s7Nfjh]]></FLOW_ID><LINE_ID><![CDATA[fSAgGfbjBZZGE9P]]></LINE_ID><LINE_NAME><![CDATA[组织人事处办理→组织人事处审批]]></LINE_NAME><LINE_ALIAS><![CDATA[]]></LINE_ALIAS><LINE_TYPE DbType='NUMERIC'><![CDATA[0]]></LINE_TYPE><START_NODE_ID><![CDATA[pHjul9l8R12KNXR]]></START_NODE_ID><END_NODE_ID><![CDATA[4kjySdK9FX6fOVq]]></END_NODE_ID><HANDLE_TAG_ID><![CDATA[]]></HANDLE_TAG_ID><HANDLE_TAG_NAME><![CDATA[]]></HANDLE_TAG_NAME><SHOWORDER DbType='NUMERIC'><![CDATA[1]]></SHOWORDER><REMARK><![CDATA[]]></REMARK><DEFAULT_FORM_ID><![CDATA[]]></DEFAULT_FORM_ID><ITEMINDEX DbType='NUMERIC'><![CDATA[]]></ITEMINDEX><SEND_OPERATION_MODE><![CDATA[]]></SEND_OPERATION_MODE><SEND_OPERATION_CONTENT DbType='CLOB'><![CDATA[]]></SEND_OPERATION_CONTENT><SENDBACK_OPERATION_MODE><![CDATA[]]></SENDBACK_OPERATION_MODE><SENDBACK_OPERATION_CONTENT DbType='CLOB'><![CDATA[]]></SENDBACK_OPERATION_CONTENT><PRODUCT_ID><![CDATA[]]></PRODUCT_ID></Row>
<Row><ID PrimaryKey='true'><![CDATA[240820161055oSOBoHSM4TxascS3MO2]]></ID><ROWSTATE DbType='NUMERIC'><![CDATA[1]]></ROWSTATE><CREATE_USERID><![CDATA[]]></CREATE_USERID><CREATE_UNAME><![CDATA[]]></CREATE_UNAME><CREATE_DEPTID><![CDATA[]]></CREATE_DEPTID><CREATE_UNITID><![CDATA[180505162656YILYYOzw1FnE5OzzNxm]]></CREATE_UNITID><CREATE_TIME DbType='DATE'><![CDATA[2024-08-20 16:10:55.0]]></CREATE_TIME><LASTUPDATE_USERID><![CDATA[]]></LASTUPDATE_USERID><LASTUPDATE_UNAME><![CDATA[]]></LASTUPDATE_UNAME><LASTUPDATE_DEPTID><![CDATA[]]></LASTUPDATE_DEPTID><LASTUPDATE_UNITID><![CDATA[]]></LASTUPDATE_UNITID><LASTUPDATE_TIME DbType='DATE'><![CDATA[2024-08-20 16:10:55.0]]></LASTUPDATE_TIME><PROJECT_ID><![CDATA[p2433]]></PROJECT_ID><CREATE_DEPTNAME><![CDATA[]]></CREATE_DEPTNAME><CREATE_UNITNAME><![CDATA[]]></CREATE_UNITNAME><LASTUPDATE_DEPTNAME><![CDATA[]]></LASTUPDATE_DEPTNAME><LASTUPDATE_UNITNAME><![CDATA[]]></LASTUPDATE_UNITNAME><IS_MODIFY DbType='NUMERIC'><![CDATA[-1]]></IS_MODIFY><IS_VALID_DATA DbType='NUMERIC'><![CDATA[1]]></IS_VALID_DATA><CLONE_ID><![CDATA[]]></CLONE_ID><MODULE_ID><![CDATA[2401301002390ipFYU6OzeCNDMN0r1X]]></MODULE_ID><FLOW_ID><![CDATA[2402011005226rRQCKy1dfPm9s7Nfjh]]></FLOW_ID><LINE_ID><![CDATA[rijHAhc3nmpwbLE]]></LINE_ID><LINE_NAME><![CDATA[组织人事处审批→分管局领导]]></LINE_NAME><LINE_ALIAS><![CDATA[]]></LINE_ALIAS><LINE_TYPE DbType='NUMERIC'><![CDATA[0]]></LINE_TYPE><START_NODE_ID><![CDATA[4kjySdK9FX6fOVq]]></START_NODE_ID><END_NODE_ID><![CDATA[COtJ93DBgO8YuGJ]]></END_NODE_ID><HANDLE_TAG_ID><![CDATA[]]></HANDLE_TAG_ID><HANDLE_TAG_NAME><![CDATA[]]></HANDLE_TAG_NAME><SHOWORDER DbType='NUMERIC'><![CDATA[1]]></SHOWORDER><REMARK><![CDATA[]]></REMARK><DEFAULT_FORM_ID><![CDATA[]]></DEFAULT_FORM_ID><ITEMINDEX DbType='NUMERIC'><![CDATA[]]></ITEMINDEX><SEND_OPERATION_MODE><![CDATA[]]></SEND_OPERATION_MODE><SEND_OPERATION_CONTENT DbType='CLOB'><![CDATA[]]></SEND_OPERATION_CONTENT><SENDBACK_OPERATION_MODE><![CDATA[]]></SENDBACK_OPERATION_MODE><SENDBACK_OPERATION_CONTENT DbType='CLOB'><![CDATA[]]></SENDBACK_OPERATION_CONTENT><PRODUCT_ID><![CDATA[]]></PRODUCT_ID></Row>
<Row><ID PrimaryKey='true'><![CDATA[240820161055vzueW2fm5Gkvz4b3Qdg]]></ID><ROWSTATE DbType='NUMERIC'><![CDATA[1]]></ROWSTATE><CREATE_USERID><![CDATA[]]></CREATE_USERID><CREATE_UNAME><![CDATA[]]></CREATE_UNAME><CREATE_DEPTID><![CDATA[]]></CREATE_DEPTID><CREATE_UNITID><![CDATA[180505162656YILYYOzw1FnE5OzzNxm]]></CREATE_UNITID><CREATE_TIME DbType='DATE'><![CDATA[2024-08-20 16:10:55.0]]></CREATE_TIME><LASTUPDATE_USERID><![CDATA[]]></LASTUPDATE_USERID><LASTUPDATE_UNAME><![CDATA[]]></LASTUPDATE_UNAME><LASTUPDATE_DEPTID><![CDATA[]]></LASTUPDATE_DEPTID><LASTUPDATE_UNITID><![CDATA[]]></LASTUPDATE_UNITID><LASTUPDATE_TIME DbType='DATE'><![CDATA[2024-08-20 16:10:55.0]]></LASTUPDATE_TIME><PROJECT_ID><![CDATA[p2433]]></PROJECT_ID><CREATE_DEPTNAME><![CDATA[]]></CREATE_DEPTNAME><CREATE_UNITNAME><![CDATA[]]></CREATE_UNITNAME><LASTUPDATE_DEPTNAME><![CDATA[]]></LASTUPDATE_DEPTNAME><LASTUPDATE_UNITNAME><![CDATA[]]></LASTUPDATE_UNITNAME><IS_MODIFY DbType='NUMERIC'><![CDATA[-1]]></IS_MODIFY><IS_VALID_DATA DbType='NUMERIC'><![CDATA[1]]></IS_VALID_DATA><CLONE_ID><![CDATA[]]></CLONE_ID><MODULE_ID><![CDATA[2401301002390ipFYU6OzeCNDMN0r1X]]></MODULE_ID><FLOW_ID><![CDATA[2402011005226rRQCKy1dfPm9s7Nfjh]]></FLOW_ID><LINE_ID><![CDATA[MqIC0vO7CG7JRia]]></LINE_ID><LINE_NAME><![CDATA[分管局领导→局主要领导]]></LINE_NAME><LINE_ALIAS><![CDATA[]]></LINE_ALIAS><LINE_TYPE DbType='NUMERIC'><![CDATA[0]]></LINE_TYPE><START_NODE_ID><![CDATA[COtJ93DBgO8YuGJ]]></START_NODE_ID><END_NODE_ID><![CDATA[O6V6z4Q5QFw96ch]]></END_NODE_ID><HANDLE_TAG_ID><![CDATA[]]></HANDLE_TAG_ID><HANDLE_TAG_NAME><![CDATA[]]></HANDLE_TAG_NAME><SHOWORDER DbType='NUMERIC'><![CDATA[1]]></SHOWORDER><REMARK><![CDATA[]]></REMARK><DEFAULT_FORM_ID><![CDATA[]]></DEFAULT_FORM_ID><ITEMINDEX DbType='NUMERIC'><![CDATA[]]></ITEMINDEX><SEND_OPERATION_MODE><![CDATA[]]></SEND_OPERATION_MODE><SEND_OPERATION_CONTENT DbType='CLOB'><![CDATA[]]></SEND_OPERATION_CONTENT><SENDBACK_OPERATION_MODE><![CDATA[]]></SENDBACK_OPERATION_MODE><SENDBACK_OPERATION_CONTENT DbType='CLOB'><![CDATA[]]></SENDBACK_OPERATION_CONTENT><PRODUCT_ID><![CDATA[]]></PRODUCT_ID></Row>
<Row><ID PrimaryKey='true'><![CDATA[24082016105520a0CBiq22Xik3DhXkl]]></ID><ROWSTATE DbType='NUMERIC'><![CDATA[1]]></ROWSTATE><CREATE_USERID><![CDATA[]]></CREATE_USERID><CREATE_UNAME><![CDATA[]]></CREATE_UNAME><CREATE_DEPTID><![CDATA[]]></CREATE_DEPTID><CREATE_UNITID><![CDATA[180505162656YILYYOzw1FnE5OzzNxm]]></CREATE_UNITID><CREATE_TIME DbType='DATE'><![CDATA[2024-08-20 16:10:55.0]]></CREATE_TIME><LASTUPDATE_USERID><![CDATA[]]></LASTUPDATE_USERID><LASTUPDATE_UNAME><![CDATA[]]></LASTUPDATE_UNAME><LASTUPDATE_DEPTID><![CDATA[]]></LASTUPDATE_DEPTID><LASTUPDATE_UNITID><![CDATA[]]></LASTUPDATE_UNITID><LASTUPDATE_TIME DbType='DATE'><![CDATA[2024-08-20 16:10:55.0]]></LASTUPDATE_TIME><PROJECT_ID><![CDATA[p2433]]></PROJECT_ID><CREATE_DEPTNAME><![CDATA[]]></CREATE_DEPTNAME><CREATE_UNITNAME><![CDATA[]]></CREATE_UNITNAME><LASTUPDATE_DEPTNAME><![CDATA[]]></LASTUPDATE_DEPTNAME><LASTUPDATE_UNITNAME><![CDATA[]]></LASTUPDATE_UNITNAME><IS_MODIFY DbType='NUMERIC'><![CDATA[-1]]></IS_MODIFY><IS_VALID_DATA DbType='NUMERIC'><![CDATA[1]]></IS_VALID_DATA><CLONE_ID><![CDATA[]]></CLONE_ID><MODULE_ID><![CDATA[2401301002390ipFYU6OzeCNDMN0r1X]]></MODULE_ID><FLOW_ID><![CDATA[2402011005226rRQCKy1dfPm9s7Nfjh]]></FLOW_ID><LINE_ID><![CDATA[CnHFkysbDvWjO9v]]></LINE_ID><LINE_NAME><![CDATA[局主要领导→办公室主任]]></LINE_NAME><LINE_ALIAS><![CDATA[]]></LINE_ALIAS><LINE_TYPE DbType='NUMERIC'><![CDATA[0]]></LINE_TYPE><START_NODE_ID><![CDATA[O6V6z4Q5QFw96ch]]></START_NODE_ID><END_NODE_ID><![CDATA[aqtH7YYBcJHJUy2]]></END_NODE_ID><HANDLE_TAG_ID><![CDATA[]]></HANDLE_TAG_ID><HANDLE_TAG_NAME><![CDATA[]]></HANDLE_TAG_NAME><SHOWORDER DbType='NUMERIC'><![CDATA[1]]></SHOWORDER><REMARK><![CDATA[]]></REMARK><DEFAULT_FORM_ID><![CDATA[]]></DEFAULT_FORM_ID><ITEMINDEX DbType='NUMERIC'><![CDATA[]]></ITEMINDEX><SEND_OPERATION_MODE><![CDATA[]]></SEND_OPERATION_MODE><SEND_OPERATION_CONTENT DbType='CLOB'><![CDATA[]]></SEND_OPERATION_CONTENT><SENDBACK_OPERATION_MODE><![CDATA[]]></SENDBACK_OPERATION_MODE><SENDBACK_OPERATION_CONTENT DbType='CLOB'><![CDATA[]]></SENDBACK_OPERATION_CONTENT><PRODUCT_ID><![CDATA[]]></PRODUCT_ID></Row>
<Row><ID PrimaryKey='true'><![CDATA[240820161055eshVRoHWvru77ijJWe9]]></ID><ROWSTATE DbType='NUMERIC'><![CDATA[1]]></ROWSTATE><CREATE_USERID><![CDATA[]]></CREATE_USERID><CREATE_UNAME><![CDATA[]]></CREATE_UNAME><CREATE_DEPTID><![CDATA[]]></CREATE_DEPTID><CREATE_UNITID><![CDATA[180505162656YILYYOzw1FnE5OzzNxm]]></CREATE_UNITID><CREATE_TIME DbType='DATE'><![CDATA[2024-08-20 16:10:55.0]]></CREATE_TIME><LASTUPDATE_USERID><![CDATA[]]></LASTUPDATE_USERID><LASTUPDATE_UNAME><![CDATA[]]></LASTUPDATE_UNAME><LASTUPDATE_DEPTID><![CDATA[]]></LASTUPDATE_DEPTID><LASTUPDATE_UNITID><![CDATA[]]></LASTUPDATE_UNITID><LASTUPDATE_TIME DbType='DATE'><![CDATA[2024-08-20 16:10:55.0]]></LASTUPDATE_TIME><PROJECT_ID><![CDATA[p2433]]></PROJECT_ID><CREATE_DEPTNAME><![CDATA[]]></CREATE_DEPTNAME><CREATE_UNITNAME><![CDATA[]]></CREATE_UNITNAME><LASTUPDATE_DEPTNAME><![CDATA[]]></LASTUPDATE_DEPTNAME><LASTUPDATE_UNITNAME><![CDATA[]]></LASTUPDATE_UNITNAME><IS_MODIFY DbType='NUMERIC'><![CDATA[-1]]></IS_MODIFY><IS_VALID_DATA DbType='NUMERIC'><![CDATA[1]]></IS_VALID_DATA><CLONE_ID><![CDATA[]]></CLONE_ID><MODULE_ID><![CDATA[2401301002390ipFYU6OzeCNDMN0r1X]]></MODULE_ID><FLOW_ID><![CDATA[2402011005226rRQCKy1dfPm9s7Nfjh]]></FLOW_ID><LINE_ID><![CDATA[F0jBwPmZrU0Yf8J]]></LINE_ID><LINE_NAME><![CDATA[办公室主任→拟稿人中转]]></LINE_NAME><LINE_ALIAS><![CDATA[]]></LINE_ALIAS><LINE_TYPE DbType='NUMERIC'><![CDATA[0]]></LINE_TYPE><START_NODE_ID><![CDATA[aqtH7YYBcJHJUy2]]></START_NODE_ID><END_NODE_ID><![CDATA[oROz00MSL9u313Y]]></END_NODE_ID><HANDLE_TAG_ID><![CDATA[]]></HANDLE_TAG_ID><HANDLE_TAG_NAME><![CDATA[]]></HANDLE_TAG_NAME><SHOWORDER DbType='NUMERIC'><![CDATA[1]]></SHOWORDER><REMARK><![CDATA[]]></REMARK><DEFAULT_FORM_ID><![CDATA[]]></DEFAULT_FORM_ID><ITEMINDEX DbType='NUMERIC'><![CDATA[]]></ITEMINDEX><SEND_OPERATION_MODE><![CDATA[]]></SEND_OPERATION_MODE><SEND_OPERATION_CONTENT DbType='CLOB'><![CDATA[]]></SEND_OPERATION_CONTENT><SENDBACK_OPERATION_MODE><![CDATA[]]></SENDBACK_OPERATION_MODE><SENDBACK_OPERATION_CONTENT DbType='CLOB'><![CDATA[]]></SENDBACK_OPERATION_CONTENT><PRODUCT_ID><![CDATA[]]></PRODUCT_ID></Row>
<Row><ID PrimaryKey='true'><![CDATA[240820161055Q7INqikHdAfzW2Byeol]]></ID><ROWSTATE DbType='NUMERIC'><![CDATA[1]]></ROWSTATE><CREATE_USERID><![CDATA[]]></CREATE_USERID><CREATE_UNAME><![CDATA[]]></CREATE_UNAME><CREATE_DEPTID><![CDATA[]]></CREATE_DEPTID><CREATE_UNITID><![CDATA[180505162656YILYYOzw1FnE5OzzNxm]]></CREATE_UNITID><CREATE_TIME DbType='DATE'><![CDATA[2024-08-20 16:10:55.0]]></CREATE_TIME><LASTUPDATE_USERID><![CDATA[]]></LASTUPDATE_USERID><LASTUPDATE_UNAME><![CDATA[]]></LASTUPDATE_UNAME><LASTUPDATE_DEPTID><![CDATA[]]></LASTUPDATE_DEPTID><LASTUPDATE_UNITID><![CDATA[]]></LASTUPDATE_UNITID><LASTUPDATE_TIME DbType='DATE'><![CDATA[2024-08-20 16:10:55.0]]></LASTUPDATE_TIME><PROJECT_ID><![CDATA[p2433]]></PROJECT_ID><CREATE_DEPTNAME><![CDATA[]]></CREATE_DEPTNAME><CREATE_UNITNAME><![CDATA[]]></CREATE_UNITNAME><LASTUPDATE_DEPTNAME><![CDATA[]]></LASTUPDATE_DEPTNAME><LASTUPDATE_UNITNAME><![CDATA[]]></LASTUPDATE_UNITNAME><IS_MODIFY DbType='NUMERIC'><![CDATA[-1]]></IS_MODIFY><IS_VALID_DATA DbType='NUMERIC'><![CDATA[1]]></IS_VALID_DATA><CLONE_ID><![CDATA[]]></CLONE_ID><MODULE_ID><![CDATA[2401301002390ipFYU6OzeCNDMN0r1X]]></MODULE_ID><FLOW_ID><![CDATA[2402011005226rRQCKy1dfPm9s7Nfjh]]></FLOW_ID><LINE_ID><![CDATA[Sbnh55hBCP6QZUV]]></LINE_ID><LINE_NAME><![CDATA[拟稿人中转→组织人事处]]></LINE_NAME><LINE_ALIAS><![CDATA[]]></LINE_ALIAS><LINE_TYPE DbType='NUMERIC'><![CDATA[0]]></LINE_TYPE><START_NODE_ID><![CDATA[oROz00MSL9u313Y]]></START_NODE_ID><END_NODE_ID><![CDATA[vn9JyhZJY7quKaE]]></END_NODE_ID><HANDLE_TAG_ID><![CDATA[]]></HANDLE_TAG_ID><HANDLE_TAG_NAME><![CDATA[]]></HANDLE_TAG_NAME><SHOWORDER DbType='NUMERIC'><![CDATA[1]]></SHOWORDER><REMARK><![CDATA[]]></REMARK><DEFAULT_FORM_ID><![CDATA[]]></DEFAULT_FORM_ID><ITEMINDEX DbType='NUMERIC'><![CDATA[]]></ITEMINDEX><SEND_OPERATION_MODE><![CDATA[]]></SEND_OPERATION_MODE><SEND_OPERATION_CONTENT DbType='CLOB'><![CDATA[]]></SEND_OPERATION_CONTENT><SENDBACK_OPERATION_MODE><![CDATA[]]></SENDBACK_OPERATION_MODE><SENDBACK_OPERATION_CONTENT DbType='CLOB'><![CDATA[]]></SENDBACK_OPERATION_CONTENT><PRODUCT_ID><![CDATA[]]></PRODUCT_ID></Row>
<Row><ID PrimaryKey='true'><![CDATA[240820161055yjEVJBverDgH2IWibHJ]]></ID><ROWSTATE DbType='NUMERIC'><![CDATA[1]]></ROWSTATE><CREATE_USERID><![CDATA[]]></CREATE_USERID><CREATE_UNAME><![CDATA[]]></CREATE_UNAME><CREATE_DEPTID><![CDATA[]]></CREATE_DEPTID><CREATE_UNITID><![CDATA[180505162656YILYYOzw1FnE5OzzNxm]]></CREATE_UNITID><CREATE_TIME DbType='DATE'><![CDATA[2024-08-20 16:10:55.0]]></CREATE_TIME><LASTUPDATE_USERID><![CDATA[]]></LASTUPDATE_USERID><LASTUPDATE_UNAME><![CDATA[]]></LASTUPDATE_UNAME><LASTUPDATE_DEPTID><![CDATA[]]></LASTUPDATE_DEPTID><LASTUPDATE_UNITID><![CDATA[]]></LASTUPDATE_UNITID><LASTUPDATE_TIME DbType='DATE'><![CDATA[2024-08-20 16:10:55.0]]></LASTUPDATE_TIME><PROJECT_ID><![CDATA[p2433]]></PROJECT_ID><CREATE_DEPTNAME><![CDATA[]]></CREATE_DEPTNAME><CREATE_UNITNAME><![CDATA[]]></CREATE_UNITNAME><LASTUPDATE_DEPTNAME><![CDATA[]]></LASTUPDATE_DEPTNAME><LASTUPDATE_UNITNAME><![CDATA[]]></LASTUPDATE_UNITNAME><IS_MODIFY DbType='NUMERIC'><![CDATA[-1]]></IS_MODIFY><IS_VALID_DATA DbType='NUMERIC'><![CDATA[1]]></IS_VALID_DATA><CLONE_ID><![CDATA[]]></CLONE_ID><MODULE_ID><![CDATA[2401301002390ipFYU6OzeCNDMN0r1X]]></MODULE_ID><FLOW_ID><![CDATA[2402011005226rRQCKy1dfPm9s7Nfjh]]></FLOW_ID><LINE_ID><![CDATA[yoCbZnjuSDiYe0a]]></LINE_ID><LINE_NAME><![CDATA[组织人事处→办结]]></LINE_NAME><LINE_ALIAS><![CDATA[]]></LINE_ALIAS><LINE_TYPE DbType='NUMERIC'><![CDATA[0]]></LINE_TYPE><START_NODE_ID><![CDATA[vn9JyhZJY7quKaE]]></START_NODE_ID><END_NODE_ID><![CDATA[2KB5aWhBojgmqSF]]></END_NODE_ID><HANDLE_TAG_ID><![CDATA[]]></HANDLE_TAG_ID><HANDLE_TAG_NAME><![CDATA[]]></HANDLE_TAG_NAME><SHOWORDER DbType='NUMERIC'><![CDATA[1]]></SHOWORDER><REMARK><![CDATA[]]></REMARK><DEFAULT_FORM_ID><![CDATA[]]></DEFAULT_FORM_ID><ITEMINDEX DbType='NUMERIC'><![CDATA[]]></ITEMINDEX><SEND_OPERATION_MODE><![CDATA[]]></SEND_OPERATION_MODE><SEND_OPERATION_CONTENT DbType='CLOB'><![CDATA[]]></SEND_OPERATION_CONTENT><SENDBACK_OPERATION_MODE><![CDATA[]]></SENDBACK_OPERATION_MODE><SENDBACK_OPERATION_CONTENT DbType='CLOB'><![CDATA[]]></SENDBACK_OPERATION_CONTENT><PRODUCT_ID><![CDATA[]]></PRODUCT_ID></Row>
<Row><ID PrimaryKey='true'><![CDATA[240820161055bZrFsdYP4AF6qTgEcK7]]></ID><ROWSTATE DbType='NUMERIC'><![CDATA[1]]></ROWSTATE><CREATE_USERID><![CDATA[]]></CREATE_USERID><CREATE_UNAME><![CDATA[]]></CREATE_UNAME><CREATE_DEPTID><![CDATA[]]></CREATE_DEPTID><CREATE_UNITID><![CDATA[180505162656YILYYOzw1FnE5OzzNxm]]></CREATE_UNITID><CREATE_TIME DbType='DATE'><![CDATA[2024-08-20 16:10:55.0]]></CREATE_TIME><LASTUPDATE_USERID><![CDATA[]]></LASTUPDATE_USERID><LASTUPDATE_UNAME><![CDATA[]]></LASTUPDATE_UNAME><LASTUPDATE_DEPTID><![CDATA[]]></LASTUPDATE_DEPTID><LASTUPDATE_UNITID><![CDATA[]]></LASTUPDATE_UNITID><LASTUPDATE_TIME DbType='DATE'><![CDATA[2024-08-20 16:10:55.0]]></LASTUPDATE_TIME><PROJECT_ID><![CDATA[p2433]]></PROJECT_ID><CREATE_DEPTNAME><![CDATA[]]></CREATE_DEPTNAME><CREATE_UNITNAME><![CDATA[]]></CREATE_UNITNAME><LASTUPDATE_DEPTNAME><![CDATA[]]></LASTUPDATE_DEPTNAME><LASTUPDATE_UNITNAME><![CDATA[]]></LASTUPDATE_UNITNAME><IS_MODIFY DbType='NUMERIC'><![CDATA[-1]]></IS_MODIFY><IS_VALID_DATA DbType='NUMERIC'><![CDATA[1]]></IS_VALID_DATA><CLONE_ID><![CDATA[]]></CLONE_ID><MODULE_ID><![CDATA[2401301002390ipFYU6OzeCNDMN0r1X]]></MODULE_ID><FLOW_ID><![CDATA[2402011005226rRQCKy1dfPm9s7Nfjh]]></FLOW_ID><LINE_ID><![CDATA[fIYoEl9va11ey7y]]></LINE_ID><LINE_NAME><![CDATA[分管局领导→办公室主任]]></LINE_NAME><LINE_ALIAS><![CDATA[]]></LINE_ALIAS><LINE_TYPE DbType='NUMERIC'><![CDATA[0]]></LINE_TYPE><START_NODE_ID><![CDATA[COtJ93DBgO8YuGJ]]></START_NODE_ID><END_NODE_ID><![CDATA[aqtH7YYBcJHJUy2]]></END_NODE_ID><HANDLE_TAG_ID><![CDATA[]]></HANDLE_TAG_ID><HANDLE_TAG_NAME><![CDATA[]]></HANDLE_TAG_NAME><SHOWORDER DbType='NUMERIC'><![CDATA[1]]></SHOWORDER><REMARK><![CDATA[]]></REMARK><DEFAULT_FORM_ID><![CDATA[]]></DEFAULT_FORM_ID><ITEMINDEX DbType='NUMERIC'><![CDATA[]]></ITEMINDEX><SEND_OPERATION_MODE><![CDATA[]]></SEND_OPERATION_MODE><SEND_OPERATION_CONTENT DbType='CLOB'><![CDATA[]]></SEND_OPERATION_CONTENT><SENDBACK_OPERATION_MODE><![CDATA[]]></SENDBACK_OPERATION_MODE><SENDBACK_OPERATION_CONTENT DbType='CLOB'><![CDATA[]]></SENDBACK_OPERATION_CONTENT><PRODUCT_ID><![CDATA[]]></PRODUCT_ID></Row>
<Row><ID PrimaryKey='true'><![CDATA[240820161055YnzYuYSV7nd1LlPTeMZ]]></ID><ROWSTATE DbType='NUMERIC'><![CDATA[1]]></ROWSTATE><CREATE_USERID><![CDATA[]]></CREATE_USERID><CREATE_UNAME><![CDATA[]]></CREATE_UNAME><CREATE_DEPTID><![CDATA[]]></CREATE_DEPTID><CREATE_UNITID><![CDATA[180505162656YILYYOzw1FnE5OzzNxm]]></CREATE_UNITID><CREATE_TIME DbType='DATE'><![CDATA[2024-08-20 16:10:55.0]]></CREATE_TIME><LASTUPDATE_USERID><![CDATA[]]></LASTUPDATE_USERID><LASTUPDATE_UNAME><![CDATA[]]></LASTUPDATE_UNAME><LASTUPDATE_DEPTID><![CDATA[]]></LASTUPDATE_DEPTID><LASTUPDATE_UNITID><![CDATA[]]></LASTUPDATE_UNITID><LASTUPDATE_TIME DbType='DATE'><![CDATA[2024-08-20 16:10:55.0]]></LASTUPDATE_TIME><PROJECT_ID><![CDATA[p2433]]></PROJECT_ID><CREATE_DEPTNAME><![CDATA[]]></CREATE_DEPTNAME><CREATE_UNITNAME><![CDATA[]]></CREATE_UNITNAME><LASTUPDATE_DEPTNAME><![CDATA[]]></LASTUPDATE_DEPTNAME><LASTUPDATE_UNITNAME><![CDATA[]]></LASTUPDATE_UNITNAME><IS_MODIFY DbType='NUMERIC'><![CDATA[-1]]></IS_MODIFY><IS_VALID_DATA DbType='NUMERIC'><![CDATA[1]]></IS_VALID_DATA><CLONE_ID><![CDATA[]]></CLONE_ID><MODULE_ID><![CDATA[2401301002390ipFYU6OzeCNDMN0r1X]]></MODULE_ID><FLOW_ID><![CDATA[2402011005226rRQCKy1dfPm9s7Nfjh]]></FLOW_ID><LINE_ID><![CDATA[tS1kvxCsJhXgMUj]]></LINE_ID><LINE_NAME><![CDATA[处室负责人→组织人事处办理]]></LINE_NAME><LINE_ALIAS><![CDATA[]]></LINE_ALIAS><LINE_TYPE DbType='NUMERIC'><![CDATA[0]]></LINE_TYPE><START_NODE_ID><![CDATA[dSuJvTNhBfxfs6v]]></START_NODE_ID><END_NODE_ID><![CDATA[pHjul9l8R12KNXR]]></END_NODE_ID><HANDLE_TAG_ID><![CDATA[]]></HANDLE_TAG_ID><HANDLE_TAG_NAME><![CDATA[]]></HANDLE_TAG_NAME><SHOWORDER DbType='NUMERIC'><![CDATA[1]]></SHOWORDER><REMARK><![CDATA[]]></REMARK><DEFAULT_FORM_ID><![CDATA[]]></DEFAULT_FORM_ID><ITEMINDEX DbType='NUMERIC'><![CDATA[]]></ITEMINDEX><SEND_OPERATION_MODE><![CDATA[]]></SEND_OPERATION_MODE><SEND_OPERATION_CONTENT DbType='CLOB'><![CDATA[]]></SEND_OPERATION_CONTENT><SENDBACK_OPERATION_MODE><![CDATA[]]></SENDBACK_OPERATION_MODE><SENDBACK_OPERATION_CONTENT DbType='CLOB'><![CDATA[]]></SENDBACK_OPERATION_CONTENT><PRODUCT_ID><![CDATA[]]></PRODUCT_ID></Row>
<Row><ID PrimaryKey='true'><![CDATA[240820161055TMdBOj7JGormzYyj9jD]]></ID><ROWSTATE DbType='NUMERIC'><![CDATA[1]]></ROWSTATE><CREATE_USERID><![CDATA[]]></CREATE_USERID><CREATE_UNAME><![CDATA[]]></CREATE_UNAME><CREATE_DEPTID><![CDATA[]]></CREATE_DEPTID><CREATE_UNITID><![CDATA[180505162656YILYYOzw1FnE5OzzNxm]]></CREATE_UNITID><CREATE_TIME DbType='DATE'><![CDATA[2024-08-20 16:10:55.0]]></CREATE_TIME><LASTUPDATE_USERID><![CDATA[]]></LASTUPDATE_USERID><LASTUPDATE_UNAME><![CDATA[]]></LASTUPDATE_UNAME><LASTUPDATE_DEPTID><![CDATA[]]></LASTUPDATE_DEPTID><LASTUPDATE_UNITID><![CDATA[]]></LASTUPDATE_UNITID><LASTUPDATE_TIME DbType='DATE'><![CDATA[2024-08-20 16:10:55.0]]></LASTUPDATE_TIME><PROJECT_ID><![CDATA[p2433]]></PROJECT_ID><CREATE_DEPTNAME><![CDATA[]]></CREATE_DEPTNAME><CREATE_UNITNAME><![CDATA[]]></CREATE_UNITNAME><LASTUPDATE_DEPTNAME><![CDATA[]]></LASTUPDATE_DEPTNAME><LASTUPDATE_UNITNAME><![CDATA[]]></LASTUPDATE_UNITNAME><IS_MODIFY DbType='NUMERIC'><![CDATA[-1]]></IS_MODIFY><IS_VALID_DATA DbType='NUMERIC'><![CDATA[1]]></IS_VALID_DATA><CLONE_ID><![CDATA[]]></CLONE_ID><MODULE_ID><![CDATA[2401301002390ipFYU6OzeCNDMN0r1X]]></MODULE_ID><FLOW_ID><![CDATA[2402011005226rRQCKy1dfPm9s7Nfjh]]></FLOW_ID><LINE_ID><![CDATA[Aez3YYo04nqhOn8]]></LINE_ID><LINE_NAME><![CDATA[处室负责人→组织人事处审批]]></LINE_NAME><LINE_ALIAS><![CDATA[]]></LINE_ALIAS><LINE_TYPE DbType='NUMERIC'><![CDATA[0]]></LINE_TYPE><START_NODE_ID><![CDATA[dSuJvTNhBfxfs6v]]></START_NODE_ID><END_NODE_ID><![CDATA[4kjySdK9FX6fOVq]]></END_NODE_ID><HANDLE_TAG_ID><![CDATA[]]></HANDLE_TAG_ID><HANDLE_TAG_NAME><![CDATA[]]></HANDLE_TAG_NAME><SHOWORDER DbType='NUMERIC'><![CDATA[1]]></SHOWORDER><REMARK><![CDATA[]]></REMARK><DEFAULT_FORM_ID><![CDATA[]]></DEFAULT_FORM_ID><ITEMINDEX DbType='NUMERIC'><![CDATA[]]></ITEMINDEX><SEND_OPERATION_MODE><![CDATA[]]></SEND_OPERATION_MODE><SEND_OPERATION_CONTENT DbType='CLOB'><![CDATA[]]></SEND_OPERATION_CONTENT><SENDBACK_OPERATION_MODE><![CDATA[]]></SENDBACK_OPERATION_MODE><SENDBACK_OPERATION_CONTENT DbType='CLOB'><![CDATA[]]></SENDBACK_OPERATION_CONTENT><PRODUCT_ID><![CDATA[]]></PRODUCT_ID></Row>
</G_FLOW_LINE>