<G_FLOW_META_PRI>
<Row><ID PrimaryKey='true'><![CDATA[240827142427jQwfeVA7vMpTVTpxErj]]></ID><MODULE_ID><![CDATA[2401301002390ipFYU6OzeCNDMN0r1X]]></MODULE_ID><META_ID><![CDATA[opinion]]></META_ID><META_NAME><![CDATA[]]></META_NAME><FLOW_ID><![CDATA[2402011005226rRQCKy1dfPm9s7Nfjh]]></FLOW_ID><NODE_ID><![CDATA[oROz00MSL9u313Y]]></NODE_ID><ALLOW_DISPLAY DbType='NUMERIC'><![CDATA[-1]]></ALLOW_DISPLAY><ALLOW_EDIT DbType='NUMERIC'><![CDATA[-1]]></ALLOW_EDIT><ALLOW_SAVE DbType='NUMERIC'><![CDATA[-1]]></ALLOW_SAVE><ALLOW_VERIFY DbType='NUMERIC'><![CDATA[-1]]></ALLOW_VERIFY><ALLOW_MAINTAIN DbType='NUMERIC'><![CDATA[-1]]></ALLOW_MAINTAIN><ALLOW_DOWNLOAD DbType='NUMERIC'><![CDATA[1]]></ALLOW_DOWNLOAD><ALLOW_MARK DbType='NUMERIC'><![CDATA[-1]]></ALLOW_MARK><ALLOW_VIEW_HISTORY DbType='NUMERIC'><![CDATA[-1]]></ALLOW_VIEW_HISTORY><ALLOW_DEFAULT_MARK DbType='NUMERIC'><![CDATA[-1]]></ALLOW_DEFAULT_MARK><ALLOW_AUTO_CLEAR_FILE DbType='NUMERIC'><![CDATA[-1]]></ALLOW_AUTO_CLEAR_FILE><AUTO_SIGN DbType='NUMERIC'><![CDATA[0]]></AUTO_SIGN><AUTO_SIGN_TEXT><![CDATA[无]]></AUTO_SIGN_TEXT><AUTO_SIGN_CONTENT><![CDATA[]]></AUTO_SIGN_CONTENT><PROJECT_ID><![CDATA[p2433]]></PROJECT_ID><CREATE_USERID><![CDATA[2]]></CREATE_USERID><CREATE_UNAME><![CDATA[系统管理员]]></CREATE_UNAME><CREATE_DEPTID><![CDATA[180505162656YILYYOzw1FnE5OzzNxm]]></CREATE_DEPTID><CREATE_DEPTNAME><![CDATA[上海市]]></CREATE_DEPTNAME><CREATE_UNITID><![CDATA[180505162656YILYYOzw1FnE5OzzNxm]]></CREATE_UNITID><CREATE_UNITNAME><![CDATA[上海市]]></CREATE_UNITNAME><CREATE_TIME DbType='DATE'><![CDATA[2024-08-27 14:24:28.0]]></CREATE_TIME><LASTUPDATE_USERID><![CDATA[]]></LASTUPDATE_USERID><LASTUPDATE_UNAME><![CDATA[]]></LASTUPDATE_UNAME><LASTUPDATE_DEPTID><![CDATA[]]></LASTUPDATE_DEPTID><LASTUPDATE_DEPTNAME><![CDATA[]]></LASTUPDATE_DEPTNAME><LASTUPDATE_UNITID><![CDATA[]]></LASTUPDATE_UNITID><LASTUPDATE_UNITNAME><![CDATA[]]></LASTUPDATE_UNITNAME><LASTUPDATE_TIME DbType='DATE'><![CDATA[2024-08-27 14:24:28.0]]></LASTUPDATE_TIME><IS_VALID_DATA DbType='NUMERIC'><![CDATA[1]]></IS_VALID_DATA><ROWSTATE DbType='NUMERIC'><![CDATA[1]]></ROWSTATE><CLONE_ID><![CDATA[]]></CLONE_ID><AUTO_DEFAULT DbType='NUMERIC'><![CDATA[1]]></AUTO_DEFAULT><AUTO_DEFAULT_TEXT><![CDATA[是]]></AUTO_DEFAULT_TEXT><IS_MODIFY DbType='NUMERIC'><![CDATA[]]></IS_MODIFY><PERSONAL_SN DbType='NUMERIC'><![CDATA[-1]]></PERSONAL_SN><PERSONAL_SN_TEXT><![CDATA[否]]></PERSONAL_SN_TEXT><FIRST_DEPT_SN DbType='NUMERIC'><![CDATA[-1]]></FIRST_DEPT_SN><FIRST_DEPT_SN_TEXT><![CDATA[否]]></FIRST_DEPT_SN_TEXT><UNIT_SN DbType='NUMERIC'><![CDATA[-1]]></UNIT_SN><UNIT_SN_TEXT><![CDATA[否]]></UNIT_SN_TEXT><IS_HANDWRITE DbType='NUMERIC'><![CDATA[-1]]></IS_HANDWRITE><IS_HANDWRITE_TEXT><![CDATA[]]></IS_HANDWRITE_TEXT><ALLOW_WHITE_LIST DbType='NUMERIC'><![CDATA[-1]]></ALLOW_WHITE_LIST><ALLOW_PRINT DbType='NUMERIC'><![CDATA[1]]></ALLOW_PRINT><AUTO_PRINT_TEXT><![CDATA[]]></AUTO_PRINT_TEXT><ALLOW_DUPLICATE_CHECK DbType='NUMERIC'><![CDATA[-1]]></ALLOW_DUPLICATE_CHECK><ALLOW_UPLOAD DbType='NUMERIC'><![CDATA[-1]]></ALLOW_UPLOAD><DEFAULT_FORM_ID><![CDATA[]]></DEFAULT_FORM_ID><FORCE_DEFAULT DbType='NUMERIC'><![CDATA[-1]]></FORCE_DEFAULT><FORCE_DEFAULT_TEXT><![CDATA[否]]></FORCE_DEFAULT_TEXT><ITEMINDEX DbType='NUMERIC'><![CDATA[]]></ITEMINDEX><LOGIC_ISOLATION DbType='NUMERIC'><![CDATA[-1]]></LOGIC_ISOLATION><LOGIC_ISOLATION_TEXT><![CDATA[]]></LOGIC_ISOLATION_TEXT><LOGIC_ISOLATION_CODE><![CDATA[]]></LOGIC_ISOLATION_CODE><PRODUCT_ID><![CDATA[]]></PRODUCT_ID><SEND_OPERATION_MODE><![CDATA[]]></SEND_OPERATION_MODE><ALLOW_UPLOAAD DbType='NUMERIC'><![CDATA[]]></ALLOW_UPLOAAD><ALLOW_TIME_LIMIT_SETTING DbType='NUMERIC'><![CDATA[-1]]></ALLOW_TIME_LIMIT_SETTING></Row>
<Row><ID PrimaryKey='true'><![CDATA[240827142427Q82vEYOQz7BnHv0GQUy]]></ID><MODULE_ID><![CDATA[240201092619OnhwHxCzwStuxUntkRi]]></MODULE_ID><META_ID><![CDATA[opinion]]></META_ID><META_NAME><![CDATA[]]></META_NAME><FLOW_ID><![CDATA[2402011005226rRQCKy1dfPm9s7Nfjh]]></FLOW_ID><NODE_ID><![CDATA[oROz00MSL9u313Y]]></NODE_ID><ALLOW_DISPLAY DbType='NUMERIC'><![CDATA[-1]]></ALLOW_DISPLAY><ALLOW_EDIT DbType='NUMERIC'><![CDATA[-1]]></ALLOW_EDIT><ALLOW_SAVE DbType='NUMERIC'><![CDATA[-1]]></ALLOW_SAVE><ALLOW_VERIFY DbType='NUMERIC'><![CDATA[-1]]></ALLOW_VERIFY><ALLOW_MAINTAIN DbType='NUMERIC'><![CDATA[-1]]></ALLOW_MAINTAIN><ALLOW_DOWNLOAD DbType='NUMERIC'><![CDATA[1]]></ALLOW_DOWNLOAD><ALLOW_MARK DbType='NUMERIC'><![CDATA[-1]]></ALLOW_MARK><ALLOW_VIEW_HISTORY DbType='NUMERIC'><![CDATA[-1]]></ALLOW_VIEW_HISTORY><ALLOW_DEFAULT_MARK DbType='NUMERIC'><![CDATA[-1]]></ALLOW_DEFAULT_MARK><ALLOW_AUTO_CLEAR_FILE DbType='NUMERIC'><![CDATA[-1]]></ALLOW_AUTO_CLEAR_FILE><AUTO_SIGN DbType='NUMERIC'><![CDATA[0]]></AUTO_SIGN><AUTO_SIGN_TEXT><![CDATA[无]]></AUTO_SIGN_TEXT><AUTO_SIGN_CONTENT><![CDATA[]]></AUTO_SIGN_CONTENT><PROJECT_ID><![CDATA[p2433]]></PROJECT_ID><CREATE_USERID><![CDATA[2]]></CREATE_USERID><CREATE_UNAME><![CDATA[系统管理员]]></CREATE_UNAME><CREATE_DEPTID><![CDATA[180505162656YILYYOzw1FnE5OzzNxm]]></CREATE_DEPTID><CREATE_DEPTNAME><![CDATA[上海市]]></CREATE_DEPTNAME><CREATE_UNITID><![CDATA[180505162656YILYYOzw1FnE5OzzNxm]]></CREATE_UNITID><CREATE_UNITNAME><![CDATA[上海市]]></CREATE_UNITNAME><CREATE_TIME DbType='DATE'><![CDATA[2024-08-27 14:24:28.0]]></CREATE_TIME><LASTUPDATE_USERID><![CDATA[]]></LASTUPDATE_USERID><LASTUPDATE_UNAME><![CDATA[]]></LASTUPDATE_UNAME><LASTUPDATE_DEPTID><![CDATA[]]></LASTUPDATE_DEPTID><LASTUPDATE_DEPTNAME><![CDATA[]]></LASTUPDATE_DEPTNAME><LASTUPDATE_UNITID><![CDATA[]]></LASTUPDATE_UNITID><LASTUPDATE_UNITNAME><![CDATA[]]></LASTUPDATE_UNITNAME><LASTUPDATE_TIME DbType='DATE'><![CDATA[2024-08-27 14:24:28.0]]></LASTUPDATE_TIME><IS_VALID_DATA DbType='NUMERIC'><![CDATA[1]]></IS_VALID_DATA><ROWSTATE DbType='NUMERIC'><![CDATA[1]]></ROWSTATE><CLONE_ID><![CDATA[]]></CLONE_ID><AUTO_DEFAULT DbType='NUMERIC'><![CDATA[1]]></AUTO_DEFAULT><AUTO_DEFAULT_TEXT><![CDATA[是]]></AUTO_DEFAULT_TEXT><IS_MODIFY DbType='NUMERIC'><![CDATA[]]></IS_MODIFY><PERSONAL_SN DbType='NUMERIC'><![CDATA[-1]]></PERSONAL_SN><PERSONAL_SN_TEXT><![CDATA[否]]></PERSONAL_SN_TEXT><FIRST_DEPT_SN DbType='NUMERIC'><![CDATA[-1]]></FIRST_DEPT_SN><FIRST_DEPT_SN_TEXT><![CDATA[否]]></FIRST_DEPT_SN_TEXT><UNIT_SN DbType='NUMERIC'><![CDATA[-1]]></UNIT_SN><UNIT_SN_TEXT><![CDATA[否]]></UNIT_SN_TEXT><IS_HANDWRITE DbType='NUMERIC'><![CDATA[-1]]></IS_HANDWRITE><IS_HANDWRITE_TEXT><![CDATA[]]></IS_HANDWRITE_TEXT><ALLOW_WHITE_LIST DbType='NUMERIC'><![CDATA[-1]]></ALLOW_WHITE_LIST><ALLOW_PRINT DbType='NUMERIC'><![CDATA[1]]></ALLOW_PRINT><AUTO_PRINT_TEXT><![CDATA[]]></AUTO_PRINT_TEXT><ALLOW_DUPLICATE_CHECK DbType='NUMERIC'><![CDATA[-1]]></ALLOW_DUPLICATE_CHECK><ALLOW_UPLOAD DbType='NUMERIC'><![CDATA[-1]]></ALLOW_UPLOAD><DEFAULT_FORM_ID><![CDATA[]]></DEFAULT_FORM_ID><FORCE_DEFAULT DbType='NUMERIC'><![CDATA[-1]]></FORCE_DEFAULT><FORCE_DEFAULT_TEXT><![CDATA[否]]></FORCE_DEFAULT_TEXT><ITEMINDEX DbType='NUMERIC'><![CDATA[]]></ITEMINDEX><LOGIC_ISOLATION DbType='NUMERIC'><![CDATA[-1]]></LOGIC_ISOLATION><LOGIC_ISOLATION_TEXT><![CDATA[]]></LOGIC_ISOLATION_TEXT><LOGIC_ISOLATION_CODE><![CDATA[]]></LOGIC_ISOLATION_CODE><PRODUCT_ID><![CDATA[]]></PRODUCT_ID><SEND_OPERATION_MODE><![CDATA[]]></SEND_OPERATION_MODE><ALLOW_UPLOAAD DbType='NUMERIC'><![CDATA[]]></ALLOW_UPLOAAD><ALLOW_TIME_LIMIT_SETTING DbType='NUMERIC'><![CDATA[-1]]></ALLOW_TIME_LIMIT_SETTING></Row>
<Row><ID PrimaryKey='true'><![CDATA[240827142427OTwDTgDsJ37gQ0H7R3d]]></ID><MODULE_ID><![CDATA[240201092709yDqIqC46A8K6TDa1rkW]]></MODULE_ID><META_ID><![CDATA[opinion]]></META_ID><META_NAME><![CDATA[]]></META_NAME><FLOW_ID><![CDATA[2402011005226rRQCKy1dfPm9s7Nfjh]]></FLOW_ID><NODE_ID><![CDATA[oROz00MSL9u313Y]]></NODE_ID><ALLOW_DISPLAY DbType='NUMERIC'><![CDATA[-1]]></ALLOW_DISPLAY><ALLOW_EDIT DbType='NUMERIC'><![CDATA[-1]]></ALLOW_EDIT><ALLOW_SAVE DbType='NUMERIC'><![CDATA[-1]]></ALLOW_SAVE><ALLOW_VERIFY DbType='NUMERIC'><![CDATA[-1]]></ALLOW_VERIFY><ALLOW_MAINTAIN DbType='NUMERIC'><![CDATA[-1]]></ALLOW_MAINTAIN><ALLOW_DOWNLOAD DbType='NUMERIC'><![CDATA[1]]></ALLOW_DOWNLOAD><ALLOW_MARK DbType='NUMERIC'><![CDATA[-1]]></ALLOW_MARK><ALLOW_VIEW_HISTORY DbType='NUMERIC'><![CDATA[-1]]></ALLOW_VIEW_HISTORY><ALLOW_DEFAULT_MARK DbType='NUMERIC'><![CDATA[-1]]></ALLOW_DEFAULT_MARK><ALLOW_AUTO_CLEAR_FILE DbType='NUMERIC'><![CDATA[-1]]></ALLOW_AUTO_CLEAR_FILE><AUTO_SIGN DbType='NUMERIC'><![CDATA[0]]></AUTO_SIGN><AUTO_SIGN_TEXT><![CDATA[无]]></AUTO_SIGN_TEXT><AUTO_SIGN_CONTENT><![CDATA[]]></AUTO_SIGN_CONTENT><PROJECT_ID><![CDATA[p2433]]></PROJECT_ID><CREATE_USERID><![CDATA[2]]></CREATE_USERID><CREATE_UNAME><![CDATA[系统管理员]]></CREATE_UNAME><CREATE_DEPTID><![CDATA[180505162656YILYYOzw1FnE5OzzNxm]]></CREATE_DEPTID><CREATE_DEPTNAME><![CDATA[上海市]]></CREATE_DEPTNAME><CREATE_UNITID><![CDATA[180505162656YILYYOzw1FnE5OzzNxm]]></CREATE_UNITID><CREATE_UNITNAME><![CDATA[上海市]]></CREATE_UNITNAME><CREATE_TIME DbType='DATE'><![CDATA[2024-08-27 14:24:28.0]]></CREATE_TIME><LASTUPDATE_USERID><![CDATA[]]></LASTUPDATE_USERID><LASTUPDATE_UNAME><![CDATA[]]></LASTUPDATE_UNAME><LASTUPDATE_DEPTID><![CDATA[]]></LASTUPDATE_DEPTID><LASTUPDATE_DEPTNAME><![CDATA[]]></LASTUPDATE_DEPTNAME><LASTUPDATE_UNITID><![CDATA[]]></LASTUPDATE_UNITID><LASTUPDATE_UNITNAME><![CDATA[]]></LASTUPDATE_UNITNAME><LASTUPDATE_TIME DbType='DATE'><![CDATA[2024-08-27 14:24:28.0]]></LASTUPDATE_TIME><IS_VALID_DATA DbType='NUMERIC'><![CDATA[1]]></IS_VALID_DATA><ROWSTATE DbType='NUMERIC'><![CDATA[1]]></ROWSTATE><CLONE_ID><![CDATA[]]></CLONE_ID><AUTO_DEFAULT DbType='NUMERIC'><![CDATA[1]]></AUTO_DEFAULT><AUTO_DEFAULT_TEXT><![CDATA[是]]></AUTO_DEFAULT_TEXT><IS_MODIFY DbType='NUMERIC'><![CDATA[]]></IS_MODIFY><PERSONAL_SN DbType='NUMERIC'><![CDATA[-1]]></PERSONAL_SN><PERSONAL_SN_TEXT><![CDATA[否]]></PERSONAL_SN_TEXT><FIRST_DEPT_SN DbType='NUMERIC'><![CDATA[-1]]></FIRST_DEPT_SN><FIRST_DEPT_SN_TEXT><![CDATA[否]]></FIRST_DEPT_SN_TEXT><UNIT_SN DbType='NUMERIC'><![CDATA[-1]]></UNIT_SN><UNIT_SN_TEXT><![CDATA[否]]></UNIT_SN_TEXT><IS_HANDWRITE DbType='NUMERIC'><![CDATA[-1]]></IS_HANDWRITE><IS_HANDWRITE_TEXT><![CDATA[]]></IS_HANDWRITE_TEXT><ALLOW_WHITE_LIST DbType='NUMERIC'><![CDATA[-1]]></ALLOW_WHITE_LIST><ALLOW_PRINT DbType='NUMERIC'><![CDATA[1]]></ALLOW_PRINT><AUTO_PRINT_TEXT><![CDATA[]]></AUTO_PRINT_TEXT><ALLOW_DUPLICATE_CHECK DbType='NUMERIC'><![CDATA[-1]]></ALLOW_DUPLICATE_CHECK><ALLOW_UPLOAD DbType='NUMERIC'><![CDATA[-1]]></ALLOW_UPLOAD><DEFAULT_FORM_ID><![CDATA[]]></DEFAULT_FORM_ID><FORCE_DEFAULT DbType='NUMERIC'><![CDATA[-1]]></FORCE_DEFAULT><FORCE_DEFAULT_TEXT><![CDATA[否]]></FORCE_DEFAULT_TEXT><ITEMINDEX DbType='NUMERIC'><![CDATA[]]></ITEMINDEX><LOGIC_ISOLATION DbType='NUMERIC'><![CDATA[-1]]></LOGIC_ISOLATION><LOGIC_ISOLATION_TEXT><![CDATA[]]></LOGIC_ISOLATION_TEXT><LOGIC_ISOLATION_CODE><![CDATA[]]></LOGIC_ISOLATION_CODE><PRODUCT_ID><![CDATA[]]></PRODUCT_ID><SEND_OPERATION_MODE><![CDATA[]]></SEND_OPERATION_MODE><ALLOW_UPLOAAD DbType='NUMERIC'><![CDATA[]]></ALLOW_UPLOAAD><ALLOW_TIME_LIMIT_SETTING DbType='NUMERIC'><![CDATA[-1]]></ALLOW_TIME_LIMIT_SETTING></Row>
<Row><ID PrimaryKey='true'><![CDATA[2408271424278QNerj6AQypYUoXTSAx]]></ID><MODULE_ID><![CDATA[2401301002390ipFYU6OzeCNDMN0r1X]]></MODULE_ID><META_ID><![CDATA[sn-unit]]></META_ID><META_NAME><![CDATA[]]></META_NAME><FLOW_ID><![CDATA[2402011005226rRQCKy1dfPm9s7Nfjh]]></FLOW_ID><NODE_ID><![CDATA[oROz00MSL9u313Y]]></NODE_ID><ALLOW_DISPLAY DbType='NUMERIC'><![CDATA[-1]]></ALLOW_DISPLAY><ALLOW_EDIT DbType='NUMERIC'><![CDATA[-1]]></ALLOW_EDIT><ALLOW_SAVE DbType='NUMERIC'><![CDATA[-1]]></ALLOW_SAVE><ALLOW_VERIFY DbType='NUMERIC'><![CDATA[-1]]></ALLOW_VERIFY><ALLOW_MAINTAIN DbType='NUMERIC'><![CDATA[-1]]></ALLOW_MAINTAIN><ALLOW_DOWNLOAD DbType='NUMERIC'><![CDATA[1]]></ALLOW_DOWNLOAD><ALLOW_MARK DbType='NUMERIC'><![CDATA[-1]]></ALLOW_MARK><ALLOW_VIEW_HISTORY DbType='NUMERIC'><![CDATA[-1]]></ALLOW_VIEW_HISTORY><ALLOW_DEFAULT_MARK DbType='NUMERIC'><![CDATA[-1]]></ALLOW_DEFAULT_MARK><ALLOW_AUTO_CLEAR_FILE DbType='NUMERIC'><![CDATA[-1]]></ALLOW_AUTO_CLEAR_FILE><AUTO_SIGN DbType='NUMERIC'><![CDATA[-1]]></AUTO_SIGN><AUTO_SIGN_TEXT><![CDATA[]]></AUTO_SIGN_TEXT><AUTO_SIGN_CONTENT><![CDATA[]]></AUTO_SIGN_CONTENT><PROJECT_ID><![CDATA[p2433]]></PROJECT_ID><CREATE_USERID><![CDATA[2]]></CREATE_USERID><CREATE_UNAME><![CDATA[系统管理员]]></CREATE_UNAME><CREATE_DEPTID><![CDATA[180505162656YILYYOzw1FnE5OzzNxm]]></CREATE_DEPTID><CREATE_DEPTNAME><![CDATA[上海市]]></CREATE_DEPTNAME><CREATE_UNITID><![CDATA[180505162656YILYYOzw1FnE5OzzNxm]]></CREATE_UNITID><CREATE_UNITNAME><![CDATA[上海市]]></CREATE_UNITNAME><CREATE_TIME DbType='DATE'><![CDATA[2024-08-27 14:24:28.0]]></CREATE_TIME><LASTUPDATE_USERID><![CDATA[]]></LASTUPDATE_USERID><LASTUPDATE_UNAME><![CDATA[]]></LASTUPDATE_UNAME><LASTUPDATE_DEPTID><![CDATA[]]></LASTUPDATE_DEPTID><LASTUPDATE_DEPTNAME><![CDATA[]]></LASTUPDATE_DEPTNAME><LASTUPDATE_UNITID><![CDATA[]]></LASTUPDATE_UNITID><LASTUPDATE_UNITNAME><![CDATA[]]></LASTUPDATE_UNITNAME><LASTUPDATE_TIME DbType='DATE'><![CDATA[2024-08-27 14:24:28.0]]></LASTUPDATE_TIME><IS_VALID_DATA DbType='NUMERIC'><![CDATA[1]]></IS_VALID_DATA><ROWSTATE DbType='NUMERIC'><![CDATA[1]]></ROWSTATE><CLONE_ID><![CDATA[]]></CLONE_ID><AUTO_DEFAULT DbType='NUMERIC'><![CDATA[1]]></AUTO_DEFAULT><AUTO_DEFAULT_TEXT><![CDATA[是]]></AUTO_DEFAULT_TEXT><IS_MODIFY DbType='NUMERIC'><![CDATA[]]></IS_MODIFY><PERSONAL_SN DbType='NUMERIC'><![CDATA[-1]]></PERSONAL_SN><PERSONAL_SN_TEXT><![CDATA[否]]></PERSONAL_SN_TEXT><FIRST_DEPT_SN DbType='NUMERIC'><![CDATA[-1]]></FIRST_DEPT_SN><FIRST_DEPT_SN_TEXT><![CDATA[否]]></FIRST_DEPT_SN_TEXT><UNIT_SN DbType='NUMERIC'><![CDATA[-1]]></UNIT_SN><UNIT_SN_TEXT><![CDATA[否]]></UNIT_SN_TEXT><IS_HANDWRITE DbType='NUMERIC'><![CDATA[-1]]></IS_HANDWRITE><IS_HANDWRITE_TEXT><![CDATA[]]></IS_HANDWRITE_TEXT><ALLOW_WHITE_LIST DbType='NUMERIC'><![CDATA[-1]]></ALLOW_WHITE_LIST><ALLOW_PRINT DbType='NUMERIC'><![CDATA[1]]></ALLOW_PRINT><AUTO_PRINT_TEXT><![CDATA[]]></AUTO_PRINT_TEXT><ALLOW_DUPLICATE_CHECK DbType='NUMERIC'><![CDATA[-1]]></ALLOW_DUPLICATE_CHECK><ALLOW_UPLOAD DbType='NUMERIC'><![CDATA[-1]]></ALLOW_UPLOAD><DEFAULT_FORM_ID><![CDATA[]]></DEFAULT_FORM_ID><FORCE_DEFAULT DbType='NUMERIC'><![CDATA[-1]]></FORCE_DEFAULT><FORCE_DEFAULT_TEXT><![CDATA[否]]></FORCE_DEFAULT_TEXT><ITEMINDEX DbType='NUMERIC'><![CDATA[]]></ITEMINDEX><LOGIC_ISOLATION DbType='NUMERIC'><![CDATA[-1]]></LOGIC_ISOLATION><LOGIC_ISOLATION_TEXT><![CDATA[]]></LOGIC_ISOLATION_TEXT><LOGIC_ISOLATION_CODE><![CDATA[]]></LOGIC_ISOLATION_CODE><PRODUCT_ID><![CDATA[]]></PRODUCT_ID><SEND_OPERATION_MODE><![CDATA[]]></SEND_OPERATION_MODE><ALLOW_UPLOAAD DbType='NUMERIC'><![CDATA[]]></ALLOW_UPLOAAD><ALLOW_TIME_LIMIT_SETTING DbType='NUMERIC'><![CDATA[-1]]></ALLOW_TIME_LIMIT_SETTING></Row>
<Row><ID PrimaryKey='true'><![CDATA[240827142427g4qUo2Lb2hfEihHuu4r]]></ID><MODULE_ID><![CDATA[2401301002390ipFYU6OzeCNDMN0r1X]]></MODULE_ID><META_ID><![CDATA[sn-dept]]></META_ID><META_NAME><![CDATA[]]></META_NAME><FLOW_ID><![CDATA[2402011005226rRQCKy1dfPm9s7Nfjh]]></FLOW_ID><NODE_ID><![CDATA[oROz00MSL9u313Y]]></NODE_ID><ALLOW_DISPLAY DbType='NUMERIC'><![CDATA[-1]]></ALLOW_DISPLAY><ALLOW_EDIT DbType='NUMERIC'><![CDATA[-1]]></ALLOW_EDIT><ALLOW_SAVE DbType='NUMERIC'><![CDATA[-1]]></ALLOW_SAVE><ALLOW_VERIFY DbType='NUMERIC'><![CDATA[-1]]></ALLOW_VERIFY><ALLOW_MAINTAIN DbType='NUMERIC'><![CDATA[-1]]></ALLOW_MAINTAIN><ALLOW_DOWNLOAD DbType='NUMERIC'><![CDATA[1]]></ALLOW_DOWNLOAD><ALLOW_MARK DbType='NUMERIC'><![CDATA[-1]]></ALLOW_MARK><ALLOW_VIEW_HISTORY DbType='NUMERIC'><![CDATA[-1]]></ALLOW_VIEW_HISTORY><ALLOW_DEFAULT_MARK DbType='NUMERIC'><![CDATA[-1]]></ALLOW_DEFAULT_MARK><ALLOW_AUTO_CLEAR_FILE DbType='NUMERIC'><![CDATA[-1]]></ALLOW_AUTO_CLEAR_FILE><AUTO_SIGN DbType='NUMERIC'><![CDATA[-1]]></AUTO_SIGN><AUTO_SIGN_TEXT><![CDATA[]]></AUTO_SIGN_TEXT><AUTO_SIGN_CONTENT><![CDATA[]]></AUTO_SIGN_CONTENT><PROJECT_ID><![CDATA[p2433]]></PROJECT_ID><CREATE_USERID><![CDATA[2]]></CREATE_USERID><CREATE_UNAME><![CDATA[系统管理员]]></CREATE_UNAME><CREATE_DEPTID><![CDATA[180505162656YILYYOzw1FnE5OzzNxm]]></CREATE_DEPTID><CREATE_DEPTNAME><![CDATA[上海市]]></CREATE_DEPTNAME><CREATE_UNITID><![CDATA[180505162656YILYYOzw1FnE5OzzNxm]]></CREATE_UNITID><CREATE_UNITNAME><![CDATA[上海市]]></CREATE_UNITNAME><CREATE_TIME DbType='DATE'><![CDATA[2024-08-27 14:24:28.0]]></CREATE_TIME><LASTUPDATE_USERID><![CDATA[]]></LASTUPDATE_USERID><LASTUPDATE_UNAME><![CDATA[]]></LASTUPDATE_UNAME><LASTUPDATE_DEPTID><![CDATA[]]></LASTUPDATE_DEPTID><LASTUPDATE_DEPTNAME><![CDATA[]]></LASTUPDATE_DEPTNAME><LASTUPDATE_UNITID><![CDATA[]]></LASTUPDATE_UNITID><LASTUPDATE_UNITNAME><![CDATA[]]></LASTUPDATE_UNITNAME><LASTUPDATE_TIME DbType='DATE'><![CDATA[2024-08-27 14:24:28.0]]></LASTUPDATE_TIME><IS_VALID_DATA DbType='NUMERIC'><![CDATA[1]]></IS_VALID_DATA><ROWSTATE DbType='NUMERIC'><![CDATA[1]]></ROWSTATE><CLONE_ID><![CDATA[]]></CLONE_ID><AUTO_DEFAULT DbType='NUMERIC'><![CDATA[1]]></AUTO_DEFAULT><AUTO_DEFAULT_TEXT><![CDATA[是]]></AUTO_DEFAULT_TEXT><IS_MODIFY DbType='NUMERIC'><![CDATA[]]></IS_MODIFY><PERSONAL_SN DbType='NUMERIC'><![CDATA[-1]]></PERSONAL_SN><PERSONAL_SN_TEXT><![CDATA[否]]></PERSONAL_SN_TEXT><FIRST_DEPT_SN DbType='NUMERIC'><![CDATA[-1]]></FIRST_DEPT_SN><FIRST_DEPT_SN_TEXT><![CDATA[否]]></FIRST_DEPT_SN_TEXT><UNIT_SN DbType='NUMERIC'><![CDATA[-1]]></UNIT_SN><UNIT_SN_TEXT><![CDATA[否]]></UNIT_SN_TEXT><IS_HANDWRITE DbType='NUMERIC'><![CDATA[-1]]></IS_HANDWRITE><IS_HANDWRITE_TEXT><![CDATA[]]></IS_HANDWRITE_TEXT><ALLOW_WHITE_LIST DbType='NUMERIC'><![CDATA[-1]]></ALLOW_WHITE_LIST><ALLOW_PRINT DbType='NUMERIC'><![CDATA[1]]></ALLOW_PRINT><AUTO_PRINT_TEXT><![CDATA[]]></AUTO_PRINT_TEXT><ALLOW_DUPLICATE_CHECK DbType='NUMERIC'><![CDATA[-1]]></ALLOW_DUPLICATE_CHECK><ALLOW_UPLOAD DbType='NUMERIC'><![CDATA[-1]]></ALLOW_UPLOAD><DEFAULT_FORM_ID><![CDATA[]]></DEFAULT_FORM_ID><FORCE_DEFAULT DbType='NUMERIC'><![CDATA[-1]]></FORCE_DEFAULT><FORCE_DEFAULT_TEXT><![CDATA[否]]></FORCE_DEFAULT_TEXT><ITEMINDEX DbType='NUMERIC'><![CDATA[]]></ITEMINDEX><LOGIC_ISOLATION DbType='NUMERIC'><![CDATA[-1]]></LOGIC_ISOLATION><LOGIC_ISOLATION_TEXT><![CDATA[]]></LOGIC_ISOLATION_TEXT><LOGIC_ISOLATION_CODE><![CDATA[]]></LOGIC_ISOLATION_CODE><PRODUCT_ID><![CDATA[]]></PRODUCT_ID><SEND_OPERATION_MODE><![CDATA[]]></SEND_OPERATION_MODE><ALLOW_UPLOAAD DbType='NUMERIC'><![CDATA[]]></ALLOW_UPLOAAD><ALLOW_TIME_LIMIT_SETTING DbType='NUMERIC'><![CDATA[-1]]></ALLOW_TIME_LIMIT_SETTING></Row>
<Row><ID PrimaryKey='true'><![CDATA[240827142427xxgtfwha8c8U96e8lcZ]]></ID><MODULE_ID><![CDATA[2401301002390ipFYU6OzeCNDMN0r1X]]></MODULE_ID><META_ID><![CDATA[sn-user]]></META_ID><META_NAME><![CDATA[]]></META_NAME><FLOW_ID><![CDATA[2402011005226rRQCKy1dfPm9s7Nfjh]]></FLOW_ID><NODE_ID><![CDATA[oROz00MSL9u313Y]]></NODE_ID><ALLOW_DISPLAY DbType='NUMERIC'><![CDATA[-1]]></ALLOW_DISPLAY><ALLOW_EDIT DbType='NUMERIC'><![CDATA[-1]]></ALLOW_EDIT><ALLOW_SAVE DbType='NUMERIC'><![CDATA[-1]]></ALLOW_SAVE><ALLOW_VERIFY DbType='NUMERIC'><![CDATA[-1]]></ALLOW_VERIFY><ALLOW_MAINTAIN DbType='NUMERIC'><![CDATA[-1]]></ALLOW_MAINTAIN><ALLOW_DOWNLOAD DbType='NUMERIC'><![CDATA[1]]></ALLOW_DOWNLOAD><ALLOW_MARK DbType='NUMERIC'><![CDATA[-1]]></ALLOW_MARK><ALLOW_VIEW_HISTORY DbType='NUMERIC'><![CDATA[-1]]></ALLOW_VIEW_HISTORY><ALLOW_DEFAULT_MARK DbType='NUMERIC'><![CDATA[-1]]></ALLOW_DEFAULT_MARK><ALLOW_AUTO_CLEAR_FILE DbType='NUMERIC'><![CDATA[-1]]></ALLOW_AUTO_CLEAR_FILE><AUTO_SIGN DbType='NUMERIC'><![CDATA[-1]]></AUTO_SIGN><AUTO_SIGN_TEXT><![CDATA[]]></AUTO_SIGN_TEXT><AUTO_SIGN_CONTENT><![CDATA[]]></AUTO_SIGN_CONTENT><PROJECT_ID><![CDATA[p2433]]></PROJECT_ID><CREATE_USERID><![CDATA[2]]></CREATE_USERID><CREATE_UNAME><![CDATA[系统管理员]]></CREATE_UNAME><CREATE_DEPTID><![CDATA[180505162656YILYYOzw1FnE5OzzNxm]]></CREATE_DEPTID><CREATE_DEPTNAME><![CDATA[上海市]]></CREATE_DEPTNAME><CREATE_UNITID><![CDATA[180505162656YILYYOzw1FnE5OzzNxm]]></CREATE_UNITID><CREATE_UNITNAME><![CDATA[上海市]]></CREATE_UNITNAME><CREATE_TIME DbType='DATE'><![CDATA[2024-08-27 14:24:28.0]]></CREATE_TIME><LASTUPDATE_USERID><![CDATA[]]></LASTUPDATE_USERID><LASTUPDATE_UNAME><![CDATA[]]></LASTUPDATE_UNAME><LASTUPDATE_DEPTID><![CDATA[]]></LASTUPDATE_DEPTID><LASTUPDATE_DEPTNAME><![CDATA[]]></LASTUPDATE_DEPTNAME><LASTUPDATE_UNITID><![CDATA[]]></LASTUPDATE_UNITID><LASTUPDATE_UNITNAME><![CDATA[]]></LASTUPDATE_UNITNAME><LASTUPDATE_TIME DbType='DATE'><![CDATA[2024-08-27 14:24:28.0]]></LASTUPDATE_TIME><IS_VALID_DATA DbType='NUMERIC'><![CDATA[1]]></IS_VALID_DATA><ROWSTATE DbType='NUMERIC'><![CDATA[1]]></ROWSTATE><CLONE_ID><![CDATA[]]></CLONE_ID><AUTO_DEFAULT DbType='NUMERIC'><![CDATA[1]]></AUTO_DEFAULT><AUTO_DEFAULT_TEXT><![CDATA[是]]></AUTO_DEFAULT_TEXT><IS_MODIFY DbType='NUMERIC'><![CDATA[]]></IS_MODIFY><PERSONAL_SN DbType='NUMERIC'><![CDATA[-1]]></PERSONAL_SN><PERSONAL_SN_TEXT><![CDATA[否]]></PERSONAL_SN_TEXT><FIRST_DEPT_SN DbType='NUMERIC'><![CDATA[-1]]></FIRST_DEPT_SN><FIRST_DEPT_SN_TEXT><![CDATA[否]]></FIRST_DEPT_SN_TEXT><UNIT_SN DbType='NUMERIC'><![CDATA[-1]]></UNIT_SN><UNIT_SN_TEXT><![CDATA[否]]></UNIT_SN_TEXT><IS_HANDWRITE DbType='NUMERIC'><![CDATA[-1]]></IS_HANDWRITE><IS_HANDWRITE_TEXT><![CDATA[]]></IS_HANDWRITE_TEXT><ALLOW_WHITE_LIST DbType='NUMERIC'><![CDATA[-1]]></ALLOW_WHITE_LIST><ALLOW_PRINT DbType='NUMERIC'><![CDATA[1]]></ALLOW_PRINT><AUTO_PRINT_TEXT><![CDATA[]]></AUTO_PRINT_TEXT><ALLOW_DUPLICATE_CHECK DbType='NUMERIC'><![CDATA[-1]]></ALLOW_DUPLICATE_CHECK><ALLOW_UPLOAD DbType='NUMERIC'><![CDATA[-1]]></ALLOW_UPLOAD><DEFAULT_FORM_ID><![CDATA[]]></DEFAULT_FORM_ID><FORCE_DEFAULT DbType='NUMERIC'><![CDATA[-1]]></FORCE_DEFAULT><FORCE_DEFAULT_TEXT><![CDATA[否]]></FORCE_DEFAULT_TEXT><ITEMINDEX DbType='NUMERIC'><![CDATA[]]></ITEMINDEX><LOGIC_ISOLATION DbType='NUMERIC'><![CDATA[-1]]></LOGIC_ISOLATION><LOGIC_ISOLATION_TEXT><![CDATA[]]></LOGIC_ISOLATION_TEXT><LOGIC_ISOLATION_CODE><![CDATA[]]></LOGIC_ISOLATION_CODE><PRODUCT_ID><![CDATA[]]></PRODUCT_ID><SEND_OPERATION_MODE><![CDATA[]]></SEND_OPERATION_MODE><ALLOW_UPLOAAD DbType='NUMERIC'><![CDATA[]]></ALLOW_UPLOAAD><ALLOW_TIME_LIMIT_SETTING DbType='NUMERIC'><![CDATA[-1]]></ALLOW_TIME_LIMIT_SETTING></Row>
</G_FLOW_META_PRI>