<G_FLOW_NODE>
<Row><ID PrimaryKey='true'><![CDATA[240820161055Ds9TP7GlEq6xiAMya9R]]></ID><NODE_NAME><![CDATA[发起者]]></NODE_NAME><FLOW_ID><![CDATA[2402011005226rRQCKy1dfPm9s7Nfjh]]></FLOW_ID><MODULE_ID><![CDATA[2401301002390ipFYU6OzeCNDMN0r1X]]></MODULE_ID><NODE_ID><![CDATA[lCJ7XUGOFweteut]]></NODE_ID><STAGE_ID><![CDATA[]]></STAGE_ID><NODE_TYPE DbType='NUMERIC'><![CDATA[0]]></NODE_TYPE><DEADLINE_TYPE><![CDATA[0]]></DEADLINE_TYPE><DEADLINE_TIME DbType='NUMERIC'><![CDATA[0]]></DEADLINE_TIME><SHOWORDER DbType='NUMERIC'><![CDATA[1]]></SHOWORDER><PROJECT_ID><![CDATA[p2433]]></PROJECT_ID><CREATE_USERID><![CDATA[]]></CREATE_USERID><CREATE_UNAME><![CDATA[]]></CREATE_UNAME><CREATE_DEPTNAME><![CDATA[]]></CREATE_DEPTNAME><CREATE_DEPTID><![CDATA[]]></CREATE_DEPTID><CREATE_UNITID><![CDATA[180505162656YILYYOzw1FnE5OzzNxm]]></CREATE_UNITID><CREATE_UNITNAME><![CDATA[]]></CREATE_UNITNAME><CREATE_TIME DbType='DATE'><![CDATA[2024-08-20 16:10:55.0]]></CREATE_TIME><LASTUPDATE_USERID><![CDATA[]]></LASTUPDATE_USERID><LASTUPDATE_UNAME><![CDATA[]]></LASTUPDATE_UNAME><LASTUPDATE_DEPTNAME><![CDATA[]]></LASTUPDATE_DEPTNAME><LASTUPDATE_DEPTID><![CDATA[]]></LASTUPDATE_DEPTID><LASTUPDATE_UNITNAME><![CDATA[]]></LASTUPDATE_UNITNAME><LASTUPDATE_UNITID><![CDATA[]]></LASTUPDATE_UNITID><LASTUPDATE_TIME DbType='DATE'><![CDATA[2024-08-20 16:10:55.0]]></LASTUPDATE_TIME><IS_VALID_DATA DbType='NUMERIC'><![CDATA[1]]></IS_VALID_DATA><ROWSTATE DbType='NUMERIC'><![CDATA[1]]></ROWSTATE><IS_MODIFY DbType='NUMERIC'><![CDATA[-1]]></IS_MODIFY><CLONE_ID><![CDATA[]]></CLONE_ID><REMARK><![CDATA[]]></REMARK><ALLOW_BAT DbType='NUMERIC'><![CDATA[-1]]></ALLOW_BAT><CONTROL_SERIALNUMBER><![CDATA[]]></CONTROL_SERIALNUMBER><RISK_SERIALNUMBER><![CDATA[]]></RISK_SERIALNUMBER><DEFAULT_FORM_ID><![CDATA[]]></DEFAULT_FORM_ID><ITEMINDEX DbType='NUMERIC'><![CDATA[]]></ITEMINDEX><NEXTNODE_SENDMODE DbType='NUMERIC'><![CDATA[-1]]></NEXTNODE_SENDMODE><GLYLCJDXX><![CDATA[]]></GLYLCJDXX><ARRICE_OPERATION_MODE><![CDATA[]]></ARRICE_OPERATION_MODE><ARRICE_OPERATION_CONTENT DbType='CLOB'><![CDATA[]]></ARRICE_OPERATION_CONTENT><SENDBACK_OPERATION_MODE><![CDATA[]]></SENDBACK_OPERATION_MODE><SENDBACK_OPERATION_CONTENT DbType='CLOB'><![CDATA[]]></SENDBACK_OPERATION_CONTENT><LEAVE_OPERATION_MODE><![CDATA[]]></LEAVE_OPERATION_MODE><LEAVE_OPERATION_CONTENT DbType='CLOB'><![CDATA[]]></LEAVE_OPERATION_CONTENT><PRODUCT_ID><![CDATA[]]></PRODUCT_ID><OLD_NODE><![CDATA[]]></OLD_NODE><OPINION_REFERENCE_NODE_IDS DbType='CLOB'><![CDATA[]]></OPINION_REFERENCE_NODE_IDS></Row>
<Row><ID PrimaryKey='true'><![CDATA[240820161055uiTjoEirBuXrB1rZkQg]]></ID><NODE_NAME><![CDATA[处室负责人]]></NODE_NAME><FLOW_ID><![CDATA[2402011005226rRQCKy1dfPm9s7Nfjh]]></FLOW_ID><MODULE_ID><![CDATA[2401301002390ipFYU6OzeCNDMN0r1X]]></MODULE_ID><NODE_ID><![CDATA[dSuJvTNhBfxfs6v]]></NODE_ID><STAGE_ID><![CDATA[]]></STAGE_ID><NODE_TYPE DbType='NUMERIC'><![CDATA[1]]></NODE_TYPE><DEADLINE_TYPE><![CDATA[0]]></DEADLINE_TYPE><DEADLINE_TIME DbType='NUMERIC'><![CDATA[0]]></DEADLINE_TIME><SHOWORDER DbType='NUMERIC'><![CDATA[1]]></SHOWORDER><PROJECT_ID><![CDATA[p2433]]></PROJECT_ID><CREATE_USERID><![CDATA[]]></CREATE_USERID><CREATE_UNAME><![CDATA[]]></CREATE_UNAME><CREATE_DEPTNAME><![CDATA[]]></CREATE_DEPTNAME><CREATE_DEPTID><![CDATA[]]></CREATE_DEPTID><CREATE_UNITID><![CDATA[180505162656YILYYOzw1FnE5OzzNxm]]></CREATE_UNITID><CREATE_UNITNAME><![CDATA[]]></CREATE_UNITNAME><CREATE_TIME DbType='DATE'><![CDATA[2024-08-20 16:10:55.0]]></CREATE_TIME><LASTUPDATE_USERID><![CDATA[]]></LASTUPDATE_USERID><LASTUPDATE_UNAME><![CDATA[]]></LASTUPDATE_UNAME><LASTUPDATE_DEPTNAME><![CDATA[]]></LASTUPDATE_DEPTNAME><LASTUPDATE_DEPTID><![CDATA[]]></LASTUPDATE_DEPTID><LASTUPDATE_UNITNAME><![CDATA[]]></LASTUPDATE_UNITNAME><LASTUPDATE_UNITID><![CDATA[]]></LASTUPDATE_UNITID><LASTUPDATE_TIME DbType='DATE'><![CDATA[2024-08-20 16:10:55.0]]></LASTUPDATE_TIME><IS_VALID_DATA DbType='NUMERIC'><![CDATA[1]]></IS_VALID_DATA><ROWSTATE DbType='NUMERIC'><![CDATA[1]]></ROWSTATE><IS_MODIFY DbType='NUMERIC'><![CDATA[-1]]></IS_MODIFY><CLONE_ID><![CDATA[]]></CLONE_ID><REMARK><![CDATA[]]></REMARK><ALLOW_BAT DbType='NUMERIC'><![CDATA[-1]]></ALLOW_BAT><CONTROL_SERIALNUMBER><![CDATA[]]></CONTROL_SERIALNUMBER><RISK_SERIALNUMBER><![CDATA[]]></RISK_SERIALNUMBER><DEFAULT_FORM_ID><![CDATA[]]></DEFAULT_FORM_ID><ITEMINDEX DbType='NUMERIC'><![CDATA[]]></ITEMINDEX><NEXTNODE_SENDMODE DbType='NUMERIC'><![CDATA[-1]]></NEXTNODE_SENDMODE><GLYLCJDXX><![CDATA[]]></GLYLCJDXX><ARRICE_OPERATION_MODE><![CDATA[]]></ARRICE_OPERATION_MODE><ARRICE_OPERATION_CONTENT DbType='CLOB'><![CDATA[]]></ARRICE_OPERATION_CONTENT><SENDBACK_OPERATION_MODE><![CDATA[]]></SENDBACK_OPERATION_MODE><SENDBACK_OPERATION_CONTENT DbType='CLOB'><![CDATA[]]></SENDBACK_OPERATION_CONTENT><LEAVE_OPERATION_MODE><![CDATA[]]></LEAVE_OPERATION_MODE><LEAVE_OPERATION_CONTENT DbType='CLOB'><![CDATA[]]></LEAVE_OPERATION_CONTENT><PRODUCT_ID><![CDATA[]]></PRODUCT_ID><OLD_NODE><![CDATA[]]></OLD_NODE><OPINION_REFERENCE_NODE_IDS DbType='CLOB'><![CDATA[]]></OPINION_REFERENCE_NODE_IDS></Row>
<Row><ID PrimaryKey='true'><![CDATA[2408201610556bUJJdddQjEJMZ7jPte]]></ID><NODE_NAME><![CDATA[局保密办]]></NODE_NAME><FLOW_ID><![CDATA[2402011005226rRQCKy1dfPm9s7Nfjh]]></FLOW_ID><MODULE_ID><![CDATA[2401301002390ipFYU6OzeCNDMN0r1X]]></MODULE_ID><NODE_ID><![CDATA[mOBvISwKCh1jv2r]]></NODE_ID><STAGE_ID><![CDATA[]]></STAGE_ID><NODE_TYPE DbType='NUMERIC'><![CDATA[1]]></NODE_TYPE><DEADLINE_TYPE><![CDATA[0]]></DEADLINE_TYPE><DEADLINE_TIME DbType='NUMERIC'><![CDATA[0]]></DEADLINE_TIME><SHOWORDER DbType='NUMERIC'><![CDATA[1]]></SHOWORDER><PROJECT_ID><![CDATA[p2433]]></PROJECT_ID><CREATE_USERID><![CDATA[]]></CREATE_USERID><CREATE_UNAME><![CDATA[]]></CREATE_UNAME><CREATE_DEPTNAME><![CDATA[]]></CREATE_DEPTNAME><CREATE_DEPTID><![CDATA[]]></CREATE_DEPTID><CREATE_UNITID><![CDATA[180505162656YILYYOzw1FnE5OzzNxm]]></CREATE_UNITID><CREATE_UNITNAME><![CDATA[]]></CREATE_UNITNAME><CREATE_TIME DbType='DATE'><![CDATA[2024-08-20 16:10:55.0]]></CREATE_TIME><LASTUPDATE_USERID><![CDATA[]]></LASTUPDATE_USERID><LASTUPDATE_UNAME><![CDATA[]]></LASTUPDATE_UNAME><LASTUPDATE_DEPTNAME><![CDATA[]]></LASTUPDATE_DEPTNAME><LASTUPDATE_DEPTID><![CDATA[]]></LASTUPDATE_DEPTID><LASTUPDATE_UNITNAME><![CDATA[]]></LASTUPDATE_UNITNAME><LASTUPDATE_UNITID><![CDATA[]]></LASTUPDATE_UNITID><LASTUPDATE_TIME DbType='DATE'><![CDATA[2024-08-20 16:10:55.0]]></LASTUPDATE_TIME><IS_VALID_DATA DbType='NUMERIC'><![CDATA[1]]></IS_VALID_DATA><ROWSTATE DbType='NUMERIC'><![CDATA[1]]></ROWSTATE><IS_MODIFY DbType='NUMERIC'><![CDATA[-1]]></IS_MODIFY><CLONE_ID><![CDATA[]]></CLONE_ID><REMARK><![CDATA[]]></REMARK><ALLOW_BAT DbType='NUMERIC'><![CDATA[-1]]></ALLOW_BAT><CONTROL_SERIALNUMBER><![CDATA[]]></CONTROL_SERIALNUMBER><RISK_SERIALNUMBER><![CDATA[]]></RISK_SERIALNUMBER><DEFAULT_FORM_ID><![CDATA[]]></DEFAULT_FORM_ID><ITEMINDEX DbType='NUMERIC'><![CDATA[]]></ITEMINDEX><NEXTNODE_SENDMODE DbType='NUMERIC'><![CDATA[-1]]></NEXTNODE_SENDMODE><GLYLCJDXX><![CDATA[]]></GLYLCJDXX><ARRICE_OPERATION_MODE><![CDATA[]]></ARRICE_OPERATION_MODE><ARRICE_OPERATION_CONTENT DbType='CLOB'><![CDATA[]]></ARRICE_OPERATION_CONTENT><SENDBACK_OPERATION_MODE><![CDATA[]]></SENDBACK_OPERATION_MODE><SENDBACK_OPERATION_CONTENT DbType='CLOB'><![CDATA[]]></SENDBACK_OPERATION_CONTENT><LEAVE_OPERATION_MODE><![CDATA[]]></LEAVE_OPERATION_MODE><LEAVE_OPERATION_CONTENT DbType='CLOB'><![CDATA[]]></LEAVE_OPERATION_CONTENT><PRODUCT_ID><![CDATA[]]></PRODUCT_ID><OLD_NODE><![CDATA[]]></OLD_NODE><OPINION_REFERENCE_NODE_IDS DbType='CLOB'><![CDATA[]]></OPINION_REFERENCE_NODE_IDS></Row>
<Row><ID PrimaryKey='true'><![CDATA[240820161055ppdx3noz5I1QnobZVTy]]></ID><NODE_NAME><![CDATA[组织人事处办理]]></NODE_NAME><FLOW_ID><![CDATA[2402011005226rRQCKy1dfPm9s7Nfjh]]></FLOW_ID><MODULE_ID><![CDATA[2401301002390ipFYU6OzeCNDMN0r1X]]></MODULE_ID><NODE_ID><![CDATA[pHjul9l8R12KNXR]]></NODE_ID><STAGE_ID><![CDATA[]]></STAGE_ID><NODE_TYPE DbType='NUMERIC'><![CDATA[1]]></NODE_TYPE><DEADLINE_TYPE><![CDATA[0]]></DEADLINE_TYPE><DEADLINE_TIME DbType='NUMERIC'><![CDATA[0]]></DEADLINE_TIME><SHOWORDER DbType='NUMERIC'><![CDATA[1]]></SHOWORDER><PROJECT_ID><![CDATA[p2433]]></PROJECT_ID><CREATE_USERID><![CDATA[]]></CREATE_USERID><CREATE_UNAME><![CDATA[]]></CREATE_UNAME><CREATE_DEPTNAME><![CDATA[]]></CREATE_DEPTNAME><CREATE_DEPTID><![CDATA[]]></CREATE_DEPTID><CREATE_UNITID><![CDATA[180505162656YILYYOzw1FnE5OzzNxm]]></CREATE_UNITID><CREATE_UNITNAME><![CDATA[]]></CREATE_UNITNAME><CREATE_TIME DbType='DATE'><![CDATA[2024-08-20 16:10:55.0]]></CREATE_TIME><LASTUPDATE_USERID><![CDATA[]]></LASTUPDATE_USERID><LASTUPDATE_UNAME><![CDATA[]]></LASTUPDATE_UNAME><LASTUPDATE_DEPTNAME><![CDATA[]]></LASTUPDATE_DEPTNAME><LASTUPDATE_DEPTID><![CDATA[]]></LASTUPDATE_DEPTID><LASTUPDATE_UNITNAME><![CDATA[]]></LASTUPDATE_UNITNAME><LASTUPDATE_UNITID><![CDATA[]]></LASTUPDATE_UNITID><LASTUPDATE_TIME DbType='DATE'><![CDATA[2024-08-20 16:10:55.0]]></LASTUPDATE_TIME><IS_VALID_DATA DbType='NUMERIC'><![CDATA[1]]></IS_VALID_DATA><ROWSTATE DbType='NUMERIC'><![CDATA[1]]></ROWSTATE><IS_MODIFY DbType='NUMERIC'><![CDATA[-1]]></IS_MODIFY><CLONE_ID><![CDATA[]]></CLONE_ID><REMARK><![CDATA[]]></REMARK><ALLOW_BAT DbType='NUMERIC'><![CDATA[-1]]></ALLOW_BAT><CONTROL_SERIALNUMBER><![CDATA[]]></CONTROL_SERIALNUMBER><RISK_SERIALNUMBER><![CDATA[]]></RISK_SERIALNUMBER><DEFAULT_FORM_ID><![CDATA[]]></DEFAULT_FORM_ID><ITEMINDEX DbType='NUMERIC'><![CDATA[]]></ITEMINDEX><NEXTNODE_SENDMODE DbType='NUMERIC'><![CDATA[-1]]></NEXTNODE_SENDMODE><GLYLCJDXX><![CDATA[]]></GLYLCJDXX><ARRICE_OPERATION_MODE><![CDATA[]]></ARRICE_OPERATION_MODE><ARRICE_OPERATION_CONTENT DbType='CLOB'><![CDATA[]]></ARRICE_OPERATION_CONTENT><SENDBACK_OPERATION_MODE><![CDATA[]]></SENDBACK_OPERATION_MODE><SENDBACK_OPERATION_CONTENT DbType='CLOB'><![CDATA[]]></SENDBACK_OPERATION_CONTENT><LEAVE_OPERATION_MODE><![CDATA[]]></LEAVE_OPERATION_MODE><LEAVE_OPERATION_CONTENT DbType='CLOB'><![CDATA[]]></LEAVE_OPERATION_CONTENT><PRODUCT_ID><![CDATA[]]></PRODUCT_ID><OLD_NODE><![CDATA[]]></OLD_NODE><OPINION_REFERENCE_NODE_IDS DbType='CLOB'><![CDATA[]]></OPINION_REFERENCE_NODE_IDS></Row>
<Row><ID PrimaryKey='true'><![CDATA[240820161055l32cVMRIlH3DTcYVsEr]]></ID><NODE_NAME><![CDATA[组织人事处审批]]></NODE_NAME><FLOW_ID><![CDATA[2402011005226rRQCKy1dfPm9s7Nfjh]]></FLOW_ID><MODULE_ID><![CDATA[2401301002390ipFYU6OzeCNDMN0r1X]]></MODULE_ID><NODE_ID><![CDATA[4kjySdK9FX6fOVq]]></NODE_ID><STAGE_ID><![CDATA[]]></STAGE_ID><NODE_TYPE DbType='NUMERIC'><![CDATA[1]]></NODE_TYPE><DEADLINE_TYPE><![CDATA[0]]></DEADLINE_TYPE><DEADLINE_TIME DbType='NUMERIC'><![CDATA[0]]></DEADLINE_TIME><SHOWORDER DbType='NUMERIC'><![CDATA[1]]></SHOWORDER><PROJECT_ID><![CDATA[p2433]]></PROJECT_ID><CREATE_USERID><![CDATA[]]></CREATE_USERID><CREATE_UNAME><![CDATA[]]></CREATE_UNAME><CREATE_DEPTNAME><![CDATA[]]></CREATE_DEPTNAME><CREATE_DEPTID><![CDATA[]]></CREATE_DEPTID><CREATE_UNITID><![CDATA[180505162656YILYYOzw1FnE5OzzNxm]]></CREATE_UNITID><CREATE_UNITNAME><![CDATA[]]></CREATE_UNITNAME><CREATE_TIME DbType='DATE'><![CDATA[2024-08-20 16:10:55.0]]></CREATE_TIME><LASTUPDATE_USERID><![CDATA[]]></LASTUPDATE_USERID><LASTUPDATE_UNAME><![CDATA[]]></LASTUPDATE_UNAME><LASTUPDATE_DEPTNAME><![CDATA[]]></LASTUPDATE_DEPTNAME><LASTUPDATE_DEPTID><![CDATA[]]></LASTUPDATE_DEPTID><LASTUPDATE_UNITNAME><![CDATA[]]></LASTUPDATE_UNITNAME><LASTUPDATE_UNITID><![CDATA[]]></LASTUPDATE_UNITID><LASTUPDATE_TIME DbType='DATE'><![CDATA[2024-08-20 16:10:55.0]]></LASTUPDATE_TIME><IS_VALID_DATA DbType='NUMERIC'><![CDATA[1]]></IS_VALID_DATA><ROWSTATE DbType='NUMERIC'><![CDATA[1]]></ROWSTATE><IS_MODIFY DbType='NUMERIC'><![CDATA[-1]]></IS_MODIFY><CLONE_ID><![CDATA[]]></CLONE_ID><REMARK><![CDATA[]]></REMARK><ALLOW_BAT DbType='NUMERIC'><![CDATA[-1]]></ALLOW_BAT><CONTROL_SERIALNUMBER><![CDATA[]]></CONTROL_SERIALNUMBER><RISK_SERIALNUMBER><![CDATA[]]></RISK_SERIALNUMBER><DEFAULT_FORM_ID><![CDATA[]]></DEFAULT_FORM_ID><ITEMINDEX DbType='NUMERIC'><![CDATA[]]></ITEMINDEX><NEXTNODE_SENDMODE DbType='NUMERIC'><![CDATA[-1]]></NEXTNODE_SENDMODE><GLYLCJDXX><![CDATA[]]></GLYLCJDXX><ARRICE_OPERATION_MODE><![CDATA[]]></ARRICE_OPERATION_MODE><ARRICE_OPERATION_CONTENT DbType='CLOB'><![CDATA[]]></ARRICE_OPERATION_CONTENT><SENDBACK_OPERATION_MODE><![CDATA[]]></SENDBACK_OPERATION_MODE><SENDBACK_OPERATION_CONTENT DbType='CLOB'><![CDATA[]]></SENDBACK_OPERATION_CONTENT><LEAVE_OPERATION_MODE><![CDATA[]]></LEAVE_OPERATION_MODE><LEAVE_OPERATION_CONTENT DbType='CLOB'><![CDATA[]]></LEAVE_OPERATION_CONTENT><PRODUCT_ID><![CDATA[]]></PRODUCT_ID><OLD_NODE><![CDATA[]]></OLD_NODE><OPINION_REFERENCE_NODE_IDS DbType='CLOB'><![CDATA[]]></OPINION_REFERENCE_NODE_IDS></Row>
<Row><ID PrimaryKey='true'><![CDATA[240820161055KbWB6AIjstv9GEyHNWW]]></ID><NODE_NAME><![CDATA[分管局领导]]></NODE_NAME><FLOW_ID><![CDATA[2402011005226rRQCKy1dfPm9s7Nfjh]]></FLOW_ID><MODULE_ID><![CDATA[2401301002390ipFYU6OzeCNDMN0r1X]]></MODULE_ID><NODE_ID><![CDATA[COtJ93DBgO8YuGJ]]></NODE_ID><STAGE_ID><![CDATA[]]></STAGE_ID><NODE_TYPE DbType='NUMERIC'><![CDATA[1]]></NODE_TYPE><DEADLINE_TYPE><![CDATA[0]]></DEADLINE_TYPE><DEADLINE_TIME DbType='NUMERIC'><![CDATA[0]]></DEADLINE_TIME><SHOWORDER DbType='NUMERIC'><![CDATA[1]]></SHOWORDER><PROJECT_ID><![CDATA[p2433]]></PROJECT_ID><CREATE_USERID><![CDATA[]]></CREATE_USERID><CREATE_UNAME><![CDATA[]]></CREATE_UNAME><CREATE_DEPTNAME><![CDATA[]]></CREATE_DEPTNAME><CREATE_DEPTID><![CDATA[]]></CREATE_DEPTID><CREATE_UNITID><![CDATA[180505162656YILYYOzw1FnE5OzzNxm]]></CREATE_UNITID><CREATE_UNITNAME><![CDATA[]]></CREATE_UNITNAME><CREATE_TIME DbType='DATE'><![CDATA[2024-08-20 16:10:55.0]]></CREATE_TIME><LASTUPDATE_USERID><![CDATA[]]></LASTUPDATE_USERID><LASTUPDATE_UNAME><![CDATA[]]></LASTUPDATE_UNAME><LASTUPDATE_DEPTNAME><![CDATA[]]></LASTUPDATE_DEPTNAME><LASTUPDATE_DEPTID><![CDATA[]]></LASTUPDATE_DEPTID><LASTUPDATE_UNITNAME><![CDATA[]]></LASTUPDATE_UNITNAME><LASTUPDATE_UNITID><![CDATA[]]></LASTUPDATE_UNITID><LASTUPDATE_TIME DbType='DATE'><![CDATA[2024-08-20 16:10:55.0]]></LASTUPDATE_TIME><IS_VALID_DATA DbType='NUMERIC'><![CDATA[1]]></IS_VALID_DATA><ROWSTATE DbType='NUMERIC'><![CDATA[1]]></ROWSTATE><IS_MODIFY DbType='NUMERIC'><![CDATA[-1]]></IS_MODIFY><CLONE_ID><![CDATA[]]></CLONE_ID><REMARK><![CDATA[]]></REMARK><ALLOW_BAT DbType='NUMERIC'><![CDATA[-1]]></ALLOW_BAT><CONTROL_SERIALNUMBER><![CDATA[]]></CONTROL_SERIALNUMBER><RISK_SERIALNUMBER><![CDATA[]]></RISK_SERIALNUMBER><DEFAULT_FORM_ID><![CDATA[]]></DEFAULT_FORM_ID><ITEMINDEX DbType='NUMERIC'><![CDATA[]]></ITEMINDEX><NEXTNODE_SENDMODE DbType='NUMERIC'><![CDATA[-1]]></NEXTNODE_SENDMODE><GLYLCJDXX><![CDATA[]]></GLYLCJDXX><ARRICE_OPERATION_MODE><![CDATA[]]></ARRICE_OPERATION_MODE><ARRICE_OPERATION_CONTENT DbType='CLOB'><![CDATA[]]></ARRICE_OPERATION_CONTENT><SENDBACK_OPERATION_MODE><![CDATA[]]></SENDBACK_OPERATION_MODE><SENDBACK_OPERATION_CONTENT DbType='CLOB'><![CDATA[]]></SENDBACK_OPERATION_CONTENT><LEAVE_OPERATION_MODE><![CDATA[]]></LEAVE_OPERATION_MODE><LEAVE_OPERATION_CONTENT DbType='CLOB'><![CDATA[]]></LEAVE_OPERATION_CONTENT><PRODUCT_ID><![CDATA[]]></PRODUCT_ID><OLD_NODE><![CDATA[]]></OLD_NODE><OPINION_REFERENCE_NODE_IDS DbType='CLOB'><![CDATA[]]></OPINION_REFERENCE_NODE_IDS></Row>
<Row><ID PrimaryKey='true'><![CDATA[240820161055VRBtHFmWF61owNjHS9s]]></ID><NODE_NAME><![CDATA[局主要领导]]></NODE_NAME><FLOW_ID><![CDATA[2402011005226rRQCKy1dfPm9s7Nfjh]]></FLOW_ID><MODULE_ID><![CDATA[2401301002390ipFYU6OzeCNDMN0r1X]]></MODULE_ID><NODE_ID><![CDATA[O6V6z4Q5QFw96ch]]></NODE_ID><STAGE_ID><![CDATA[]]></STAGE_ID><NODE_TYPE DbType='NUMERIC'><![CDATA[1]]></NODE_TYPE><DEADLINE_TYPE><![CDATA[0]]></DEADLINE_TYPE><DEADLINE_TIME DbType='NUMERIC'><![CDATA[0]]></DEADLINE_TIME><SHOWORDER DbType='NUMERIC'><![CDATA[1]]></SHOWORDER><PROJECT_ID><![CDATA[p2433]]></PROJECT_ID><CREATE_USERID><![CDATA[]]></CREATE_USERID><CREATE_UNAME><![CDATA[]]></CREATE_UNAME><CREATE_DEPTNAME><![CDATA[]]></CREATE_DEPTNAME><CREATE_DEPTID><![CDATA[]]></CREATE_DEPTID><CREATE_UNITID><![CDATA[180505162656YILYYOzw1FnE5OzzNxm]]></CREATE_UNITID><CREATE_UNITNAME><![CDATA[]]></CREATE_UNITNAME><CREATE_TIME DbType='DATE'><![CDATA[2024-08-20 16:10:55.0]]></CREATE_TIME><LASTUPDATE_USERID><![CDATA[]]></LASTUPDATE_USERID><LASTUPDATE_UNAME><![CDATA[]]></LASTUPDATE_UNAME><LASTUPDATE_DEPTNAME><![CDATA[]]></LASTUPDATE_DEPTNAME><LASTUPDATE_DEPTID><![CDATA[]]></LASTUPDATE_DEPTID><LASTUPDATE_UNITNAME><![CDATA[]]></LASTUPDATE_UNITNAME><LASTUPDATE_UNITID><![CDATA[]]></LASTUPDATE_UNITID><LASTUPDATE_TIME DbType='DATE'><![CDATA[2024-08-20 16:10:55.0]]></LASTUPDATE_TIME><IS_VALID_DATA DbType='NUMERIC'><![CDATA[1]]></IS_VALID_DATA><ROWSTATE DbType='NUMERIC'><![CDATA[1]]></ROWSTATE><IS_MODIFY DbType='NUMERIC'><![CDATA[-1]]></IS_MODIFY><CLONE_ID><![CDATA[]]></CLONE_ID><REMARK><![CDATA[]]></REMARK><ALLOW_BAT DbType='NUMERIC'><![CDATA[-1]]></ALLOW_BAT><CONTROL_SERIALNUMBER><![CDATA[]]></CONTROL_SERIALNUMBER><RISK_SERIALNUMBER><![CDATA[]]></RISK_SERIALNUMBER><DEFAULT_FORM_ID><![CDATA[]]></DEFAULT_FORM_ID><ITEMINDEX DbType='NUMERIC'><![CDATA[]]></ITEMINDEX><NEXTNODE_SENDMODE DbType='NUMERIC'><![CDATA[-1]]></NEXTNODE_SENDMODE><GLYLCJDXX><![CDATA[]]></GLYLCJDXX><ARRICE_OPERATION_MODE><![CDATA[]]></ARRICE_OPERATION_MODE><ARRICE_OPERATION_CONTENT DbType='CLOB'><![CDATA[]]></ARRICE_OPERATION_CONTENT><SENDBACK_OPERATION_MODE><![CDATA[]]></SENDBACK_OPERATION_MODE><SENDBACK_OPERATION_CONTENT DbType='CLOB'><![CDATA[]]></SENDBACK_OPERATION_CONTENT><LEAVE_OPERATION_MODE><![CDATA[]]></LEAVE_OPERATION_MODE><LEAVE_OPERATION_CONTENT DbType='CLOB'><![CDATA[]]></LEAVE_OPERATION_CONTENT><PRODUCT_ID><![CDATA[]]></PRODUCT_ID><OLD_NODE><![CDATA[]]></OLD_NODE><OPINION_REFERENCE_NODE_IDS DbType='CLOB'><![CDATA[]]></OPINION_REFERENCE_NODE_IDS></Row>
<Row><ID PrimaryKey='true'><![CDATA[240820161055zKyQ6iyVFw2wHjHRBTz]]></ID><NODE_NAME><![CDATA[办公室主任]]></NODE_NAME><FLOW_ID><![CDATA[2402011005226rRQCKy1dfPm9s7Nfjh]]></FLOW_ID><MODULE_ID><![CDATA[2401301002390ipFYU6OzeCNDMN0r1X]]></MODULE_ID><NODE_ID><![CDATA[aqtH7YYBcJHJUy2]]></NODE_ID><STAGE_ID><![CDATA[]]></STAGE_ID><NODE_TYPE DbType='NUMERIC'><![CDATA[1]]></NODE_TYPE><DEADLINE_TYPE><![CDATA[0]]></DEADLINE_TYPE><DEADLINE_TIME DbType='NUMERIC'><![CDATA[0]]></DEADLINE_TIME><SHOWORDER DbType='NUMERIC'><![CDATA[1]]></SHOWORDER><PROJECT_ID><![CDATA[p2433]]></PROJECT_ID><CREATE_USERID><![CDATA[]]></CREATE_USERID><CREATE_UNAME><![CDATA[]]></CREATE_UNAME><CREATE_DEPTNAME><![CDATA[]]></CREATE_DEPTNAME><CREATE_DEPTID><![CDATA[]]></CREATE_DEPTID><CREATE_UNITID><![CDATA[180505162656YILYYOzw1FnE5OzzNxm]]></CREATE_UNITID><CREATE_UNITNAME><![CDATA[]]></CREATE_UNITNAME><CREATE_TIME DbType='DATE'><![CDATA[2024-08-20 16:10:55.0]]></CREATE_TIME><LASTUPDATE_USERID><![CDATA[]]></LASTUPDATE_USERID><LASTUPDATE_UNAME><![CDATA[]]></LASTUPDATE_UNAME><LASTUPDATE_DEPTNAME><![CDATA[]]></LASTUPDATE_DEPTNAME><LASTUPDATE_DEPTID><![CDATA[]]></LASTUPDATE_DEPTID><LASTUPDATE_UNITNAME><![CDATA[]]></LASTUPDATE_UNITNAME><LASTUPDATE_UNITID><![CDATA[]]></LASTUPDATE_UNITID><LASTUPDATE_TIME DbType='DATE'><![CDATA[2024-08-20 16:10:55.0]]></LASTUPDATE_TIME><IS_VALID_DATA DbType='NUMERIC'><![CDATA[1]]></IS_VALID_DATA><ROWSTATE DbType='NUMERIC'><![CDATA[1]]></ROWSTATE><IS_MODIFY DbType='NUMERIC'><![CDATA[-1]]></IS_MODIFY><CLONE_ID><![CDATA[]]></CLONE_ID><REMARK><![CDATA[]]></REMARK><ALLOW_BAT DbType='NUMERIC'><![CDATA[-1]]></ALLOW_BAT><CONTROL_SERIALNUMBER><![CDATA[]]></CONTROL_SERIALNUMBER><RISK_SERIALNUMBER><![CDATA[]]></RISK_SERIALNUMBER><DEFAULT_FORM_ID><![CDATA[]]></DEFAULT_FORM_ID><ITEMINDEX DbType='NUMERIC'><![CDATA[]]></ITEMINDEX><NEXTNODE_SENDMODE DbType='NUMERIC'><![CDATA[-1]]></NEXTNODE_SENDMODE><GLYLCJDXX><![CDATA[]]></GLYLCJDXX><ARRICE_OPERATION_MODE><![CDATA[]]></ARRICE_OPERATION_MODE><ARRICE_OPERATION_CONTENT DbType='CLOB'><![CDATA[]]></ARRICE_OPERATION_CONTENT><SENDBACK_OPERATION_MODE><![CDATA[]]></SENDBACK_OPERATION_MODE><SENDBACK_OPERATION_CONTENT DbType='CLOB'><![CDATA[]]></SENDBACK_OPERATION_CONTENT><LEAVE_OPERATION_MODE><![CDATA[]]></LEAVE_OPERATION_MODE><LEAVE_OPERATION_CONTENT DbType='CLOB'><![CDATA[]]></LEAVE_OPERATION_CONTENT><PRODUCT_ID><![CDATA[]]></PRODUCT_ID><OLD_NODE><![CDATA[]]></OLD_NODE><OPINION_REFERENCE_NODE_IDS DbType='CLOB'><![CDATA[]]></OPINION_REFERENCE_NODE_IDS></Row>
<Row><ID PrimaryKey='true'><![CDATA[240820161055UISGlCjNqa7qOQeZ8M9]]></ID><NODE_NAME><![CDATA[拟稿人中转]]></NODE_NAME><FLOW_ID><![CDATA[2402011005226rRQCKy1dfPm9s7Nfjh]]></FLOW_ID><MODULE_ID><![CDATA[2401301002390ipFYU6OzeCNDMN0r1X]]></MODULE_ID><NODE_ID><![CDATA[oROz00MSL9u313Y]]></NODE_ID><STAGE_ID><![CDATA[]]></STAGE_ID><NODE_TYPE DbType='NUMERIC'><![CDATA[1]]></NODE_TYPE><DEADLINE_TYPE><![CDATA[0]]></DEADLINE_TYPE><DEADLINE_TIME DbType='NUMERIC'><![CDATA[0]]></DEADLINE_TIME><SHOWORDER DbType='NUMERIC'><![CDATA[1]]></SHOWORDER><PROJECT_ID><![CDATA[p2433]]></PROJECT_ID><CREATE_USERID><![CDATA[]]></CREATE_USERID><CREATE_UNAME><![CDATA[]]></CREATE_UNAME><CREATE_DEPTNAME><![CDATA[]]></CREATE_DEPTNAME><CREATE_DEPTID><![CDATA[]]></CREATE_DEPTID><CREATE_UNITID><![CDATA[180505162656YILYYOzw1FnE5OzzNxm]]></CREATE_UNITID><CREATE_UNITNAME><![CDATA[]]></CREATE_UNITNAME><CREATE_TIME DbType='DATE'><![CDATA[2024-08-20 16:10:55.0]]></CREATE_TIME><LASTUPDATE_USERID><![CDATA[]]></LASTUPDATE_USERID><LASTUPDATE_UNAME><![CDATA[]]></LASTUPDATE_UNAME><LASTUPDATE_DEPTNAME><![CDATA[]]></LASTUPDATE_DEPTNAME><LASTUPDATE_DEPTID><![CDATA[]]></LASTUPDATE_DEPTID><LASTUPDATE_UNITNAME><![CDATA[]]></LASTUPDATE_UNITNAME><LASTUPDATE_UNITID><![CDATA[]]></LASTUPDATE_UNITID><LASTUPDATE_TIME DbType='DATE'><![CDATA[2024-08-20 16:10:55.0]]></LASTUPDATE_TIME><IS_VALID_DATA DbType='NUMERIC'><![CDATA[1]]></IS_VALID_DATA><ROWSTATE DbType='NUMERIC'><![CDATA[1]]></ROWSTATE><IS_MODIFY DbType='NUMERIC'><![CDATA[-1]]></IS_MODIFY><CLONE_ID><![CDATA[]]></CLONE_ID><REMARK><![CDATA[]]></REMARK><ALLOW_BAT DbType='NUMERIC'><![CDATA[-1]]></ALLOW_BAT><CONTROL_SERIALNUMBER><![CDATA[]]></CONTROL_SERIALNUMBER><RISK_SERIALNUMBER><![CDATA[]]></RISK_SERIALNUMBER><DEFAULT_FORM_ID><![CDATA[]]></DEFAULT_FORM_ID><ITEMINDEX DbType='NUMERIC'><![CDATA[]]></ITEMINDEX><NEXTNODE_SENDMODE DbType='NUMERIC'><![CDATA[-1]]></NEXTNODE_SENDMODE><GLYLCJDXX><![CDATA[]]></GLYLCJDXX><ARRICE_OPERATION_MODE><![CDATA[]]></ARRICE_OPERATION_MODE><ARRICE_OPERATION_CONTENT DbType='CLOB'><![CDATA[]]></ARRICE_OPERATION_CONTENT><SENDBACK_OPERATION_MODE><![CDATA[]]></SENDBACK_OPERATION_MODE><SENDBACK_OPERATION_CONTENT DbType='CLOB'><![CDATA[]]></SENDBACK_OPERATION_CONTENT><LEAVE_OPERATION_MODE><![CDATA[]]></LEAVE_OPERATION_MODE><LEAVE_OPERATION_CONTENT DbType='CLOB'><![CDATA[]]></LEAVE_OPERATION_CONTENT><PRODUCT_ID><![CDATA[]]></PRODUCT_ID><OLD_NODE><![CDATA[]]></OLD_NODE><OPINION_REFERENCE_NODE_IDS DbType='CLOB'><![CDATA[]]></OPINION_REFERENCE_NODE_IDS></Row>
<Row><ID PrimaryKey='true'><![CDATA[240820161055IDBcLeH7DlIlbpRZExA]]></ID><NODE_NAME><![CDATA[组织人事处]]></NODE_NAME><FLOW_ID><![CDATA[2402011005226rRQCKy1dfPm9s7Nfjh]]></FLOW_ID><MODULE_ID><![CDATA[2401301002390ipFYU6OzeCNDMN0r1X]]></MODULE_ID><NODE_ID><![CDATA[vn9JyhZJY7quKaE]]></NODE_ID><STAGE_ID><![CDATA[]]></STAGE_ID><NODE_TYPE DbType='NUMERIC'><![CDATA[1]]></NODE_TYPE><DEADLINE_TYPE><![CDATA[0]]></DEADLINE_TYPE><DEADLINE_TIME DbType='NUMERIC'><![CDATA[0]]></DEADLINE_TIME><SHOWORDER DbType='NUMERIC'><![CDATA[1]]></SHOWORDER><PROJECT_ID><![CDATA[p2433]]></PROJECT_ID><CREATE_USERID><![CDATA[]]></CREATE_USERID><CREATE_UNAME><![CDATA[]]></CREATE_UNAME><CREATE_DEPTNAME><![CDATA[]]></CREATE_DEPTNAME><CREATE_DEPTID><![CDATA[]]></CREATE_DEPTID><CREATE_UNITID><![CDATA[180505162656YILYYOzw1FnE5OzzNxm]]></CREATE_UNITID><CREATE_UNITNAME><![CDATA[]]></CREATE_UNITNAME><CREATE_TIME DbType='DATE'><![CDATA[2024-08-20 16:10:55.0]]></CREATE_TIME><LASTUPDATE_USERID><![CDATA[]]></LASTUPDATE_USERID><LASTUPDATE_UNAME><![CDATA[]]></LASTUPDATE_UNAME><LASTUPDATE_DEPTNAME><![CDATA[]]></LASTUPDATE_DEPTNAME><LASTUPDATE_DEPTID><![CDATA[]]></LASTUPDATE_DEPTID><LASTUPDATE_UNITNAME><![CDATA[]]></LASTUPDATE_UNITNAME><LASTUPDATE_UNITID><![CDATA[]]></LASTUPDATE_UNITID><LASTUPDATE_TIME DbType='DATE'><![CDATA[2024-08-20 16:10:55.0]]></LASTUPDATE_TIME><IS_VALID_DATA DbType='NUMERIC'><![CDATA[1]]></IS_VALID_DATA><ROWSTATE DbType='NUMERIC'><![CDATA[1]]></ROWSTATE><IS_MODIFY DbType='NUMERIC'><![CDATA[-1]]></IS_MODIFY><CLONE_ID><![CDATA[]]></CLONE_ID><REMARK><![CDATA[]]></REMARK><ALLOW_BAT DbType='NUMERIC'><![CDATA[-1]]></ALLOW_BAT><CONTROL_SERIALNUMBER><![CDATA[]]></CONTROL_SERIALNUMBER><RISK_SERIALNUMBER><![CDATA[]]></RISK_SERIALNUMBER><DEFAULT_FORM_ID><![CDATA[]]></DEFAULT_FORM_ID><ITEMINDEX DbType='NUMERIC'><![CDATA[]]></ITEMINDEX><NEXTNODE_SENDMODE DbType='NUMERIC'><![CDATA[-1]]></NEXTNODE_SENDMODE><GLYLCJDXX><![CDATA[]]></GLYLCJDXX><ARRICE_OPERATION_MODE><![CDATA[]]></ARRICE_OPERATION_MODE><ARRICE_OPERATION_CONTENT DbType='CLOB'><![CDATA[]]></ARRICE_OPERATION_CONTENT><SENDBACK_OPERATION_MODE><![CDATA[]]></SENDBACK_OPERATION_MODE><SENDBACK_OPERATION_CONTENT DbType='CLOB'><![CDATA[]]></SENDBACK_OPERATION_CONTENT><LEAVE_OPERATION_MODE><![CDATA[]]></LEAVE_OPERATION_MODE><LEAVE_OPERATION_CONTENT DbType='CLOB'><![CDATA[]]></LEAVE_OPERATION_CONTENT><PRODUCT_ID><![CDATA[]]></PRODUCT_ID><OLD_NODE><![CDATA[]]></OLD_NODE><OPINION_REFERENCE_NODE_IDS DbType='CLOB'><![CDATA[]]></OPINION_REFERENCE_NODE_IDS></Row>
<Row><ID PrimaryKey='true'><![CDATA[2408201610554azQUiJB7UxqeMUZGUF]]></ID><NODE_NAME><![CDATA[办结]]></NODE_NAME><FLOW_ID><![CDATA[2402011005226rRQCKy1dfPm9s7Nfjh]]></FLOW_ID><MODULE_ID><![CDATA[2401301002390ipFYU6OzeCNDMN0r1X]]></MODULE_ID><NODE_ID><![CDATA[2KB5aWhBojgmqSF]]></NODE_ID><STAGE_ID><![CDATA[]]></STAGE_ID><NODE_TYPE DbType='NUMERIC'><![CDATA[2]]></NODE_TYPE><DEADLINE_TYPE><![CDATA[0]]></DEADLINE_TYPE><DEADLINE_TIME DbType='NUMERIC'><![CDATA[0]]></DEADLINE_TIME><SHOWORDER DbType='NUMERIC'><![CDATA[0]]></SHOWORDER><PROJECT_ID><![CDATA[p2433]]></PROJECT_ID><CREATE_USERID><![CDATA[]]></CREATE_USERID><CREATE_UNAME><![CDATA[]]></CREATE_UNAME><CREATE_DEPTNAME><![CDATA[]]></CREATE_DEPTNAME><CREATE_DEPTID><![CDATA[]]></CREATE_DEPTID><CREATE_UNITID><![CDATA[180505162656YILYYOzw1FnE5OzzNxm]]></CREATE_UNITID><CREATE_UNITNAME><![CDATA[]]></CREATE_UNITNAME><CREATE_TIME DbType='DATE'><![CDATA[2024-08-20 16:10:55.0]]></CREATE_TIME><LASTUPDATE_USERID><![CDATA[]]></LASTUPDATE_USERID><LASTUPDATE_UNAME><![CDATA[]]></LASTUPDATE_UNAME><LASTUPDATE_DEPTNAME><![CDATA[]]></LASTUPDATE_DEPTNAME><LASTUPDATE_DEPTID><![CDATA[]]></LASTUPDATE_DEPTID><LASTUPDATE_UNITNAME><![CDATA[]]></LASTUPDATE_UNITNAME><LASTUPDATE_UNITID><![CDATA[]]></LASTUPDATE_UNITID><LASTUPDATE_TIME DbType='DATE'><![CDATA[2024-08-20 16:10:55.0]]></LASTUPDATE_TIME><IS_VALID_DATA DbType='NUMERIC'><![CDATA[1]]></IS_VALID_DATA><ROWSTATE DbType='NUMERIC'><![CDATA[1]]></ROWSTATE><IS_MODIFY DbType='NUMERIC'><![CDATA[-1]]></IS_MODIFY><CLONE_ID><![CDATA[]]></CLONE_ID><REMARK><![CDATA[]]></REMARK><ALLOW_BAT DbType='NUMERIC'><![CDATA[-1]]></ALLOW_BAT><CONTROL_SERIALNUMBER><![CDATA[]]></CONTROL_SERIALNUMBER><RISK_SERIALNUMBER><![CDATA[]]></RISK_SERIALNUMBER><DEFAULT_FORM_ID><![CDATA[]]></DEFAULT_FORM_ID><ITEMINDEX DbType='NUMERIC'><![CDATA[]]></ITEMINDEX><NEXTNODE_SENDMODE DbType='NUMERIC'><![CDATA[0]]></NEXTNODE_SENDMODE><GLYLCJDXX><![CDATA[]]></GLYLCJDXX><ARRICE_OPERATION_MODE><![CDATA[]]></ARRICE_OPERATION_MODE><ARRICE_OPERATION_CONTENT DbType='CLOB'><![CDATA[]]></ARRICE_OPERATION_CONTENT><SENDBACK_OPERATION_MODE><![CDATA[]]></SENDBACK_OPERATION_MODE><SENDBACK_OPERATION_CONTENT DbType='CLOB'><![CDATA[]]></SENDBACK_OPERATION_CONTENT><LEAVE_OPERATION_MODE><![CDATA[]]></LEAVE_OPERATION_MODE><LEAVE_OPERATION_CONTENT DbType='CLOB'><![CDATA[]]></LEAVE_OPERATION_CONTENT><PRODUCT_ID><![CDATA[]]></PRODUCT_ID><OLD_NODE><![CDATA[]]></OLD_NODE><OPINION_REFERENCE_NODE_IDS DbType='CLOB'><![CDATA[]]></OPINION_REFERENCE_NODE_IDS></Row>
</G_FLOW_NODE>