<G_FLOW>
<Row><ID PrimaryKey='true'><![CDATA[2402011005226rRQCKy1dfPm9s7Nfjh]]></ID><GLOBE_ID><![CDATA[2402011005226rRQCKy1dfPm9s7Nfjh]]></GLOBE_ID><MODULE_ID><![CDATA[2401301002390ipFYU6OzeCNDMN0r1X]]></MODULE_ID><FLOW_NAME><![CDATA[因私出境]]></FLOW_NAME><VERSION><![CDATA[1]]></VERSION><STATUS DbType='NUMERIC'><![CDATA[1]]></STATUS><STATUS_TEXT><![CDATA[启用]]></STATUS_TEXT><ROWSTATE DbType='NUMERIC'><![CDATA[1]]></ROWSTATE><IS_PUBLIC DbType='NUMERIC'><![CDATA[1]]></IS_PUBLIC><IS_PUBLIC_TEXT><![CDATA[是]]></IS_PUBLIC_TEXT><USE_UNIT DbType='CLOB'><![CDATA[]]></USE_UNIT><USE_UNIT_TEXT DbType='CLOB'><![CDATA[]]></USE_UNIT_TEXT><USE_UNIT_SCHEMA DbType='CLOB'><![CDATA[]]></USE_UNIT_SCHEMA><UNIT_ID><![CDATA[]]></UNIT_ID><SHOWORDER DbType='NUMERIC'><![CDATA[1]]></SHOWORDER><REMARK DbType='CLOB'><![CDATA[]]></REMARK><PROJECT_ID><![CDATA[p2433]]></PROJECT_ID><CREATE_USERID><![CDATA[2]]></CREATE_USERID><CREATE_UNAME><![CDATA[系统管理员]]></CREATE_UNAME><CREATE_DEPTNAME><![CDATA[上海市]]></CREATE_DEPTNAME><CREATE_DEPTID><![CDATA[180505162656YILYYOzw1FnE5OzzNxm]]></CREATE_DEPTID><CREATE_UNITID><![CDATA[180505162656YILYYOzw1FnE5OzzNxm]]></CREATE_UNITID><CREATE_UNITNAME><![CDATA[上海市]]></CREATE_UNITNAME><CREATE_TIME DbType='DATE'><![CDATA[2024-02-01 10:05:22.0]]></CREATE_TIME><LASTUPDATE_USERID><![CDATA[2]]></LASTUPDATE_USERID><LASTUPDATE_UNAME><![CDATA[系统管理员]]></LASTUPDATE_UNAME><LASTUPDATE_DEPTNAME><![CDATA[上海市]]></LASTUPDATE_DEPTNAME><LASTUPDATE_DEPTID><![CDATA[180505162656YILYYOzw1FnE5OzzNxm]]></LASTUPDATE_DEPTID><LASTUPDATE_UNITNAME><![CDATA[上海市]]></LASTUPDATE_UNITNAME><LASTUPDATE_UNITID><![CDATA[180505162656YILYYOzw1FnE5OzzNxm]]></LASTUPDATE_UNITID><LASTUPDATE_TIME DbType='DATE'><![CDATA[2024-02-01 10:05:30.0]]></LASTUPDATE_TIME><IS_DEFAULT DbType='NUMERIC'><![CDATA[1]]></IS_DEFAULT><IS_DEFAULT_TEXT><![CDATA[是]]></IS_DEFAULT_TEXT><IS_MODIFY DbType='NUMERIC'><![CDATA[1]]></IS_MODIFY><IS_VALID_DATA DbType='NUMERIC'><![CDATA[1]]></IS_VALID_DATA><CLONE_ID><![CDATA[]]></CLONE_ID><REMIND_RECIEVER DbType='NUMERIC'><![CDATA[1]]></REMIND_RECIEVER><REMIND_RECIEVER_TEXT><![CDATA[]]></REMIND_RECIEVER_TEXT><RECIEVER_TYPE><![CDATA[6]]></RECIEVER_TYPE><RECIEVER_TYPE_TEXT><![CDATA[]]></RECIEVER_TYPE_TEXT><RECIEVER_MESSAGE><![CDATA[[发件人]于[发件时间]给您发送了[模块名称]：[文件标题]。]]></RECIEVER_MESSAGE><REMIND_DRAFTER DbType='NUMERIC'><![CDATA[-1]]></REMIND_DRAFTER><REMIND_DRAFTER_TEXT><![CDATA[]]></REMIND_DRAFTER_TEXT><DRAFTER_TYPE><![CDATA[1]]></DRAFTER_TYPE><DRAFTER_TYPE_TEXT><![CDATA[]]></DRAFTER_TYPE_TEXT><DRAFTER_MESSAGE><![CDATA[您起草的[模块名称]文件：[文件标题]于[发件时间]由[发人]进行了处理。]]></DRAFTER_MESSAGE><REMIND_FOLLOWER DbType='NUMERIC'><![CDATA[-1]]></REMIND_FOLLOWER><REMIND_FOLLOWER_TEXT><![CDATA[]]></REMIND_FOLLOWER_TEXT><FOLLOWER_TYPE><![CDATA[1]]></FOLLOWER_TYPE><FOLLOWER_TYPE_TEXT><![CDATA[]]></FOLLOWER_TYPE_TEXT><FOLLOWER_MESSAGE><![CDATA[您关注的[模块名称]文件：[文件标题]于[发件时间]由[发件人]进行了处理。]]></FOLLOWER_MESSAGE><REMIND_SENDER DbType='NUMERIC'><![CDATA[-1]]></REMIND_SENDER><REMIND_SENDER_TEXT><![CDATA[]]></REMIND_SENDER_TEXT><SENDER_TYPE_TEXT><![CDATA[]]></SENDER_TYPE_TEXT><SENDER_TYPE><![CDATA[1]]></SENDER_TYPE><SENDER_MESSAGE><![CDATA[您交由[发件人]处理的的[模块名称]文件：[文件标题]已于[发件时间]处理完毕。]]></SENDER_MESSAGE><REMIND_EVERYONE DbType='NUMERIC'><![CDATA[1]]></REMIND_EVERYONE><REMIND_EVERYONE_TEXT><![CDATA[]]></REMIND_EVERYONE_TEXT><EVERYONE_TYPE><![CDATA[6]]></EVERYONE_TYPE><EVERYONE_TYPE_TEXT><![CDATA[]]></EVERYONE_TYPE_TEXT><EVERYONE_MESSAGE><![CDATA[您参与的[模块名称]文件：[文件标题]于[发件时间]由[发件人]进行了批示处理。]]></EVERYONE_MESSAGE><START_REMIND_OBJECT><![CDATA[]]></START_REMIND_OBJECT><START_REMIND_OBJECT_TEXT><![CDATA[]]></START_REMIND_OBJECT_TEXT><START_NODE_HANDLER><![CDATA[]]></START_NODE_HANDLER><START_NODE_HANDLER_TEXT><![CDATA[]]></START_NODE_HANDLER_TEXT><START_ROLE><![CDATA[]]></START_ROLE><START_ROLE_TEXT><![CDATA[]]></START_ROLE_TEXT><START_USER><![CDATA[]]></START_USER><START_USER_TEXT><![CDATA[]]></START_USER_TEXT><START_USER_SCHEMA><![CDATA[]]></START_USER_SCHEMA><END_REMIND_OBJECT><![CDATA[]]></END_REMIND_OBJECT><END_REMIND_OBJECT_TEXT><![CDATA[]]></END_REMIND_OBJECT_TEXT><END_NODE_HANDLER><![CDATA[]]></END_NODE_HANDLER><END_NODE_HANDLER_TEXT><![CDATA[]]></END_NODE_HANDLER_TEXT><END_ROLE><![CDATA[]]></END_ROLE><END_ROLE_TEXT><![CDATA[]]></END_ROLE_TEXT><END_USER><![CDATA[]]></END_USER><END_USER_TEXT><![CDATA[]]></END_USER_TEXT><END_USER_SCHEMA><![CDATA[]]></END_USER_SCHEMA><DEFAULT_FORM_ID><![CDATA[86f5862bc581416e904519af4fa5c525]]></DEFAULT_FORM_ID><ITEMINDEX DbType='NUMERIC'><![CDATA[]]></ITEMINDEX><IS_YJZXOA DbType='NUMERIC'><![CDATA[1]]></IS_YJZXOA><IS_YJZXOA_TEXT><![CDATA[]]></IS_YJZXOA_TEXT><IS_ESTABLISHMENT_FLOW DbType='NUMERIC'><![CDATA[]]></IS_ESTABLISHMENT_FLOW><IS_ESTABLISHMENT_FLOW_TEXT><![CDATA[]]></IS_ESTABLISHMENT_FLOW_TEXT><FLOWPIC DbType='CLOB'><![CDATA[]]></FLOWPIC><PRODUCT_ID><![CDATA[]]></PRODUCT_ID><START_REMIND_TEMPLATE DbType='CLOB'><![CDATA[]]></START_REMIND_TEMPLATE><END_REMIND_TEMPLATE DbType='CLOB'><![CDATA[]]></END_REMIND_TEMPLATE><START_REMIND_TEMPLATE_ID><![CDATA[]]></START_REMIND_TEMPLATE_ID><END_REMIND_TEMPLATE_ID><![CDATA[]]></END_REMIND_TEMPLATE_ID><INFO_ID><![CDATA[]]></INFO_ID></Row>
</G_FLOW>