<G_FLOW_FORM>
<Row><ID PrimaryKey='true'><![CDATA[240408101233B3RvjyOsUuqisuyzM9N]]></ID><MODULE_ID><![CDATA[2401301002390ipFYU6OzeCNDMN0r1X]]></MODULE_ID><FLOW_ID><![CDATA[0]]></FLOW_ID><NODE_ID><![CDATA[-1]]></NODE_ID><FORM_ID><![CDATA[240130101401nhPmHBIPt5CkM3yJ0KL]]></FORM_ID><MOBILE_FORM_ID><![CDATA[240408095515Q6JU567HQeQtc4Tnl7v]]></MOBILE_FORM_ID><PROJECT_ID><![CDATA[]]></PROJECT_ID><CREATE_USERID><![CDATA[]]></CREATE_USERID><CREATE_UNAME><![CDATA[]]></CREATE_UNAME><CREATE_DEPTID><![CDATA[]]></CREATE_DEPTID><CREATE_DEPTNAME><![CDATA[]]></CREATE_DEPTNAME><CREATE_UNITID><![CDATA[180505162656YILYYOzw1FnE5OzzNxm]]></CREATE_UNITID><CREATE_UNITNAME><![CDATA[]]></CREATE_UNITNAME><CREATE_TIME DbType='DATE'><![CDATA[]]></CREATE_TIME><LASTUPDATE_USERID><![CDATA[]]></LASTUPDATE_USERID><LASTUPDATE_UNAME><![CDATA[]]></LASTUPDATE_UNAME><LASTUPDATE_DEPTID><![CDATA[]]></LASTUPDATE_DEPTID><LASTUPDATE_DEPTNAME><![CDATA[]]></LASTUPDATE_DEPTNAME><LASTUPDATE_UNITID><![CDATA[]]></LASTUPDATE_UNITID><LASTUPDATE_UNITNAME><![CDATA[]]></LASTUPDATE_UNITNAME><LASTUPDATE_TIME DbType='DATE'><![CDATA[]]></LASTUPDATE_TIME><IS_VALID_DATA DbType='NUMERIC'><![CDATA[1]]></IS_VALID_DATA><ROWSTATE DbType='NUMERIC'><![CDATA[1]]></ROWSTATE><CLONE_ID><![CDATA[]]></CLONE_ID><AUTO_HIDE DbType='NUMERIC'><![CDATA[-1]]></AUTO_HIDE><AUTO_HIDE_TEXT><![CDATA[]]></AUTO_HIDE_TEXT><VIEW_FORM_IDS><![CDATA[]]></VIEW_FORM_IDS><VIEW_FORM_IDS_TEXT><![CDATA[]]></VIEW_FORM_IDS_TEXT><ALLOW_LOCK DbType='NUMERIC'><![CDATA[-1]]></ALLOW_LOCK><ALLOW_LOCK_TEXT><![CDATA[否]]></ALLOW_LOCK_TEXT><IS_MODIFY DbType='NUMERIC'><![CDATA[]]></IS_MODIFY><AUTOHIDE_CLASS><![CDATA[]]></AUTOHIDE_CLASS><PAD_FORM_ID><![CDATA[]]></PAD_FORM_ID><DEFAULT_FORM_ID><![CDATA[]]></DEFAULT_FORM_ID><ITEMINDEX DbType='NUMERIC'><![CDATA[]]></ITEMINDEX><MSGBOX_FORMID><![CDATA[]]></MSGBOX_FORMID><SHOW_SCREEN DbType='NUMERIC'><![CDATA[-1]]></SHOW_SCREEN><SHOW_SCREEN_TEXT><![CDATA[否]]></SHOW_SCREEN_TEXT><PRODUCT_ID><![CDATA[]]></PRODUCT_ID><ISOPEN_HANDWRITE DbType='NUMERIC'><![CDATA[-1]]></ISOPEN_HANDWRITE><ISOPEN_HANDWRITE_TEXT><![CDATA[]]></ISOPEN_HANDWRITE_TEXT><RELATION_FORMS><![CDATA[]]></RELATION_FORMS><MODIFY_REMIND DbType='NUMERIC'><![CDATA[]]></MODIFY_REMIND><MODIFY_REMIND_TEXT><![CDATA[]]></MODIFY_REMIND_TEXT><HISTORY_NODES><![CDATA[]]></HISTORY_NODES><HISTORY_NODES_TEXT><![CDATA[]]></HISTORY_NODES_TEXT></Row>
<Row><ID PrimaryKey='true'><![CDATA[240408101239loU5yQ8mMzOzbtKDZZF]]></ID><MODULE_ID><![CDATA[2401301002390ipFYU6OzeCNDMN0r1X]]></MODULE_ID><FLOW_ID><![CDATA[0]]></FLOW_ID><NODE_ID><![CDATA[-7]]></NODE_ID><FORM_ID><![CDATA[240130101401nhPmHBIPt5CkM3yJ0KL]]></FORM_ID><MOBILE_FORM_ID><![CDATA[240408095515Q6JU567HQeQtc4Tnl7v]]></MOBILE_FORM_ID><PROJECT_ID><![CDATA[]]></PROJECT_ID><CREATE_USERID><![CDATA[]]></CREATE_USERID><CREATE_UNAME><![CDATA[]]></CREATE_UNAME><CREATE_DEPTID><![CDATA[]]></CREATE_DEPTID><CREATE_DEPTNAME><![CDATA[]]></CREATE_DEPTNAME><CREATE_UNITID><![CDATA[180505162656YILYYOzw1FnE5OzzNxm]]></CREATE_UNITID><CREATE_UNITNAME><![CDATA[]]></CREATE_UNITNAME><CREATE_TIME DbType='DATE'><![CDATA[]]></CREATE_TIME><LASTUPDATE_USERID><![CDATA[]]></LASTUPDATE_USERID><LASTUPDATE_UNAME><![CDATA[]]></LASTUPDATE_UNAME><LASTUPDATE_DEPTID><![CDATA[]]></LASTUPDATE_DEPTID><LASTUPDATE_DEPTNAME><![CDATA[]]></LASTUPDATE_DEPTNAME><LASTUPDATE_UNITID><![CDATA[]]></LASTUPDATE_UNITID><LASTUPDATE_UNITNAME><![CDATA[]]></LASTUPDATE_UNITNAME><LASTUPDATE_TIME DbType='DATE'><![CDATA[]]></LASTUPDATE_TIME><IS_VALID_DATA DbType='NUMERIC'><![CDATA[1]]></IS_VALID_DATA><ROWSTATE DbType='NUMERIC'><![CDATA[1]]></ROWSTATE><CLONE_ID><![CDATA[]]></CLONE_ID><AUTO_HIDE DbType='NUMERIC'><![CDATA[-1]]></AUTO_HIDE><AUTO_HIDE_TEXT><![CDATA[]]></AUTO_HIDE_TEXT><VIEW_FORM_IDS><![CDATA[]]></VIEW_FORM_IDS><VIEW_FORM_IDS_TEXT><![CDATA[]]></VIEW_FORM_IDS_TEXT><ALLOW_LOCK DbType='NUMERIC'><![CDATA[-1]]></ALLOW_LOCK><ALLOW_LOCK_TEXT><![CDATA[否]]></ALLOW_LOCK_TEXT><IS_MODIFY DbType='NUMERIC'><![CDATA[]]></IS_MODIFY><AUTOHIDE_CLASS><![CDATA[]]></AUTOHIDE_CLASS><PAD_FORM_ID><![CDATA[]]></PAD_FORM_ID><DEFAULT_FORM_ID><![CDATA[]]></DEFAULT_FORM_ID><ITEMINDEX DbType='NUMERIC'><![CDATA[]]></ITEMINDEX><MSGBOX_FORMID><![CDATA[]]></MSGBOX_FORMID><SHOW_SCREEN DbType='NUMERIC'><![CDATA[-1]]></SHOW_SCREEN><SHOW_SCREEN_TEXT><![CDATA[否]]></SHOW_SCREEN_TEXT><PRODUCT_ID><![CDATA[]]></PRODUCT_ID><ISOPEN_HANDWRITE DbType='NUMERIC'><![CDATA[-1]]></ISOPEN_HANDWRITE><ISOPEN_HANDWRITE_TEXT><![CDATA[]]></ISOPEN_HANDWRITE_TEXT><RELATION_FORMS><![CDATA[]]></RELATION_FORMS><MODIFY_REMIND DbType='NUMERIC'><![CDATA[]]></MODIFY_REMIND><MODIFY_REMIND_TEXT><![CDATA[]]></MODIFY_REMIND_TEXT><HISTORY_NODES><![CDATA[]]></HISTORY_NODES><HISTORY_NODES_TEXT><![CDATA[]]></HISTORY_NODES_TEXT></Row>
<Row><ID PrimaryKey='true'><![CDATA[240408101254AC0zSAdb7Hnw6RdAt0E]]></ID><MODULE_ID><![CDATA[2401301002390ipFYU6OzeCNDMN0r1X]]></MODULE_ID><FLOW_ID><![CDATA[2402011005226rRQCKy1dfPm9s7Nfjh]]></FLOW_ID><NODE_ID><![CDATA[lCJ7XUGOFweteut]]></NODE_ID><FORM_ID><![CDATA[240130101401nhPmHBIPt5CkM3yJ0KL]]></FORM_ID><MOBILE_FORM_ID><![CDATA[240408095515Q6JU567HQeQtc4Tnl7v]]></MOBILE_FORM_ID><PROJECT_ID><![CDATA[]]></PROJECT_ID><CREATE_USERID><![CDATA[]]></CREATE_USERID><CREATE_UNAME><![CDATA[]]></CREATE_UNAME><CREATE_DEPTID><![CDATA[]]></CREATE_DEPTID><CREATE_DEPTNAME><![CDATA[]]></CREATE_DEPTNAME><CREATE_UNITID><![CDATA[180505162656YILYYOzw1FnE5OzzNxm]]></CREATE_UNITID><CREATE_UNITNAME><![CDATA[]]></CREATE_UNITNAME><CREATE_TIME DbType='DATE'><![CDATA[]]></CREATE_TIME><LASTUPDATE_USERID><![CDATA[]]></LASTUPDATE_USERID><LASTUPDATE_UNAME><![CDATA[]]></LASTUPDATE_UNAME><LASTUPDATE_DEPTID><![CDATA[]]></LASTUPDATE_DEPTID><LASTUPDATE_DEPTNAME><![CDATA[]]></LASTUPDATE_DEPTNAME><LASTUPDATE_UNITID><![CDATA[]]></LASTUPDATE_UNITID><LASTUPDATE_UNITNAME><![CDATA[]]></LASTUPDATE_UNITNAME><LASTUPDATE_TIME DbType='DATE'><![CDATA[]]></LASTUPDATE_TIME><IS_VALID_DATA DbType='NUMERIC'><![CDATA[1]]></IS_VALID_DATA><ROWSTATE DbType='NUMERIC'><![CDATA[1]]></ROWSTATE><CLONE_ID><![CDATA[]]></CLONE_ID><AUTO_HIDE DbType='NUMERIC'><![CDATA[-1]]></AUTO_HIDE><AUTO_HIDE_TEXT><![CDATA[]]></AUTO_HIDE_TEXT><VIEW_FORM_IDS><![CDATA[]]></VIEW_FORM_IDS><VIEW_FORM_IDS_TEXT><![CDATA[]]></VIEW_FORM_IDS_TEXT><ALLOW_LOCK DbType='NUMERIC'><![CDATA[-1]]></ALLOW_LOCK><ALLOW_LOCK_TEXT><![CDATA[否]]></ALLOW_LOCK_TEXT><IS_MODIFY DbType='NUMERIC'><![CDATA[]]></IS_MODIFY><AUTOHIDE_CLASS><![CDATA[]]></AUTOHIDE_CLASS><PAD_FORM_ID><![CDATA[]]></PAD_FORM_ID><DEFAULT_FORM_ID><![CDATA[]]></DEFAULT_FORM_ID><ITEMINDEX DbType='NUMERIC'><![CDATA[]]></ITEMINDEX><MSGBOX_FORMID><![CDATA[]]></MSGBOX_FORMID><SHOW_SCREEN DbType='NUMERIC'><![CDATA[-1]]></SHOW_SCREEN><SHOW_SCREEN_TEXT><![CDATA[否]]></SHOW_SCREEN_TEXT><PRODUCT_ID><![CDATA[]]></PRODUCT_ID><ISOPEN_HANDWRITE DbType='NUMERIC'><![CDATA[-1]]></ISOPEN_HANDWRITE><ISOPEN_HANDWRITE_TEXT><![CDATA[]]></ISOPEN_HANDWRITE_TEXT><RELATION_FORMS><![CDATA[]]></RELATION_FORMS><MODIFY_REMIND DbType='NUMERIC'><![CDATA[]]></MODIFY_REMIND><MODIFY_REMIND_TEXT><![CDATA[]]></MODIFY_REMIND_TEXT><HISTORY_NODES><![CDATA[]]></HISTORY_NODES><HISTORY_NODES_TEXT><![CDATA[]]></HISTORY_NODES_TEXT></Row>
<Row><ID PrimaryKey='true'><![CDATA[240408101305uVYKDnYPKYJlmH0plge]]></ID><MODULE_ID><![CDATA[2401301002390ipFYU6OzeCNDMN0r1X]]></MODULE_ID><FLOW_ID><![CDATA[2402011005226rRQCKy1dfPm9s7Nfjh]]></FLOW_ID><NODE_ID><![CDATA[mOBvISwKCh1jv2r]]></NODE_ID><FORM_ID><![CDATA[240130101401nhPmHBIPt5CkM3yJ0KL]]></FORM_ID><MOBILE_FORM_ID><![CDATA[240408095515Q6JU567HQeQtc4Tnl7v]]></MOBILE_FORM_ID><PROJECT_ID><![CDATA[]]></PROJECT_ID><CREATE_USERID><![CDATA[]]></CREATE_USERID><CREATE_UNAME><![CDATA[]]></CREATE_UNAME><CREATE_DEPTID><![CDATA[]]></CREATE_DEPTID><CREATE_DEPTNAME><![CDATA[]]></CREATE_DEPTNAME><CREATE_UNITID><![CDATA[180505162656YILYYOzw1FnE5OzzNxm]]></CREATE_UNITID><CREATE_UNITNAME><![CDATA[]]></CREATE_UNITNAME><CREATE_TIME DbType='DATE'><![CDATA[]]></CREATE_TIME><LASTUPDATE_USERID><![CDATA[]]></LASTUPDATE_USERID><LASTUPDATE_UNAME><![CDATA[]]></LASTUPDATE_UNAME><LASTUPDATE_DEPTID><![CDATA[]]></LASTUPDATE_DEPTID><LASTUPDATE_DEPTNAME><![CDATA[]]></LASTUPDATE_DEPTNAME><LASTUPDATE_UNITID><![CDATA[]]></LASTUPDATE_UNITID><LASTUPDATE_UNITNAME><![CDATA[]]></LASTUPDATE_UNITNAME><LASTUPDATE_TIME DbType='DATE'><![CDATA[]]></LASTUPDATE_TIME><IS_VALID_DATA DbType='NUMERIC'><![CDATA[1]]></IS_VALID_DATA><ROWSTATE DbType='NUMERIC'><![CDATA[1]]></ROWSTATE><CLONE_ID><![CDATA[]]></CLONE_ID><AUTO_HIDE DbType='NUMERIC'><![CDATA[-1]]></AUTO_HIDE><AUTO_HIDE_TEXT><![CDATA[]]></AUTO_HIDE_TEXT><VIEW_FORM_IDS><![CDATA[]]></VIEW_FORM_IDS><VIEW_FORM_IDS_TEXT><![CDATA[]]></VIEW_FORM_IDS_TEXT><ALLOW_LOCK DbType='NUMERIC'><![CDATA[-1]]></ALLOW_LOCK><ALLOW_LOCK_TEXT><![CDATA[否]]></ALLOW_LOCK_TEXT><IS_MODIFY DbType='NUMERIC'><![CDATA[]]></IS_MODIFY><AUTOHIDE_CLASS><![CDATA[]]></AUTOHIDE_CLASS><PAD_FORM_ID><![CDATA[]]></PAD_FORM_ID><DEFAULT_FORM_ID><![CDATA[]]></DEFAULT_FORM_ID><ITEMINDEX DbType='NUMERIC'><![CDATA[]]></ITEMINDEX><MSGBOX_FORMID><![CDATA[]]></MSGBOX_FORMID><SHOW_SCREEN DbType='NUMERIC'><![CDATA[-1]]></SHOW_SCREEN><SHOW_SCREEN_TEXT><![CDATA[否]]></SHOW_SCREEN_TEXT><PRODUCT_ID><![CDATA[]]></PRODUCT_ID><ISOPEN_HANDWRITE DbType='NUMERIC'><![CDATA[-1]]></ISOPEN_HANDWRITE><ISOPEN_HANDWRITE_TEXT><![CDATA[]]></ISOPEN_HANDWRITE_TEXT><RELATION_FORMS><![CDATA[]]></RELATION_FORMS><MODIFY_REMIND DbType='NUMERIC'><![CDATA[]]></MODIFY_REMIND><MODIFY_REMIND_TEXT><![CDATA[]]></MODIFY_REMIND_TEXT><HISTORY_NODES><![CDATA[]]></HISTORY_NODES><HISTORY_NODES_TEXT><![CDATA[]]></HISTORY_NODES_TEXT></Row>
<Row><ID PrimaryKey='true'><![CDATA[240408101324VJfQ4OFYuk4Z12wrn2k]]></ID><MODULE_ID><![CDATA[2401301002390ipFYU6OzeCNDMN0r1X]]></MODULE_ID><FLOW_ID><![CDATA[2402011005226rRQCKy1dfPm9s7Nfjh]]></FLOW_ID><NODE_ID><![CDATA[COtJ93DBgO8YuGJ]]></NODE_ID><FORM_ID><![CDATA[240130101401nhPmHBIPt5CkM3yJ0KL]]></FORM_ID><MOBILE_FORM_ID><![CDATA[240408095515Q6JU567HQeQtc4Tnl7v]]></MOBILE_FORM_ID><PROJECT_ID><![CDATA[]]></PROJECT_ID><CREATE_USERID><![CDATA[]]></CREATE_USERID><CREATE_UNAME><![CDATA[]]></CREATE_UNAME><CREATE_DEPTID><![CDATA[]]></CREATE_DEPTID><CREATE_DEPTNAME><![CDATA[]]></CREATE_DEPTNAME><CREATE_UNITID><![CDATA[180505162656YILYYOzw1FnE5OzzNxm]]></CREATE_UNITID><CREATE_UNITNAME><![CDATA[]]></CREATE_UNITNAME><CREATE_TIME DbType='DATE'><![CDATA[]]></CREATE_TIME><LASTUPDATE_USERID><![CDATA[]]></LASTUPDATE_USERID><LASTUPDATE_UNAME><![CDATA[]]></LASTUPDATE_UNAME><LASTUPDATE_DEPTID><![CDATA[]]></LASTUPDATE_DEPTID><LASTUPDATE_DEPTNAME><![CDATA[]]></LASTUPDATE_DEPTNAME><LASTUPDATE_UNITID><![CDATA[]]></LASTUPDATE_UNITID><LASTUPDATE_UNITNAME><![CDATA[]]></LASTUPDATE_UNITNAME><LASTUPDATE_TIME DbType='DATE'><![CDATA[]]></LASTUPDATE_TIME><IS_VALID_DATA DbType='NUMERIC'><![CDATA[1]]></IS_VALID_DATA><ROWSTATE DbType='NUMERIC'><![CDATA[1]]></ROWSTATE><CLONE_ID><![CDATA[]]></CLONE_ID><AUTO_HIDE DbType='NUMERIC'><![CDATA[-1]]></AUTO_HIDE><AUTO_HIDE_TEXT><![CDATA[]]></AUTO_HIDE_TEXT><VIEW_FORM_IDS><![CDATA[]]></VIEW_FORM_IDS><VIEW_FORM_IDS_TEXT><![CDATA[]]></VIEW_FORM_IDS_TEXT><ALLOW_LOCK DbType='NUMERIC'><![CDATA[-1]]></ALLOW_LOCK><ALLOW_LOCK_TEXT><![CDATA[否]]></ALLOW_LOCK_TEXT><IS_MODIFY DbType='NUMERIC'><![CDATA[]]></IS_MODIFY><AUTOHIDE_CLASS><![CDATA[]]></AUTOHIDE_CLASS><PAD_FORM_ID><![CDATA[]]></PAD_FORM_ID><DEFAULT_FORM_ID><![CDATA[]]></DEFAULT_FORM_ID><ITEMINDEX DbType='NUMERIC'><![CDATA[]]></ITEMINDEX><MSGBOX_FORMID><![CDATA[]]></MSGBOX_FORMID><SHOW_SCREEN DbType='NUMERIC'><![CDATA[-1]]></SHOW_SCREEN><SHOW_SCREEN_TEXT><![CDATA[否]]></SHOW_SCREEN_TEXT><PRODUCT_ID><![CDATA[]]></PRODUCT_ID><ISOPEN_HANDWRITE DbType='NUMERIC'><![CDATA[-1]]></ISOPEN_HANDWRITE><ISOPEN_HANDWRITE_TEXT><![CDATA[]]></ISOPEN_HANDWRITE_TEXT><RELATION_FORMS><![CDATA[]]></RELATION_FORMS><MODIFY_REMIND DbType='NUMERIC'><![CDATA[]]></MODIFY_REMIND><MODIFY_REMIND_TEXT><![CDATA[]]></MODIFY_REMIND_TEXT><HISTORY_NODES><![CDATA[]]></HISTORY_NODES><HISTORY_NODES_TEXT><![CDATA[]]></HISTORY_NODES_TEXT></Row>
<Row><ID PrimaryKey='true'><![CDATA[240408101331VvxTiPlJa0UeyCRE8Tq]]></ID><MODULE_ID><![CDATA[2401301002390ipFYU6OzeCNDMN0r1X]]></MODULE_ID><FLOW_ID><![CDATA[2402011005226rRQCKy1dfPm9s7Nfjh]]></FLOW_ID><NODE_ID><![CDATA[O6V6z4Q5QFw96ch]]></NODE_ID><FORM_ID><![CDATA[240130101401nhPmHBIPt5CkM3yJ0KL]]></FORM_ID><MOBILE_FORM_ID><![CDATA[240408095515Q6JU567HQeQtc4Tnl7v]]></MOBILE_FORM_ID><PROJECT_ID><![CDATA[]]></PROJECT_ID><CREATE_USERID><![CDATA[]]></CREATE_USERID><CREATE_UNAME><![CDATA[]]></CREATE_UNAME><CREATE_DEPTID><![CDATA[]]></CREATE_DEPTID><CREATE_DEPTNAME><![CDATA[]]></CREATE_DEPTNAME><CREATE_UNITID><![CDATA[180505162656YILYYOzw1FnE5OzzNxm]]></CREATE_UNITID><CREATE_UNITNAME><![CDATA[]]></CREATE_UNITNAME><CREATE_TIME DbType='DATE'><![CDATA[]]></CREATE_TIME><LASTUPDATE_USERID><![CDATA[]]></LASTUPDATE_USERID><LASTUPDATE_UNAME><![CDATA[]]></LASTUPDATE_UNAME><LASTUPDATE_DEPTID><![CDATA[]]></LASTUPDATE_DEPTID><LASTUPDATE_DEPTNAME><![CDATA[]]></LASTUPDATE_DEPTNAME><LASTUPDATE_UNITID><![CDATA[]]></LASTUPDATE_UNITID><LASTUPDATE_UNITNAME><![CDATA[]]></LASTUPDATE_UNITNAME><LASTUPDATE_TIME DbType='DATE'><![CDATA[]]></LASTUPDATE_TIME><IS_VALID_DATA DbType='NUMERIC'><![CDATA[1]]></IS_VALID_DATA><ROWSTATE DbType='NUMERIC'><![CDATA[1]]></ROWSTATE><CLONE_ID><![CDATA[]]></CLONE_ID><AUTO_HIDE DbType='NUMERIC'><![CDATA[-1]]></AUTO_HIDE><AUTO_HIDE_TEXT><![CDATA[]]></AUTO_HIDE_TEXT><VIEW_FORM_IDS><![CDATA[]]></VIEW_FORM_IDS><VIEW_FORM_IDS_TEXT><![CDATA[]]></VIEW_FORM_IDS_TEXT><ALLOW_LOCK DbType='NUMERIC'><![CDATA[-1]]></ALLOW_LOCK><ALLOW_LOCK_TEXT><![CDATA[否]]></ALLOW_LOCK_TEXT><IS_MODIFY DbType='NUMERIC'><![CDATA[]]></IS_MODIFY><AUTOHIDE_CLASS><![CDATA[]]></AUTOHIDE_CLASS><PAD_FORM_ID><![CDATA[]]></PAD_FORM_ID><DEFAULT_FORM_ID><![CDATA[]]></DEFAULT_FORM_ID><ITEMINDEX DbType='NUMERIC'><![CDATA[]]></ITEMINDEX><MSGBOX_FORMID><![CDATA[]]></MSGBOX_FORMID><SHOW_SCREEN DbType='NUMERIC'><![CDATA[-1]]></SHOW_SCREEN><SHOW_SCREEN_TEXT><![CDATA[否]]></SHOW_SCREEN_TEXT><PRODUCT_ID><![CDATA[]]></PRODUCT_ID><ISOPEN_HANDWRITE DbType='NUMERIC'><![CDATA[-1]]></ISOPEN_HANDWRITE><ISOPEN_HANDWRITE_TEXT><![CDATA[]]></ISOPEN_HANDWRITE_TEXT><RELATION_FORMS><![CDATA[]]></RELATION_FORMS><MODIFY_REMIND DbType='NUMERIC'><![CDATA[]]></MODIFY_REMIND><MODIFY_REMIND_TEXT><![CDATA[]]></MODIFY_REMIND_TEXT><HISTORY_NODES><![CDATA[]]></HISTORY_NODES><HISTORY_NODES_TEXT><![CDATA[]]></HISTORY_NODES_TEXT></Row>
<Row><ID PrimaryKey='true'><![CDATA[24040810133637QAGPvicZjMMI42fiF]]></ID><MODULE_ID><![CDATA[2401301002390ipFYU6OzeCNDMN0r1X]]></MODULE_ID><FLOW_ID><![CDATA[2402011005226rRQCKy1dfPm9s7Nfjh]]></FLOW_ID><NODE_ID><![CDATA[aqtH7YYBcJHJUy2]]></NODE_ID><FORM_ID><![CDATA[240130101401nhPmHBIPt5CkM3yJ0KL]]></FORM_ID><MOBILE_FORM_ID><![CDATA[240408095515Q6JU567HQeQtc4Tnl7v]]></MOBILE_FORM_ID><PROJECT_ID><![CDATA[]]></PROJECT_ID><CREATE_USERID><![CDATA[]]></CREATE_USERID><CREATE_UNAME><![CDATA[]]></CREATE_UNAME><CREATE_DEPTID><![CDATA[]]></CREATE_DEPTID><CREATE_DEPTNAME><![CDATA[]]></CREATE_DEPTNAME><CREATE_UNITID><![CDATA[180505162656YILYYOzw1FnE5OzzNxm]]></CREATE_UNITID><CREATE_UNITNAME><![CDATA[]]></CREATE_UNITNAME><CREATE_TIME DbType='DATE'><![CDATA[]]></CREATE_TIME><LASTUPDATE_USERID><![CDATA[]]></LASTUPDATE_USERID><LASTUPDATE_UNAME><![CDATA[]]></LASTUPDATE_UNAME><LASTUPDATE_DEPTID><![CDATA[]]></LASTUPDATE_DEPTID><LASTUPDATE_DEPTNAME><![CDATA[]]></LASTUPDATE_DEPTNAME><LASTUPDATE_UNITID><![CDATA[]]></LASTUPDATE_UNITID><LASTUPDATE_UNITNAME><![CDATA[]]></LASTUPDATE_UNITNAME><LASTUPDATE_TIME DbType='DATE'><![CDATA[]]></LASTUPDATE_TIME><IS_VALID_DATA DbType='NUMERIC'><![CDATA[1]]></IS_VALID_DATA><ROWSTATE DbType='NUMERIC'><![CDATA[1]]></ROWSTATE><CLONE_ID><![CDATA[]]></CLONE_ID><AUTO_HIDE DbType='NUMERIC'><![CDATA[-1]]></AUTO_HIDE><AUTO_HIDE_TEXT><![CDATA[]]></AUTO_HIDE_TEXT><VIEW_FORM_IDS><![CDATA[]]></VIEW_FORM_IDS><VIEW_FORM_IDS_TEXT><![CDATA[]]></VIEW_FORM_IDS_TEXT><ALLOW_LOCK DbType='NUMERIC'><![CDATA[-1]]></ALLOW_LOCK><ALLOW_LOCK_TEXT><![CDATA[否]]></ALLOW_LOCK_TEXT><IS_MODIFY DbType='NUMERIC'><![CDATA[]]></IS_MODIFY><AUTOHIDE_CLASS><![CDATA[]]></AUTOHIDE_CLASS><PAD_FORM_ID><![CDATA[]]></PAD_FORM_ID><DEFAULT_FORM_ID><![CDATA[]]></DEFAULT_FORM_ID><ITEMINDEX DbType='NUMERIC'><![CDATA[]]></ITEMINDEX><MSGBOX_FORMID><![CDATA[]]></MSGBOX_FORMID><SHOW_SCREEN DbType='NUMERIC'><![CDATA[-1]]></SHOW_SCREEN><SHOW_SCREEN_TEXT><![CDATA[否]]></SHOW_SCREEN_TEXT><PRODUCT_ID><![CDATA[]]></PRODUCT_ID><ISOPEN_HANDWRITE DbType='NUMERIC'><![CDATA[-1]]></ISOPEN_HANDWRITE><ISOPEN_HANDWRITE_TEXT><![CDATA[]]></ISOPEN_HANDWRITE_TEXT><RELATION_FORMS><![CDATA[]]></RELATION_FORMS><MODIFY_REMIND DbType='NUMERIC'><![CDATA[]]></MODIFY_REMIND><MODIFY_REMIND_TEXT><![CDATA[]]></MODIFY_REMIND_TEXT><HISTORY_NODES><![CDATA[]]></HISTORY_NODES><HISTORY_NODES_TEXT><![CDATA[]]></HISTORY_NODES_TEXT></Row>
<Row><ID PrimaryKey='true'><![CDATA[240418155222JuTcrAUYtcWnZ3kYSsW]]></ID><MODULE_ID><![CDATA[2401301002390ipFYU6OzeCNDMN0r1X]]></MODULE_ID><FLOW_ID><![CDATA[0]]></FLOW_ID><NODE_ID><![CDATA[-2]]></NODE_ID><FORM_ID><![CDATA[240130101401nhPmHBIPt5CkM3yJ0KL]]></FORM_ID><MOBILE_FORM_ID><![CDATA[240408095515Q6JU567HQeQtc4Tnl7v]]></MOBILE_FORM_ID><PROJECT_ID><![CDATA[]]></PROJECT_ID><CREATE_USERID><![CDATA[]]></CREATE_USERID><CREATE_UNAME><![CDATA[]]></CREATE_UNAME><CREATE_DEPTID><![CDATA[]]></CREATE_DEPTID><CREATE_DEPTNAME><![CDATA[]]></CREATE_DEPTNAME><CREATE_UNITID><![CDATA[180505162656YILYYOzw1FnE5OzzNxm]]></CREATE_UNITID><CREATE_UNITNAME><![CDATA[]]></CREATE_UNITNAME><CREATE_TIME DbType='DATE'><![CDATA[]]></CREATE_TIME><LASTUPDATE_USERID><![CDATA[]]></LASTUPDATE_USERID><LASTUPDATE_UNAME><![CDATA[]]></LASTUPDATE_UNAME><LASTUPDATE_DEPTID><![CDATA[]]></LASTUPDATE_DEPTID><LASTUPDATE_DEPTNAME><![CDATA[]]></LASTUPDATE_DEPTNAME><LASTUPDATE_UNITID><![CDATA[]]></LASTUPDATE_UNITID><LASTUPDATE_UNITNAME><![CDATA[]]></LASTUPDATE_UNITNAME><LASTUPDATE_TIME DbType='DATE'><![CDATA[]]></LASTUPDATE_TIME><IS_VALID_DATA DbType='NUMERIC'><![CDATA[1]]></IS_VALID_DATA><ROWSTATE DbType='NUMERIC'><![CDATA[1]]></ROWSTATE><CLONE_ID><![CDATA[]]></CLONE_ID><AUTO_HIDE DbType='NUMERIC'><![CDATA[-1]]></AUTO_HIDE><AUTO_HIDE_TEXT><![CDATA[]]></AUTO_HIDE_TEXT><VIEW_FORM_IDS><![CDATA[]]></VIEW_FORM_IDS><VIEW_FORM_IDS_TEXT><![CDATA[]]></VIEW_FORM_IDS_TEXT><ALLOW_LOCK DbType='NUMERIC'><![CDATA[-1]]></ALLOW_LOCK><ALLOW_LOCK_TEXT><![CDATA[否]]></ALLOW_LOCK_TEXT><IS_MODIFY DbType='NUMERIC'><![CDATA[]]></IS_MODIFY><AUTOHIDE_CLASS><![CDATA[]]></AUTOHIDE_CLASS><PAD_FORM_ID><![CDATA[]]></PAD_FORM_ID><DEFAULT_FORM_ID><![CDATA[]]></DEFAULT_FORM_ID><ITEMINDEX DbType='NUMERIC'><![CDATA[]]></ITEMINDEX><MSGBOX_FORMID><![CDATA[]]></MSGBOX_FORMID><SHOW_SCREEN DbType='NUMERIC'><![CDATA[-1]]></SHOW_SCREEN><SHOW_SCREEN_TEXT><![CDATA[否]]></SHOW_SCREEN_TEXT><PRODUCT_ID><![CDATA[]]></PRODUCT_ID><ISOPEN_HANDWRITE DbType='NUMERIC'><![CDATA[-1]]></ISOPEN_HANDWRITE><ISOPEN_HANDWRITE_TEXT><![CDATA[]]></ISOPEN_HANDWRITE_TEXT><RELATION_FORMS><![CDATA[]]></RELATION_FORMS><MODIFY_REMIND DbType='NUMERIC'><![CDATA[]]></MODIFY_REMIND><MODIFY_REMIND_TEXT><![CDATA[]]></MODIFY_REMIND_TEXT><HISTORY_NODES><![CDATA[]]></HISTORY_NODES><HISTORY_NODES_TEXT><![CDATA[]]></HISTORY_NODES_TEXT></Row>
<Row><ID PrimaryKey='true'><![CDATA[2407051432286mQDk9X8z3Zkj3vJp1W]]></ID><MODULE_ID><![CDATA[2401301002390ipFYU6OzeCNDMN0r1X]]></MODULE_ID><FLOW_ID><![CDATA[2402011005226rRQCKy1dfPm9s7Nfjh]]></FLOW_ID><NODE_ID><![CDATA[dSuJvTNhBfxfs6v]]></NODE_ID><FORM_ID><![CDATA[240130101401nhPmHBIPt5CkM3yJ0KL]]></FORM_ID><MOBILE_FORM_ID><![CDATA[240408095515Q6JU567HQeQtc4Tnl7v]]></MOBILE_FORM_ID><PROJECT_ID><![CDATA[]]></PROJECT_ID><CREATE_USERID><![CDATA[]]></CREATE_USERID><CREATE_UNAME><![CDATA[]]></CREATE_UNAME><CREATE_DEPTID><![CDATA[]]></CREATE_DEPTID><CREATE_DEPTNAME><![CDATA[]]></CREATE_DEPTNAME><CREATE_UNITID><![CDATA[180505162656YILYYOzw1FnE5OzzNxm]]></CREATE_UNITID><CREATE_UNITNAME><![CDATA[]]></CREATE_UNITNAME><CREATE_TIME DbType='DATE'><![CDATA[]]></CREATE_TIME><LASTUPDATE_USERID><![CDATA[]]></LASTUPDATE_USERID><LASTUPDATE_UNAME><![CDATA[]]></LASTUPDATE_UNAME><LASTUPDATE_DEPTID><![CDATA[]]></LASTUPDATE_DEPTID><LASTUPDATE_DEPTNAME><![CDATA[]]></LASTUPDATE_DEPTNAME><LASTUPDATE_UNITID><![CDATA[]]></LASTUPDATE_UNITID><LASTUPDATE_UNITNAME><![CDATA[]]></LASTUPDATE_UNITNAME><LASTUPDATE_TIME DbType='DATE'><![CDATA[]]></LASTUPDATE_TIME><IS_VALID_DATA DbType='NUMERIC'><![CDATA[1]]></IS_VALID_DATA><ROWSTATE DbType='NUMERIC'><![CDATA[1]]></ROWSTATE><CLONE_ID><![CDATA[]]></CLONE_ID><AUTO_HIDE DbType='NUMERIC'><![CDATA[-1]]></AUTO_HIDE><AUTO_HIDE_TEXT><![CDATA[]]></AUTO_HIDE_TEXT><VIEW_FORM_IDS><![CDATA[]]></VIEW_FORM_IDS><VIEW_FORM_IDS_TEXT><![CDATA[]]></VIEW_FORM_IDS_TEXT><ALLOW_LOCK DbType='NUMERIC'><![CDATA[-1]]></ALLOW_LOCK><ALLOW_LOCK_TEXT><![CDATA[否]]></ALLOW_LOCK_TEXT><IS_MODIFY DbType='NUMERIC'><![CDATA[]]></IS_MODIFY><AUTOHIDE_CLASS><![CDATA[]]></AUTOHIDE_CLASS><PAD_FORM_ID><![CDATA[]]></PAD_FORM_ID><DEFAULT_FORM_ID><![CDATA[]]></DEFAULT_FORM_ID><ITEMINDEX DbType='NUMERIC'><![CDATA[]]></ITEMINDEX><MSGBOX_FORMID><![CDATA[]]></MSGBOX_FORMID><SHOW_SCREEN DbType='NUMERIC'><![CDATA[-1]]></SHOW_SCREEN><SHOW_SCREEN_TEXT><![CDATA[否]]></SHOW_SCREEN_TEXT><PRODUCT_ID><![CDATA[]]></PRODUCT_ID><ISOPEN_HANDWRITE DbType='NUMERIC'><![CDATA[-1]]></ISOPEN_HANDWRITE><ISOPEN_HANDWRITE_TEXT><![CDATA[]]></ISOPEN_HANDWRITE_TEXT><RELATION_FORMS><![CDATA[]]></RELATION_FORMS><MODIFY_REMIND DbType='NUMERIC'><![CDATA[]]></MODIFY_REMIND><MODIFY_REMIND_TEXT><![CDATA[]]></MODIFY_REMIND_TEXT><HISTORY_NODES><![CDATA[]]></HISTORY_NODES><HISTORY_NODES_TEXT><![CDATA[]]></HISTORY_NODES_TEXT></Row>
<Row><ID PrimaryKey='true'><![CDATA[240729095352ZFldSRsK9aEXYPVGozN]]></ID><MODULE_ID><![CDATA[2401301002390ipFYU6OzeCNDMN0r1X]]></MODULE_ID><FLOW_ID><![CDATA[2402011005226rRQCKy1dfPm9s7Nfjh]]></FLOW_ID><NODE_ID><![CDATA[pHjul9l8R12KNXR]]></NODE_ID><FORM_ID><![CDATA[240130101401nhPmHBIPt5CkM3yJ0KL]]></FORM_ID><MOBILE_FORM_ID><![CDATA[240408095515Q6JU567HQeQtc4Tnl7v]]></MOBILE_FORM_ID><PROJECT_ID><![CDATA[]]></PROJECT_ID><CREATE_USERID><![CDATA[]]></CREATE_USERID><CREATE_UNAME><![CDATA[]]></CREATE_UNAME><CREATE_DEPTID><![CDATA[]]></CREATE_DEPTID><CREATE_DEPTNAME><![CDATA[]]></CREATE_DEPTNAME><CREATE_UNITID><![CDATA[180505162656YILYYOzw1FnE5OzzNxm]]></CREATE_UNITID><CREATE_UNITNAME><![CDATA[]]></CREATE_UNITNAME><CREATE_TIME DbType='DATE'><![CDATA[]]></CREATE_TIME><LASTUPDATE_USERID><![CDATA[]]></LASTUPDATE_USERID><LASTUPDATE_UNAME><![CDATA[]]></LASTUPDATE_UNAME><LASTUPDATE_DEPTID><![CDATA[]]></LASTUPDATE_DEPTID><LASTUPDATE_DEPTNAME><![CDATA[]]></LASTUPDATE_DEPTNAME><LASTUPDATE_UNITID><![CDATA[]]></LASTUPDATE_UNITID><LASTUPDATE_UNITNAME><![CDATA[]]></LASTUPDATE_UNITNAME><LASTUPDATE_TIME DbType='DATE'><![CDATA[]]></LASTUPDATE_TIME><IS_VALID_DATA DbType='NUMERIC'><![CDATA[1]]></IS_VALID_DATA><ROWSTATE DbType='NUMERIC'><![CDATA[1]]></ROWSTATE><CLONE_ID><![CDATA[]]></CLONE_ID><AUTO_HIDE DbType='NUMERIC'><![CDATA[-1]]></AUTO_HIDE><AUTO_HIDE_TEXT><![CDATA[]]></AUTO_HIDE_TEXT><VIEW_FORM_IDS><![CDATA[]]></VIEW_FORM_IDS><VIEW_FORM_IDS_TEXT><![CDATA[]]></VIEW_FORM_IDS_TEXT><ALLOW_LOCK DbType='NUMERIC'><![CDATA[-1]]></ALLOW_LOCK><ALLOW_LOCK_TEXT><![CDATA[否]]></ALLOW_LOCK_TEXT><IS_MODIFY DbType='NUMERIC'><![CDATA[]]></IS_MODIFY><AUTOHIDE_CLASS><![CDATA[]]></AUTOHIDE_CLASS><PAD_FORM_ID><![CDATA[]]></PAD_FORM_ID><DEFAULT_FORM_ID><![CDATA[]]></DEFAULT_FORM_ID><ITEMINDEX DbType='NUMERIC'><![CDATA[]]></ITEMINDEX><MSGBOX_FORMID><![CDATA[]]></MSGBOX_FORMID><SHOW_SCREEN DbType='NUMERIC'><![CDATA[-1]]></SHOW_SCREEN><SHOW_SCREEN_TEXT><![CDATA[否]]></SHOW_SCREEN_TEXT><PRODUCT_ID><![CDATA[]]></PRODUCT_ID><ISOPEN_HANDWRITE DbType='NUMERIC'><![CDATA[-1]]></ISOPEN_HANDWRITE><ISOPEN_HANDWRITE_TEXT><![CDATA[]]></ISOPEN_HANDWRITE_TEXT><RELATION_FORMS><![CDATA[]]></RELATION_FORMS><MODIFY_REMIND DbType='NUMERIC'><![CDATA[]]></MODIFY_REMIND><MODIFY_REMIND_TEXT><![CDATA[]]></MODIFY_REMIND_TEXT><HISTORY_NODES><![CDATA[]]></HISTORY_NODES><HISTORY_NODES_TEXT><![CDATA[]]></HISTORY_NODES_TEXT></Row>
<Row><ID PrimaryKey='true'><![CDATA[2407290954459Ue2ExtBoAGzwsTL6Lh]]></ID><MODULE_ID><![CDATA[2401301002390ipFYU6OzeCNDMN0r1X]]></MODULE_ID><FLOW_ID><![CDATA[2402011005226rRQCKy1dfPm9s7Nfjh]]></FLOW_ID><NODE_ID><![CDATA[4kjySdK9FX6fOVq]]></NODE_ID><FORM_ID><![CDATA[240130101401nhPmHBIPt5CkM3yJ0KL]]></FORM_ID><MOBILE_FORM_ID><![CDATA[240408095515Q6JU567HQeQtc4Tnl7v]]></MOBILE_FORM_ID><PROJECT_ID><![CDATA[]]></PROJECT_ID><CREATE_USERID><![CDATA[]]></CREATE_USERID><CREATE_UNAME><![CDATA[]]></CREATE_UNAME><CREATE_DEPTID><![CDATA[]]></CREATE_DEPTID><CREATE_DEPTNAME><![CDATA[]]></CREATE_DEPTNAME><CREATE_UNITID><![CDATA[180505162656YILYYOzw1FnE5OzzNxm]]></CREATE_UNITID><CREATE_UNITNAME><![CDATA[]]></CREATE_UNITNAME><CREATE_TIME DbType='DATE'><![CDATA[]]></CREATE_TIME><LASTUPDATE_USERID><![CDATA[]]></LASTUPDATE_USERID><LASTUPDATE_UNAME><![CDATA[]]></LASTUPDATE_UNAME><LASTUPDATE_DEPTID><![CDATA[]]></LASTUPDATE_DEPTID><LASTUPDATE_DEPTNAME><![CDATA[]]></LASTUPDATE_DEPTNAME><LASTUPDATE_UNITID><![CDATA[]]></LASTUPDATE_UNITID><LASTUPDATE_UNITNAME><![CDATA[]]></LASTUPDATE_UNITNAME><LASTUPDATE_TIME DbType='DATE'><![CDATA[]]></LASTUPDATE_TIME><IS_VALID_DATA DbType='NUMERIC'><![CDATA[1]]></IS_VALID_DATA><ROWSTATE DbType='NUMERIC'><![CDATA[1]]></ROWSTATE><CLONE_ID><![CDATA[]]></CLONE_ID><AUTO_HIDE DbType='NUMERIC'><![CDATA[-1]]></AUTO_HIDE><AUTO_HIDE_TEXT><![CDATA[]]></AUTO_HIDE_TEXT><VIEW_FORM_IDS><![CDATA[]]></VIEW_FORM_IDS><VIEW_FORM_IDS_TEXT><![CDATA[]]></VIEW_FORM_IDS_TEXT><ALLOW_LOCK DbType='NUMERIC'><![CDATA[-1]]></ALLOW_LOCK><ALLOW_LOCK_TEXT><![CDATA[否]]></ALLOW_LOCK_TEXT><IS_MODIFY DbType='NUMERIC'><![CDATA[]]></IS_MODIFY><AUTOHIDE_CLASS><![CDATA[]]></AUTOHIDE_CLASS><PAD_FORM_ID><![CDATA[]]></PAD_FORM_ID><DEFAULT_FORM_ID><![CDATA[]]></DEFAULT_FORM_ID><ITEMINDEX DbType='NUMERIC'><![CDATA[]]></ITEMINDEX><MSGBOX_FORMID><![CDATA[]]></MSGBOX_FORMID><SHOW_SCREEN DbType='NUMERIC'><![CDATA[-1]]></SHOW_SCREEN><SHOW_SCREEN_TEXT><![CDATA[否]]></SHOW_SCREEN_TEXT><PRODUCT_ID><![CDATA[]]></PRODUCT_ID><ISOPEN_HANDWRITE DbType='NUMERIC'><![CDATA[-1]]></ISOPEN_HANDWRITE><ISOPEN_HANDWRITE_TEXT><![CDATA[]]></ISOPEN_HANDWRITE_TEXT><RELATION_FORMS><![CDATA[]]></RELATION_FORMS><MODIFY_REMIND DbType='NUMERIC'><![CDATA[]]></MODIFY_REMIND><MODIFY_REMIND_TEXT><![CDATA[]]></MODIFY_REMIND_TEXT><HISTORY_NODES><![CDATA[]]></HISTORY_NODES><HISTORY_NODES_TEXT><![CDATA[]]></HISTORY_NODES_TEXT></Row>
<Row><ID PrimaryKey='true'><![CDATA[240814134747VlFAfLHuwTYaEBTJl6W]]></ID><MODULE_ID><![CDATA[2401301002390ipFYU6OzeCNDMN0r1X]]></MODULE_ID><FLOW_ID><![CDATA[2402011005226rRQCKy1dfPm9s7Nfjh]]></FLOW_ID><NODE_ID><![CDATA[vn9JyhZJY7quKaE]]></NODE_ID><FORM_ID><![CDATA[240130101401nhPmHBIPt5CkM3yJ0KL]]></FORM_ID><MOBILE_FORM_ID><![CDATA[240408095515Q6JU567HQeQtc4Tnl7v]]></MOBILE_FORM_ID><PROJECT_ID><![CDATA[]]></PROJECT_ID><CREATE_USERID><![CDATA[]]></CREATE_USERID><CREATE_UNAME><![CDATA[]]></CREATE_UNAME><CREATE_DEPTID><![CDATA[]]></CREATE_DEPTID><CREATE_DEPTNAME><![CDATA[]]></CREATE_DEPTNAME><CREATE_UNITID><![CDATA[180505162656YILYYOzw1FnE5OzzNxm]]></CREATE_UNITID><CREATE_UNITNAME><![CDATA[]]></CREATE_UNITNAME><CREATE_TIME DbType='DATE'><![CDATA[]]></CREATE_TIME><LASTUPDATE_USERID><![CDATA[]]></LASTUPDATE_USERID><LASTUPDATE_UNAME><![CDATA[]]></LASTUPDATE_UNAME><LASTUPDATE_DEPTID><![CDATA[]]></LASTUPDATE_DEPTID><LASTUPDATE_DEPTNAME><![CDATA[]]></LASTUPDATE_DEPTNAME><LASTUPDATE_UNITID><![CDATA[]]></LASTUPDATE_UNITID><LASTUPDATE_UNITNAME><![CDATA[]]></LASTUPDATE_UNITNAME><LASTUPDATE_TIME DbType='DATE'><![CDATA[]]></LASTUPDATE_TIME><IS_VALID_DATA DbType='NUMERIC'><![CDATA[1]]></IS_VALID_DATA><ROWSTATE DbType='NUMERIC'><![CDATA[1]]></ROWSTATE><CLONE_ID><![CDATA[]]></CLONE_ID><AUTO_HIDE DbType='NUMERIC'><![CDATA[-1]]></AUTO_HIDE><AUTO_HIDE_TEXT><![CDATA[]]></AUTO_HIDE_TEXT><VIEW_FORM_IDS><![CDATA[]]></VIEW_FORM_IDS><VIEW_FORM_IDS_TEXT><![CDATA[]]></VIEW_FORM_IDS_TEXT><ALLOW_LOCK DbType='NUMERIC'><![CDATA[-1]]></ALLOW_LOCK><ALLOW_LOCK_TEXT><![CDATA[否]]></ALLOW_LOCK_TEXT><IS_MODIFY DbType='NUMERIC'><![CDATA[]]></IS_MODIFY><AUTOHIDE_CLASS><![CDATA[]]></AUTOHIDE_CLASS><PAD_FORM_ID><![CDATA[]]></PAD_FORM_ID><DEFAULT_FORM_ID><![CDATA[]]></DEFAULT_FORM_ID><ITEMINDEX DbType='NUMERIC'><![CDATA[]]></ITEMINDEX><MSGBOX_FORMID><![CDATA[]]></MSGBOX_FORMID><SHOW_SCREEN DbType='NUMERIC'><![CDATA[-1]]></SHOW_SCREEN><SHOW_SCREEN_TEXT><![CDATA[否]]></SHOW_SCREEN_TEXT><PRODUCT_ID><![CDATA[]]></PRODUCT_ID><ISOPEN_HANDWRITE DbType='NUMERIC'><![CDATA[-1]]></ISOPEN_HANDWRITE><ISOPEN_HANDWRITE_TEXT><![CDATA[]]></ISOPEN_HANDWRITE_TEXT><RELATION_FORMS><![CDATA[]]></RELATION_FORMS><MODIFY_REMIND DbType='NUMERIC'><![CDATA[]]></MODIFY_REMIND><MODIFY_REMIND_TEXT><![CDATA[]]></MODIFY_REMIND_TEXT><HISTORY_NODES><![CDATA[]]></HISTORY_NODES><HISTORY_NODES_TEXT><![CDATA[]]></HISTORY_NODES_TEXT></Row>
<Row><ID PrimaryKey='true'><![CDATA[240827142335dus5Vah3tiCWUZZbUzC]]></ID><MODULE_ID><![CDATA[2401301002390ipFYU6OzeCNDMN0r1X]]></MODULE_ID><FLOW_ID><![CDATA[0]]></FLOW_ID><NODE_ID><![CDATA[0]]></NODE_ID><FORM_ID><![CDATA[240130101401nhPmHBIPt5CkM3yJ0KL]]></FORM_ID><MOBILE_FORM_ID><![CDATA[240408095515Q6JU567HQeQtc4Tnl7v]]></MOBILE_FORM_ID><PROJECT_ID><![CDATA[]]></PROJECT_ID><CREATE_USERID><![CDATA[]]></CREATE_USERID><CREATE_UNAME><![CDATA[]]></CREATE_UNAME><CREATE_DEPTID><![CDATA[]]></CREATE_DEPTID><CREATE_DEPTNAME><![CDATA[]]></CREATE_DEPTNAME><CREATE_UNITID><![CDATA[180505162656YILYYOzw1FnE5OzzNxm]]></CREATE_UNITID><CREATE_UNITNAME><![CDATA[]]></CREATE_UNITNAME><CREATE_TIME DbType='DATE'><![CDATA[]]></CREATE_TIME><LASTUPDATE_USERID><![CDATA[]]></LASTUPDATE_USERID><LASTUPDATE_UNAME><![CDATA[]]></LASTUPDATE_UNAME><LASTUPDATE_DEPTID><![CDATA[]]></LASTUPDATE_DEPTID><LASTUPDATE_DEPTNAME><![CDATA[]]></LASTUPDATE_DEPTNAME><LASTUPDATE_UNITID><![CDATA[]]></LASTUPDATE_UNITID><LASTUPDATE_UNITNAME><![CDATA[]]></LASTUPDATE_UNITNAME><LASTUPDATE_TIME DbType='DATE'><![CDATA[]]></LASTUPDATE_TIME><IS_VALID_DATA DbType='NUMERIC'><![CDATA[1]]></IS_VALID_DATA><ROWSTATE DbType='NUMERIC'><![CDATA[1]]></ROWSTATE><CLONE_ID><![CDATA[]]></CLONE_ID><AUTO_HIDE DbType='NUMERIC'><![CDATA[-1]]></AUTO_HIDE><AUTO_HIDE_TEXT><![CDATA[]]></AUTO_HIDE_TEXT><VIEW_FORM_IDS><![CDATA[]]></VIEW_FORM_IDS><VIEW_FORM_IDS_TEXT><![CDATA[]]></VIEW_FORM_IDS_TEXT><ALLOW_LOCK DbType='NUMERIC'><![CDATA[-1]]></ALLOW_LOCK><ALLOW_LOCK_TEXT><![CDATA[否]]></ALLOW_LOCK_TEXT><IS_MODIFY DbType='NUMERIC'><![CDATA[]]></IS_MODIFY><AUTOHIDE_CLASS><![CDATA[]]></AUTOHIDE_CLASS><PAD_FORM_ID><![CDATA[]]></PAD_FORM_ID><DEFAULT_FORM_ID><![CDATA[]]></DEFAULT_FORM_ID><ITEMINDEX DbType='NUMERIC'><![CDATA[]]></ITEMINDEX><MSGBOX_FORMID><![CDATA[]]></MSGBOX_FORMID><SHOW_SCREEN DbType='NUMERIC'><![CDATA[-1]]></SHOW_SCREEN><SHOW_SCREEN_TEXT><![CDATA[否]]></SHOW_SCREEN_TEXT><PRODUCT_ID><![CDATA[]]></PRODUCT_ID><ISOPEN_HANDWRITE DbType='NUMERIC'><![CDATA[-1]]></ISOPEN_HANDWRITE><ISOPEN_HANDWRITE_TEXT><![CDATA[]]></ISOPEN_HANDWRITE_TEXT><RELATION_FORMS><![CDATA[]]></RELATION_FORMS><MODIFY_REMIND DbType='NUMERIC'><![CDATA[]]></MODIFY_REMIND><MODIFY_REMIND_TEXT><![CDATA[]]></MODIFY_REMIND_TEXT><HISTORY_NODES><![CDATA[]]></HISTORY_NODES><HISTORY_NODES_TEXT><![CDATA[]]></HISTORY_NODES_TEXT></Row>
<Row><ID PrimaryKey='true'><![CDATA[240827142427yvS5ho6IVAOIxVl4cOo]]></ID><MODULE_ID><![CDATA[2401301002390ipFYU6OzeCNDMN0r1X]]></MODULE_ID><FLOW_ID><![CDATA[2402011005226rRQCKy1dfPm9s7Nfjh]]></FLOW_ID><NODE_ID><![CDATA[oROz00MSL9u313Y]]></NODE_ID><FORM_ID><![CDATA[240130101401nhPmHBIPt5CkM3yJ0KL]]></FORM_ID><MOBILE_FORM_ID><![CDATA[240408095515Q6JU567HQeQtc4Tnl7v]]></MOBILE_FORM_ID><PROJECT_ID><![CDATA[]]></PROJECT_ID><CREATE_USERID><![CDATA[]]></CREATE_USERID><CREATE_UNAME><![CDATA[]]></CREATE_UNAME><CREATE_DEPTID><![CDATA[]]></CREATE_DEPTID><CREATE_DEPTNAME><![CDATA[]]></CREATE_DEPTNAME><CREATE_UNITID><![CDATA[180505162656YILYYOzw1FnE5OzzNxm]]></CREATE_UNITID><CREATE_UNITNAME><![CDATA[]]></CREATE_UNITNAME><CREATE_TIME DbType='DATE'><![CDATA[]]></CREATE_TIME><LASTUPDATE_USERID><![CDATA[]]></LASTUPDATE_USERID><LASTUPDATE_UNAME><![CDATA[]]></LASTUPDATE_UNAME><LASTUPDATE_DEPTID><![CDATA[]]></LASTUPDATE_DEPTID><LASTUPDATE_DEPTNAME><![CDATA[]]></LASTUPDATE_DEPTNAME><LASTUPDATE_UNITID><![CDATA[]]></LASTUPDATE_UNITID><LASTUPDATE_UNITNAME><![CDATA[]]></LASTUPDATE_UNITNAME><LASTUPDATE_TIME DbType='DATE'><![CDATA[]]></LASTUPDATE_TIME><IS_VALID_DATA DbType='NUMERIC'><![CDATA[1]]></IS_VALID_DATA><ROWSTATE DbType='NUMERIC'><![CDATA[1]]></ROWSTATE><CLONE_ID><![CDATA[]]></CLONE_ID><AUTO_HIDE DbType='NUMERIC'><![CDATA[-1]]></AUTO_HIDE><AUTO_HIDE_TEXT><![CDATA[]]></AUTO_HIDE_TEXT><VIEW_FORM_IDS><![CDATA[]]></VIEW_FORM_IDS><VIEW_FORM_IDS_TEXT><![CDATA[]]></VIEW_FORM_IDS_TEXT><ALLOW_LOCK DbType='NUMERIC'><![CDATA[-1]]></ALLOW_LOCK><ALLOW_LOCK_TEXT><![CDATA[否]]></ALLOW_LOCK_TEXT><IS_MODIFY DbType='NUMERIC'><![CDATA[]]></IS_MODIFY><AUTOHIDE_CLASS><![CDATA[]]></AUTOHIDE_CLASS><PAD_FORM_ID><![CDATA[]]></PAD_FORM_ID><DEFAULT_FORM_ID><![CDATA[]]></DEFAULT_FORM_ID><ITEMINDEX DbType='NUMERIC'><![CDATA[]]></ITEMINDEX><MSGBOX_FORMID><![CDATA[]]></MSGBOX_FORMID><SHOW_SCREEN DbType='NUMERIC'><![CDATA[-1]]></SHOW_SCREEN><SHOW_SCREEN_TEXT><![CDATA[否]]></SHOW_SCREEN_TEXT><PRODUCT_ID><![CDATA[]]></PRODUCT_ID><ISOPEN_HANDWRITE DbType='NUMERIC'><![CDATA[-1]]></ISOPEN_HANDWRITE><ISOPEN_HANDWRITE_TEXT><![CDATA[]]></ISOPEN_HANDWRITE_TEXT><RELATION_FORMS><![CDATA[]]></RELATION_FORMS><MODIFY_REMIND DbType='NUMERIC'><![CDATA[]]></MODIFY_REMIND><MODIFY_REMIND_TEXT><![CDATA[]]></MODIFY_REMIND_TEXT><HISTORY_NODES><![CDATA[]]></HISTORY_NODES><HISTORY_NODES_TEXT><![CDATA[]]></HISTORY_NODES_TEXT></Row>
</G_FLOW_FORM>