<G_FLOW_BUTTON>
<Row><ID PrimaryKey='true'><![CDATA[240418155222GfP0XI2nbCuJhvbtJ3V]]></ID><FLOW_ID><![CDATA[0]]></FLOW_ID><NODE_ID><![CDATA[-2]]></NODE_ID><MODULE_ID><![CDATA[2401301002390ipFYU6OzeCNDMN0r1X]]></MODULE_ID><BUTTON_ID><![CDATA[180203141213sIokJQ0FZzFeZGmYAUa]]></BUTTON_ID><BUTTON_NAME><![CDATA[发送]]></BUTTON_NAME><BUTTON_TYPE DbType='NUMERIC'><![CDATA[]]></BUTTON_TYPE><BUTTON_TYPE_TEXT><![CDATA[]]></BUTTON_TYPE_TEXT><BUTTON_STYLE DbType='NUMERIC'><![CDATA[1]]></BUTTON_STYLE><BUTTON_STYLE_TEXT><![CDATA[重要]]></BUTTON_STYLE_TEXT><ACTION><![CDATA[xform.send]]></ACTION><ICON><![CDATA[]]></ICON><TIP><![CDATA[]]></TIP><SHOW_CONDITION><![CDATA[]]></SHOW_CONDITION><SHOWORDER DbType='NUMERIC'><![CDATA[1]]></SHOWORDER><PARAMETER DbType='CLOB'><![CDATA[[{"key":"flowId","value":"","name":"流程ID","remark":"要使用的流程主键","index":1},{"key":"nextLineId","value":"","name":"下一个节点","remark":"暂无信息","index":2},{"key":"successToNodeId","value":"","name":"发送成功后，需要跳转到的节点","remark":"暂无信息","index":3},{"key":"addToResponsibleList","value":"","name":"发送后是否进入负责列表","remark":"暂无信息","index":6},{"key":"intelligenceSend","value":"1","name":"发送模式","remark":"1普通,2智能","index":7},{"key":"sendOpinion","value":"","name":"指定意见内容","remark":"暂无信息","index":8}]]]></PARAMETER><PROJECT_ID><![CDATA[]]></PROJECT_ID><CREATE_USERID><![CDATA[]]></CREATE_USERID><CREATE_UNAME><![CDATA[]]></CREATE_UNAME><CREATE_DEPTID><![CDATA[]]></CREATE_DEPTID><CREATE_DEPTNAME><![CDATA[]]></CREATE_DEPTNAME><CREATE_UNITID><![CDATA[180505162656YILYYOzw1FnE5OzzNxm]]></CREATE_UNITID><CREATE_UNITNAME><![CDATA[]]></CREATE_UNITNAME><CREATE_TIME DbType='DATE'><![CDATA[]]></CREATE_TIME><LASTUPDATE_USERID><![CDATA[]]></LASTUPDATE_USERID><LASTUPDATE_UNAME><![CDATA[]]></LASTUPDATE_UNAME><LASTUPDATE_DEPTID><![CDATA[]]></LASTUPDATE_DEPTID><LASTUPDATE_DEPTNAME><![CDATA[]]></LASTUPDATE_DEPTNAME><LASTUPDATE_UNITID><![CDATA[]]></LASTUPDATE_UNITID><LASTUPDATE_UNITNAME><![CDATA[]]></LASTUPDATE_UNITNAME><LASTUPDATE_TIME DbType='DATE'><![CDATA[]]></LASTUPDATE_TIME><IS_VALID_DATA DbType='NUMERIC'><![CDATA[1]]></IS_VALID_DATA><ROWSTATE DbType='NUMERIC'><![CDATA[1]]></ROWSTATE><CLONE_ID><![CDATA[]]></CLONE_ID><BUTTON_POSITION><![CDATA[right]]></BUTTON_POSITION><BUTTON_POSITION_TEXT><![CDATA[右侧]]></BUTTON_POSITION_TEXT><IS_MODIFY DbType='NUMERIC'><![CDATA[]]></IS_MODIFY><DEFAULT_FORM_ID><![CDATA[]]></DEFAULT_FORM_ID><ITEMINDEX DbType='NUMERIC'><![CDATA[]]></ITEMINDEX><IS_COMMON_USE DbType='NUMERIC'><![CDATA[1]]></IS_COMMON_USE><IS_COMMON_USE_TEXT><![CDATA[是]]></IS_COMMON_USE_TEXT><PRODUCT_ID><![CDATA[]]></PRODUCT_ID><AAA DbType='CLOB'><![CDATA[]]></AAA></Row>
<Row><ID PrimaryKey='true'><![CDATA[240418155222qvOmGuqZ3ZK8yHuv01T]]></ID><FLOW_ID><![CDATA[0]]></FLOW_ID><NODE_ID><![CDATA[-2]]></NODE_ID><MODULE_ID><![CDATA[2401301002390ipFYU6OzeCNDMN0r1X]]></MODULE_ID><BUTTON_ID><![CDATA[1805291600212x8RdRUBeD1EPLZsbvf]]></BUTTON_ID><BUTTON_NAME><![CDATA[保存]]></BUTTON_NAME><BUTTON_TYPE DbType='NUMERIC'><![CDATA[]]></BUTTON_TYPE><BUTTON_TYPE_TEXT><![CDATA[]]></BUTTON_TYPE_TEXT><BUTTON_STYLE DbType='NUMERIC'><![CDATA[1]]></BUTTON_STYLE><BUTTON_STYLE_TEXT><![CDATA[重要]]></BUTTON_STYLE_TEXT><ACTION><![CDATA[xform.saveByType]]></ACTION><ICON><![CDATA[iconyitijiao]]></ICON><TIP><![CDATA[]]></TIP><SHOW_CONDITION><![CDATA['[nodeId]' != '-1']]></SHOW_CONDITION><SHOWORDER DbType='NUMERIC'><![CDATA[2]]></SHOWORDER><PARAMETER DbType='CLOB'><![CDATA[[{"key":"saveType","value":"2","name":"保存类型","remark":"1:保存并关闭  2:保存并刷新当前页面  3:保存并新建下一个 4保存并刷新按钮区域"}]]]></PARAMETER><PROJECT_ID><![CDATA[]]></PROJECT_ID><CREATE_USERID><![CDATA[]]></CREATE_USERID><CREATE_UNAME><![CDATA[]]></CREATE_UNAME><CREATE_DEPTID><![CDATA[]]></CREATE_DEPTID><CREATE_DEPTNAME><![CDATA[]]></CREATE_DEPTNAME><CREATE_UNITID><![CDATA[180505162656YILYYOzw1FnE5OzzNxm]]></CREATE_UNITID><CREATE_UNITNAME><![CDATA[]]></CREATE_UNITNAME><CREATE_TIME DbType='DATE'><![CDATA[]]></CREATE_TIME><LASTUPDATE_USERID><![CDATA[]]></LASTUPDATE_USERID><LASTUPDATE_UNAME><![CDATA[]]></LASTUPDATE_UNAME><LASTUPDATE_DEPTID><![CDATA[]]></LASTUPDATE_DEPTID><LASTUPDATE_DEPTNAME><![CDATA[]]></LASTUPDATE_DEPTNAME><LASTUPDATE_UNITID><![CDATA[]]></LASTUPDATE_UNITID><LASTUPDATE_UNITNAME><![CDATA[]]></LASTUPDATE_UNITNAME><LASTUPDATE_TIME DbType='DATE'><![CDATA[]]></LASTUPDATE_TIME><IS_VALID_DATA DbType='NUMERIC'><![CDATA[1]]></IS_VALID_DATA><ROWSTATE DbType='NUMERIC'><![CDATA[1]]></ROWSTATE><CLONE_ID><![CDATA[]]></CLONE_ID><BUTTON_POSITION><![CDATA[right]]></BUTTON_POSITION><BUTTON_POSITION_TEXT><![CDATA[右侧]]></BUTTON_POSITION_TEXT><IS_MODIFY DbType='NUMERIC'><![CDATA[]]></IS_MODIFY><DEFAULT_FORM_ID><![CDATA[]]></DEFAULT_FORM_ID><ITEMINDEX DbType='NUMERIC'><![CDATA[]]></ITEMINDEX><IS_COMMON_USE DbType='NUMERIC'><![CDATA[1]]></IS_COMMON_USE><IS_COMMON_USE_TEXT><![CDATA[是]]></IS_COMMON_USE_TEXT><PRODUCT_ID><![CDATA[]]></PRODUCT_ID><AAA DbType='CLOB'><![CDATA[]]></AAA></Row>
<Row><ID PrimaryKey='true'><![CDATA[2408271423352NncCBJ6tiasenWbofd]]></ID><FLOW_ID><![CDATA[0]]></FLOW_ID><NODE_ID><![CDATA[0]]></NODE_ID><MODULE_ID><![CDATA[2401301002390ipFYU6OzeCNDMN0r1X]]></MODULE_ID><BUTTON_ID><![CDATA[180203141213sIokJQ0FZzFeZGmYAUa]]></BUTTON_ID><BUTTON_NAME><![CDATA[发送]]></BUTTON_NAME><BUTTON_TYPE DbType='NUMERIC'><![CDATA[]]></BUTTON_TYPE><BUTTON_TYPE_TEXT><![CDATA[]]></BUTTON_TYPE_TEXT><BUTTON_STYLE DbType='NUMERIC'><![CDATA[1]]></BUTTON_STYLE><BUTTON_STYLE_TEXT><![CDATA[重要]]></BUTTON_STYLE_TEXT><ACTION><![CDATA[xform.send]]></ACTION><ICON><![CDATA[]]></ICON><TIP><![CDATA[]]></TIP><SHOW_CONDITION><![CDATA[]]></SHOW_CONDITION><SHOWORDER DbType='NUMERIC'><![CDATA[1]]></SHOWORDER><PARAMETER DbType='CLOB'><![CDATA[[{"key":"flowId","value":"","name":"流程ID","remark":"要使用的流程主键","index":1},{"key":"nextLineId","value":"","name":"下一个节点","remark":"暂无信息","index":2},{"key":"successToNodeId","value":"","name":"发送成功后，需要跳转到的节点","remark":"暂无信息","index":3},{"key":"addToResponsibleList","value":"","name":"发送后是否进入负责列表","remark":"暂无信息","index":6},{"key":"intelligenceSend","value":"1","name":"发送模式","remark":"1普通,2智能","index":7},{"key":"sendOpinion","value":"","name":"指定意见内容","remark":"暂无信息","index":8}]]]></PARAMETER><PROJECT_ID><![CDATA[]]></PROJECT_ID><CREATE_USERID><![CDATA[]]></CREATE_USERID><CREATE_UNAME><![CDATA[]]></CREATE_UNAME><CREATE_DEPTID><![CDATA[]]></CREATE_DEPTID><CREATE_DEPTNAME><![CDATA[]]></CREATE_DEPTNAME><CREATE_UNITID><![CDATA[180505162656YILYYOzw1FnE5OzzNxm]]></CREATE_UNITID><CREATE_UNITNAME><![CDATA[]]></CREATE_UNITNAME><CREATE_TIME DbType='DATE'><![CDATA[]]></CREATE_TIME><LASTUPDATE_USERID><![CDATA[]]></LASTUPDATE_USERID><LASTUPDATE_UNAME><![CDATA[]]></LASTUPDATE_UNAME><LASTUPDATE_DEPTID><![CDATA[]]></LASTUPDATE_DEPTID><LASTUPDATE_DEPTNAME><![CDATA[]]></LASTUPDATE_DEPTNAME><LASTUPDATE_UNITID><![CDATA[]]></LASTUPDATE_UNITID><LASTUPDATE_UNITNAME><![CDATA[]]></LASTUPDATE_UNITNAME><LASTUPDATE_TIME DbType='DATE'><![CDATA[]]></LASTUPDATE_TIME><IS_VALID_DATA DbType='NUMERIC'><![CDATA[1]]></IS_VALID_DATA><ROWSTATE DbType='NUMERIC'><![CDATA[1]]></ROWSTATE><CLONE_ID><![CDATA[]]></CLONE_ID><BUTTON_POSITION><![CDATA[right]]></BUTTON_POSITION><BUTTON_POSITION_TEXT><![CDATA[右侧]]></BUTTON_POSITION_TEXT><IS_MODIFY DbType='NUMERIC'><![CDATA[]]></IS_MODIFY><DEFAULT_FORM_ID><![CDATA[]]></DEFAULT_FORM_ID><ITEMINDEX DbType='NUMERIC'><![CDATA[]]></ITEMINDEX><IS_COMMON_USE DbType='NUMERIC'><![CDATA[1]]></IS_COMMON_USE><IS_COMMON_USE_TEXT><![CDATA[是]]></IS_COMMON_USE_TEXT><PRODUCT_ID><![CDATA[]]></PRODUCT_ID><AAA DbType='CLOB'><![CDATA[]]></AAA></Row>
<Row><ID PrimaryKey='true'><![CDATA[2408271423355I9T7jP29JulRcls6Fl]]></ID><FLOW_ID><![CDATA[0]]></FLOW_ID><NODE_ID><![CDATA[0]]></NODE_ID><MODULE_ID><![CDATA[2401301002390ipFYU6OzeCNDMN0r1X]]></MODULE_ID><BUTTON_ID><![CDATA[1805291600212x8RdRUBeD1EPLZsbvf]]></BUTTON_ID><BUTTON_NAME><![CDATA[保存]]></BUTTON_NAME><BUTTON_TYPE DbType='NUMERIC'><![CDATA[]]></BUTTON_TYPE><BUTTON_TYPE_TEXT><![CDATA[]]></BUTTON_TYPE_TEXT><BUTTON_STYLE DbType='NUMERIC'><![CDATA[1]]></BUTTON_STYLE><BUTTON_STYLE_TEXT><![CDATA[重要]]></BUTTON_STYLE_TEXT><ACTION><![CDATA[xform.saveByType]]></ACTION><ICON><![CDATA[iconyitijiao]]></ICON><TIP><![CDATA[]]></TIP><SHOW_CONDITION><![CDATA['[nodeId]' != '-1']]></SHOW_CONDITION><SHOWORDER DbType='NUMERIC'><![CDATA[2]]></SHOWORDER><PARAMETER DbType='CLOB'><![CDATA[[{"key":"saveType","value":"2","name":"保存类型","remark":"1:保存并关闭  2:保存并刷新当前页面  3:保存并新建下一个 4保存并刷新按钮区域"}]]]></PARAMETER><PROJECT_ID><![CDATA[]]></PROJECT_ID><CREATE_USERID><![CDATA[]]></CREATE_USERID><CREATE_UNAME><![CDATA[]]></CREATE_UNAME><CREATE_DEPTID><![CDATA[]]></CREATE_DEPTID><CREATE_DEPTNAME><![CDATA[]]></CREATE_DEPTNAME><CREATE_UNITID><![CDATA[180505162656YILYYOzw1FnE5OzzNxm]]></CREATE_UNITID><CREATE_UNITNAME><![CDATA[]]></CREATE_UNITNAME><CREATE_TIME DbType='DATE'><![CDATA[]]></CREATE_TIME><LASTUPDATE_USERID><![CDATA[]]></LASTUPDATE_USERID><LASTUPDATE_UNAME><![CDATA[]]></LASTUPDATE_UNAME><LASTUPDATE_DEPTID><![CDATA[]]></LASTUPDATE_DEPTID><LASTUPDATE_DEPTNAME><![CDATA[]]></LASTUPDATE_DEPTNAME><LASTUPDATE_UNITID><![CDATA[]]></LASTUPDATE_UNITID><LASTUPDATE_UNITNAME><![CDATA[]]></LASTUPDATE_UNITNAME><LASTUPDATE_TIME DbType='DATE'><![CDATA[]]></LASTUPDATE_TIME><IS_VALID_DATA DbType='NUMERIC'><![CDATA[1]]></IS_VALID_DATA><ROWSTATE DbType='NUMERIC'><![CDATA[1]]></ROWSTATE><CLONE_ID><![CDATA[]]></CLONE_ID><BUTTON_POSITION><![CDATA[right]]></BUTTON_POSITION><BUTTON_POSITION_TEXT><![CDATA[右侧]]></BUTTON_POSITION_TEXT><IS_MODIFY DbType='NUMERIC'><![CDATA[]]></IS_MODIFY><DEFAULT_FORM_ID><![CDATA[]]></DEFAULT_FORM_ID><ITEMINDEX DbType='NUMERIC'><![CDATA[]]></ITEMINDEX><IS_COMMON_USE DbType='NUMERIC'><![CDATA[1]]></IS_COMMON_USE><IS_COMMON_USE_TEXT><![CDATA[是]]></IS_COMMON_USE_TEXT><PRODUCT_ID><![CDATA[]]></PRODUCT_ID><AAA DbType='CLOB'><![CDATA[]]></AAA></Row>
<Row><ID PrimaryKey='true'><![CDATA[2404081012547KBDejMKnnAa40gAlwK]]></ID><FLOW_ID><![CDATA[2402011005226rRQCKy1dfPm9s7Nfjh]]></FLOW_ID><NODE_ID><![CDATA[lCJ7XUGOFweteut]]></NODE_ID><MODULE_ID><![CDATA[2401301002390ipFYU6OzeCNDMN0r1X]]></MODULE_ID><BUTTON_ID><![CDATA[180203141213sIokJQ0FZzFeZGmYAUa]]></BUTTON_ID><BUTTON_NAME><![CDATA[发送]]></BUTTON_NAME><BUTTON_TYPE DbType='NUMERIC'><![CDATA[]]></BUTTON_TYPE><BUTTON_TYPE_TEXT><![CDATA[]]></BUTTON_TYPE_TEXT><BUTTON_STYLE DbType='NUMERIC'><![CDATA[1]]></BUTTON_STYLE><BUTTON_STYLE_TEXT><![CDATA[重要]]></BUTTON_STYLE_TEXT><ACTION><![CDATA[xform.send]]></ACTION><ICON><![CDATA[]]></ICON><TIP><![CDATA[]]></TIP><SHOW_CONDITION><![CDATA[]]></SHOW_CONDITION><SHOWORDER DbType='NUMERIC'><![CDATA[1]]></SHOWORDER><PARAMETER DbType='CLOB'><![CDATA[[{"key":"flowId","value":"","name":"流程ID","remark":"要使用的流程主键","index":1},{"key":"nextLineId","value":"","name":"下一个节点","remark":"暂无信息","index":2},{"key":"successToNodeId","value":"","name":"发送成功后，需要跳转到的节点","remark":"暂无信息","index":3},{"key":"addToResponsibleList","value":"","name":"发送后是否进入负责列表","remark":"暂无信息","index":6},{"key":"intelligenceSend","value":"1","name":"发送模式","remark":"1普通,2智能","index":7},{"key":"sendOpinion","value":"","name":"指定意见内容","remark":"暂无信息","index":8}]]]></PARAMETER><PROJECT_ID><![CDATA[]]></PROJECT_ID><CREATE_USERID><![CDATA[]]></CREATE_USERID><CREATE_UNAME><![CDATA[]]></CREATE_UNAME><CREATE_DEPTID><![CDATA[]]></CREATE_DEPTID><CREATE_DEPTNAME><![CDATA[]]></CREATE_DEPTNAME><CREATE_UNITID><![CDATA[180505162656YILYYOzw1FnE5OzzNxm]]></CREATE_UNITID><CREATE_UNITNAME><![CDATA[]]></CREATE_UNITNAME><CREATE_TIME DbType='DATE'><![CDATA[]]></CREATE_TIME><LASTUPDATE_USERID><![CDATA[]]></LASTUPDATE_USERID><LASTUPDATE_UNAME><![CDATA[]]></LASTUPDATE_UNAME><LASTUPDATE_DEPTID><![CDATA[]]></LASTUPDATE_DEPTID><LASTUPDATE_DEPTNAME><![CDATA[]]></LASTUPDATE_DEPTNAME><LASTUPDATE_UNITID><![CDATA[]]></LASTUPDATE_UNITID><LASTUPDATE_UNITNAME><![CDATA[]]></LASTUPDATE_UNITNAME><LASTUPDATE_TIME DbType='DATE'><![CDATA[]]></LASTUPDATE_TIME><IS_VALID_DATA DbType='NUMERIC'><![CDATA[1]]></IS_VALID_DATA><ROWSTATE DbType='NUMERIC'><![CDATA[1]]></ROWSTATE><CLONE_ID><![CDATA[]]></CLONE_ID><BUTTON_POSITION><![CDATA[right]]></BUTTON_POSITION><BUTTON_POSITION_TEXT><![CDATA[右侧]]></BUTTON_POSITION_TEXT><IS_MODIFY DbType='NUMERIC'><![CDATA[]]></IS_MODIFY><DEFAULT_FORM_ID><![CDATA[]]></DEFAULT_FORM_ID><ITEMINDEX DbType='NUMERIC'><![CDATA[]]></ITEMINDEX><IS_COMMON_USE DbType='NUMERIC'><![CDATA[1]]></IS_COMMON_USE><IS_COMMON_USE_TEXT><![CDATA[是]]></IS_COMMON_USE_TEXT><PRODUCT_ID><![CDATA[]]></PRODUCT_ID><AAA DbType='CLOB'><![CDATA[]]></AAA></Row>
<Row><ID PrimaryKey='true'><![CDATA[240408101254E53ebwMo5sJljBK0wCU]]></ID><FLOW_ID><![CDATA[2402011005226rRQCKy1dfPm9s7Nfjh]]></FLOW_ID><NODE_ID><![CDATA[lCJ7XUGOFweteut]]></NODE_ID><MODULE_ID><![CDATA[2401301002390ipFYU6OzeCNDMN0r1X]]></MODULE_ID><BUTTON_ID><![CDATA[1805291600212x8RdRUBeD1EPLZsbvf]]></BUTTON_ID><BUTTON_NAME><![CDATA[保存]]></BUTTON_NAME><BUTTON_TYPE DbType='NUMERIC'><![CDATA[]]></BUTTON_TYPE><BUTTON_TYPE_TEXT><![CDATA[]]></BUTTON_TYPE_TEXT><BUTTON_STYLE DbType='NUMERIC'><![CDATA[1]]></BUTTON_STYLE><BUTTON_STYLE_TEXT><![CDATA[重要]]></BUTTON_STYLE_TEXT><ACTION><![CDATA[xform.saveByType]]></ACTION><ICON><![CDATA[iconyitijiao]]></ICON><TIP><![CDATA[]]></TIP><SHOW_CONDITION><![CDATA['[nodeId]' != '-1']]></SHOW_CONDITION><SHOWORDER DbType='NUMERIC'><![CDATA[2]]></SHOWORDER><PARAMETER DbType='CLOB'><![CDATA[[{"key":"saveType","value":"2","name":"保存类型","remark":"1:保存并关闭  2:保存并刷新当前页面  3:保存并新建下一个 4保存并刷新按钮区域"}]]]></PARAMETER><PROJECT_ID><![CDATA[]]></PROJECT_ID><CREATE_USERID><![CDATA[]]></CREATE_USERID><CREATE_UNAME><![CDATA[]]></CREATE_UNAME><CREATE_DEPTID><![CDATA[]]></CREATE_DEPTID><CREATE_DEPTNAME><![CDATA[]]></CREATE_DEPTNAME><CREATE_UNITID><![CDATA[180505162656YILYYOzw1FnE5OzzNxm]]></CREATE_UNITID><CREATE_UNITNAME><![CDATA[]]></CREATE_UNITNAME><CREATE_TIME DbType='DATE'><![CDATA[]]></CREATE_TIME><LASTUPDATE_USERID><![CDATA[]]></LASTUPDATE_USERID><LASTUPDATE_UNAME><![CDATA[]]></LASTUPDATE_UNAME><LASTUPDATE_DEPTID><![CDATA[]]></LASTUPDATE_DEPTID><LASTUPDATE_DEPTNAME><![CDATA[]]></LASTUPDATE_DEPTNAME><LASTUPDATE_UNITID><![CDATA[]]></LASTUPDATE_UNITID><LASTUPDATE_UNITNAME><![CDATA[]]></LASTUPDATE_UNITNAME><LASTUPDATE_TIME DbType='DATE'><![CDATA[]]></LASTUPDATE_TIME><IS_VALID_DATA DbType='NUMERIC'><![CDATA[1]]></IS_VALID_DATA><ROWSTATE DbType='NUMERIC'><![CDATA[1]]></ROWSTATE><CLONE_ID><![CDATA[]]></CLONE_ID><BUTTON_POSITION><![CDATA[right]]></BUTTON_POSITION><BUTTON_POSITION_TEXT><![CDATA[右侧]]></BUTTON_POSITION_TEXT><IS_MODIFY DbType='NUMERIC'><![CDATA[]]></IS_MODIFY><DEFAULT_FORM_ID><![CDATA[]]></DEFAULT_FORM_ID><ITEMINDEX DbType='NUMERIC'><![CDATA[]]></ITEMINDEX><IS_COMMON_USE DbType='NUMERIC'><![CDATA[1]]></IS_COMMON_USE><IS_COMMON_USE_TEXT><![CDATA[是]]></IS_COMMON_USE_TEXT><PRODUCT_ID><![CDATA[]]></PRODUCT_ID><AAA DbType='CLOB'><![CDATA[]]></AAA></Row>
<Row><ID PrimaryKey='true'><![CDATA[240408101305PmjGKZN2MRpeUElCFO4]]></ID><FLOW_ID><![CDATA[2402011005226rRQCKy1dfPm9s7Nfjh]]></FLOW_ID><NODE_ID><![CDATA[mOBvISwKCh1jv2r]]></NODE_ID><MODULE_ID><![CDATA[2401301002390ipFYU6OzeCNDMN0r1X]]></MODULE_ID><BUTTON_ID><![CDATA[180203141213sIokJQ0FZzFeZGmYAUa]]></BUTTON_ID><BUTTON_NAME><![CDATA[发送]]></BUTTON_NAME><BUTTON_TYPE DbType='NUMERIC'><![CDATA[]]></BUTTON_TYPE><BUTTON_TYPE_TEXT><![CDATA[]]></BUTTON_TYPE_TEXT><BUTTON_STYLE DbType='NUMERIC'><![CDATA[1]]></BUTTON_STYLE><BUTTON_STYLE_TEXT><![CDATA[重要]]></BUTTON_STYLE_TEXT><ACTION><![CDATA[xform.send]]></ACTION><ICON><![CDATA[]]></ICON><TIP><![CDATA[]]></TIP><SHOW_CONDITION><![CDATA[]]></SHOW_CONDITION><SHOWORDER DbType='NUMERIC'><![CDATA[1]]></SHOWORDER><PARAMETER DbType='CLOB'><![CDATA[[{"key":"flowId","value":"","name":"流程ID","remark":"要使用的流程主键","index":1},{"key":"nextLineId","value":"","name":"下一个节点","remark":"暂无信息","index":2},{"key":"successToNodeId","value":"","name":"发送成功后，需要跳转到的节点","remark":"暂无信息","index":3},{"key":"addToResponsibleList","value":"","name":"发送后是否进入负责列表","remark":"暂无信息","index":6},{"key":"intelligenceSend","value":"1","name":"发送模式","remark":"1普通,2智能","index":7},{"key":"sendOpinion","value":"","name":"指定意见内容","remark":"暂无信息","index":8}]]]></PARAMETER><PROJECT_ID><![CDATA[]]></PROJECT_ID><CREATE_USERID><![CDATA[]]></CREATE_USERID><CREATE_UNAME><![CDATA[]]></CREATE_UNAME><CREATE_DEPTID><![CDATA[]]></CREATE_DEPTID><CREATE_DEPTNAME><![CDATA[]]></CREATE_DEPTNAME><CREATE_UNITID><![CDATA[180505162656YILYYOzw1FnE5OzzNxm]]></CREATE_UNITID><CREATE_UNITNAME><![CDATA[]]></CREATE_UNITNAME><CREATE_TIME DbType='DATE'><![CDATA[]]></CREATE_TIME><LASTUPDATE_USERID><![CDATA[]]></LASTUPDATE_USERID><LASTUPDATE_UNAME><![CDATA[]]></LASTUPDATE_UNAME><LASTUPDATE_DEPTID><![CDATA[]]></LASTUPDATE_DEPTID><LASTUPDATE_DEPTNAME><![CDATA[]]></LASTUPDATE_DEPTNAME><LASTUPDATE_UNITID><![CDATA[]]></LASTUPDATE_UNITID><LASTUPDATE_UNITNAME><![CDATA[]]></LASTUPDATE_UNITNAME><LASTUPDATE_TIME DbType='DATE'><![CDATA[]]></LASTUPDATE_TIME><IS_VALID_DATA DbType='NUMERIC'><![CDATA[1]]></IS_VALID_DATA><ROWSTATE DbType='NUMERIC'><![CDATA[1]]></ROWSTATE><CLONE_ID><![CDATA[]]></CLONE_ID><BUTTON_POSITION><![CDATA[right]]></BUTTON_POSITION><BUTTON_POSITION_TEXT><![CDATA[右侧]]></BUTTON_POSITION_TEXT><IS_MODIFY DbType='NUMERIC'><![CDATA[]]></IS_MODIFY><DEFAULT_FORM_ID><![CDATA[]]></DEFAULT_FORM_ID><ITEMINDEX DbType='NUMERIC'><![CDATA[]]></ITEMINDEX><IS_COMMON_USE DbType='NUMERIC'><![CDATA[1]]></IS_COMMON_USE><IS_COMMON_USE_TEXT><![CDATA[是]]></IS_COMMON_USE_TEXT><PRODUCT_ID><![CDATA[]]></PRODUCT_ID><AAA DbType='CLOB'><![CDATA[]]></AAA></Row>
<Row><ID PrimaryKey='true'><![CDATA[240408101324CGf3hMIFAeCq14mYSPy]]></ID><FLOW_ID><![CDATA[2402011005226rRQCKy1dfPm9s7Nfjh]]></FLOW_ID><NODE_ID><![CDATA[COtJ93DBgO8YuGJ]]></NODE_ID><MODULE_ID><![CDATA[2401301002390ipFYU6OzeCNDMN0r1X]]></MODULE_ID><BUTTON_ID><![CDATA[180203141213sIokJQ0FZzFeZGmYAUa]]></BUTTON_ID><BUTTON_NAME><![CDATA[发送]]></BUTTON_NAME><BUTTON_TYPE DbType='NUMERIC'><![CDATA[]]></BUTTON_TYPE><BUTTON_TYPE_TEXT><![CDATA[]]></BUTTON_TYPE_TEXT><BUTTON_STYLE DbType='NUMERIC'><![CDATA[1]]></BUTTON_STYLE><BUTTON_STYLE_TEXT><![CDATA[重要]]></BUTTON_STYLE_TEXT><ACTION><![CDATA[xform.send]]></ACTION><ICON><![CDATA[]]></ICON><TIP><![CDATA[]]></TIP><SHOW_CONDITION><![CDATA[]]></SHOW_CONDITION><SHOWORDER DbType='NUMERIC'><![CDATA[1]]></SHOWORDER><PARAMETER DbType='CLOB'><![CDATA[[{"key":"flowId","value":"","name":"流程ID","remark":"要使用的流程主键","index":1},{"key":"nextLineId","value":"","name":"下一个节点","remark":"暂无信息","index":2},{"key":"successToNodeId","value":"","name":"发送成功后，需要跳转到的节点","remark":"暂无信息","index":3},{"key":"addToResponsibleList","value":"","name":"发送后是否进入负责列表","remark":"暂无信息","index":6},{"key":"intelligenceSend","value":"1","name":"发送模式","remark":"1普通,2智能","index":7},{"key":"sendOpinion","value":"","name":"指定意见内容","remark":"暂无信息","index":8}]]]></PARAMETER><PROJECT_ID><![CDATA[]]></PROJECT_ID><CREATE_USERID><![CDATA[]]></CREATE_USERID><CREATE_UNAME><![CDATA[]]></CREATE_UNAME><CREATE_DEPTID><![CDATA[]]></CREATE_DEPTID><CREATE_DEPTNAME><![CDATA[]]></CREATE_DEPTNAME><CREATE_UNITID><![CDATA[180505162656YILYYOzw1FnE5OzzNxm]]></CREATE_UNITID><CREATE_UNITNAME><![CDATA[]]></CREATE_UNITNAME><CREATE_TIME DbType='DATE'><![CDATA[]]></CREATE_TIME><LASTUPDATE_USERID><![CDATA[]]></LASTUPDATE_USERID><LASTUPDATE_UNAME><![CDATA[]]></LASTUPDATE_UNAME><LASTUPDATE_DEPTID><![CDATA[]]></LASTUPDATE_DEPTID><LASTUPDATE_DEPTNAME><![CDATA[]]></LASTUPDATE_DEPTNAME><LASTUPDATE_UNITID><![CDATA[]]></LASTUPDATE_UNITID><LASTUPDATE_UNITNAME><![CDATA[]]></LASTUPDATE_UNITNAME><LASTUPDATE_TIME DbType='DATE'><![CDATA[]]></LASTUPDATE_TIME><IS_VALID_DATA DbType='NUMERIC'><![CDATA[1]]></IS_VALID_DATA><ROWSTATE DbType='NUMERIC'><![CDATA[1]]></ROWSTATE><CLONE_ID><![CDATA[]]></CLONE_ID><BUTTON_POSITION><![CDATA[right]]></BUTTON_POSITION><BUTTON_POSITION_TEXT><![CDATA[右侧]]></BUTTON_POSITION_TEXT><IS_MODIFY DbType='NUMERIC'><![CDATA[]]></IS_MODIFY><DEFAULT_FORM_ID><![CDATA[]]></DEFAULT_FORM_ID><ITEMINDEX DbType='NUMERIC'><![CDATA[]]></ITEMINDEX><IS_COMMON_USE DbType='NUMERIC'><![CDATA[1]]></IS_COMMON_USE><IS_COMMON_USE_TEXT><![CDATA[是]]></IS_COMMON_USE_TEXT><PRODUCT_ID><![CDATA[]]></PRODUCT_ID><AAA DbType='CLOB'><![CDATA[]]></AAA></Row>
<Row><ID PrimaryKey='true'><![CDATA[2404081013313Hd61zi3JO7GtiNR59p]]></ID><FLOW_ID><![CDATA[2402011005226rRQCKy1dfPm9s7Nfjh]]></FLOW_ID><NODE_ID><![CDATA[O6V6z4Q5QFw96ch]]></NODE_ID><MODULE_ID><![CDATA[2401301002390ipFYU6OzeCNDMN0r1X]]></MODULE_ID><BUTTON_ID><![CDATA[180203141213sIokJQ0FZzFeZGmYAUa]]></BUTTON_ID><BUTTON_NAME><![CDATA[发送]]></BUTTON_NAME><BUTTON_TYPE DbType='NUMERIC'><![CDATA[]]></BUTTON_TYPE><BUTTON_TYPE_TEXT><![CDATA[]]></BUTTON_TYPE_TEXT><BUTTON_STYLE DbType='NUMERIC'><![CDATA[1]]></BUTTON_STYLE><BUTTON_STYLE_TEXT><![CDATA[重要]]></BUTTON_STYLE_TEXT><ACTION><![CDATA[xform.send]]></ACTION><ICON><![CDATA[]]></ICON><TIP><![CDATA[]]></TIP><SHOW_CONDITION><![CDATA[]]></SHOW_CONDITION><SHOWORDER DbType='NUMERIC'><![CDATA[1]]></SHOWORDER><PARAMETER DbType='CLOB'><![CDATA[[{"key":"flowId","value":"","name":"流程ID","remark":"要使用的流程主键","index":1},{"key":"nextLineId","value":"","name":"下一个节点","remark":"暂无信息","index":2},{"key":"successToNodeId","value":"","name":"发送成功后，需要跳转到的节点","remark":"暂无信息","index":3},{"key":"addToResponsibleList","value":"","name":"发送后是否进入负责列表","remark":"暂无信息","index":6},{"key":"intelligenceSend","value":"1","name":"发送模式","remark":"1普通,2智能","index":7},{"key":"sendOpinion","value":"","name":"指定意见内容","remark":"暂无信息","index":8}]]]></PARAMETER><PROJECT_ID><![CDATA[]]></PROJECT_ID><CREATE_USERID><![CDATA[]]></CREATE_USERID><CREATE_UNAME><![CDATA[]]></CREATE_UNAME><CREATE_DEPTID><![CDATA[]]></CREATE_DEPTID><CREATE_DEPTNAME><![CDATA[]]></CREATE_DEPTNAME><CREATE_UNITID><![CDATA[180505162656YILYYOzw1FnE5OzzNxm]]></CREATE_UNITID><CREATE_UNITNAME><![CDATA[]]></CREATE_UNITNAME><CREATE_TIME DbType='DATE'><![CDATA[]]></CREATE_TIME><LASTUPDATE_USERID><![CDATA[]]></LASTUPDATE_USERID><LASTUPDATE_UNAME><![CDATA[]]></LASTUPDATE_UNAME><LASTUPDATE_DEPTID><![CDATA[]]></LASTUPDATE_DEPTID><LASTUPDATE_DEPTNAME><![CDATA[]]></LASTUPDATE_DEPTNAME><LASTUPDATE_UNITID><![CDATA[]]></LASTUPDATE_UNITID><LASTUPDATE_UNITNAME><![CDATA[]]></LASTUPDATE_UNITNAME><LASTUPDATE_TIME DbType='DATE'><![CDATA[]]></LASTUPDATE_TIME><IS_VALID_DATA DbType='NUMERIC'><![CDATA[1]]></IS_VALID_DATA><ROWSTATE DbType='NUMERIC'><![CDATA[1]]></ROWSTATE><CLONE_ID><![CDATA[]]></CLONE_ID><BUTTON_POSITION><![CDATA[right]]></BUTTON_POSITION><BUTTON_POSITION_TEXT><![CDATA[右侧]]></BUTTON_POSITION_TEXT><IS_MODIFY DbType='NUMERIC'><![CDATA[]]></IS_MODIFY><DEFAULT_FORM_ID><![CDATA[]]></DEFAULT_FORM_ID><ITEMINDEX DbType='NUMERIC'><![CDATA[]]></ITEMINDEX><IS_COMMON_USE DbType='NUMERIC'><![CDATA[1]]></IS_COMMON_USE><IS_COMMON_USE_TEXT><![CDATA[是]]></IS_COMMON_USE_TEXT><PRODUCT_ID><![CDATA[]]></PRODUCT_ID><AAA DbType='CLOB'><![CDATA[]]></AAA></Row>
<Row><ID PrimaryKey='true'><![CDATA[2404081013366o8s0xtBbRv6BsNUQ25]]></ID><FLOW_ID><![CDATA[2402011005226rRQCKy1dfPm9s7Nfjh]]></FLOW_ID><NODE_ID><![CDATA[aqtH7YYBcJHJUy2]]></NODE_ID><MODULE_ID><![CDATA[2401301002390ipFYU6OzeCNDMN0r1X]]></MODULE_ID><BUTTON_ID><![CDATA[180203141213sIokJQ0FZzFeZGmYAUa]]></BUTTON_ID><BUTTON_NAME><![CDATA[发送]]></BUTTON_NAME><BUTTON_TYPE DbType='NUMERIC'><![CDATA[]]></BUTTON_TYPE><BUTTON_TYPE_TEXT><![CDATA[]]></BUTTON_TYPE_TEXT><BUTTON_STYLE DbType='NUMERIC'><![CDATA[1]]></BUTTON_STYLE><BUTTON_STYLE_TEXT><![CDATA[重要]]></BUTTON_STYLE_TEXT><ACTION><![CDATA[xform.send]]></ACTION><ICON><![CDATA[]]></ICON><TIP><![CDATA[]]></TIP><SHOW_CONDITION><![CDATA[]]></SHOW_CONDITION><SHOWORDER DbType='NUMERIC'><![CDATA[1]]></SHOWORDER><PARAMETER DbType='CLOB'><![CDATA[[{"key":"flowId","value":"","name":"流程ID","remark":"要使用的流程主键","index":1},{"key":"nextLineId","value":"","name":"下一个节点","remark":"暂无信息","index":2},{"key":"successToNodeId","value":"","name":"发送成功后，需要跳转到的节点","remark":"暂无信息","index":3},{"key":"addToResponsibleList","value":"","name":"发送后是否进入负责列表","remark":"暂无信息","index":6},{"key":"intelligenceSend","value":"1","name":"发送模式","remark":"1普通,2智能","index":7},{"key":"sendOpinion","value":"","name":"指定意见内容","remark":"暂无信息","index":8}]]]></PARAMETER><PROJECT_ID><![CDATA[]]></PROJECT_ID><CREATE_USERID><![CDATA[]]></CREATE_USERID><CREATE_UNAME><![CDATA[]]></CREATE_UNAME><CREATE_DEPTID><![CDATA[]]></CREATE_DEPTID><CREATE_DEPTNAME><![CDATA[]]></CREATE_DEPTNAME><CREATE_UNITID><![CDATA[180505162656YILYYOzw1FnE5OzzNxm]]></CREATE_UNITID><CREATE_UNITNAME><![CDATA[]]></CREATE_UNITNAME><CREATE_TIME DbType='DATE'><![CDATA[]]></CREATE_TIME><LASTUPDATE_USERID><![CDATA[]]></LASTUPDATE_USERID><LASTUPDATE_UNAME><![CDATA[]]></LASTUPDATE_UNAME><LASTUPDATE_DEPTID><![CDATA[]]></LASTUPDATE_DEPTID><LASTUPDATE_DEPTNAME><![CDATA[]]></LASTUPDATE_DEPTNAME><LASTUPDATE_UNITID><![CDATA[]]></LASTUPDATE_UNITID><LASTUPDATE_UNITNAME><![CDATA[]]></LASTUPDATE_UNITNAME><LASTUPDATE_TIME DbType='DATE'><![CDATA[]]></LASTUPDATE_TIME><IS_VALID_DATA DbType='NUMERIC'><![CDATA[1]]></IS_VALID_DATA><ROWSTATE DbType='NUMERIC'><![CDATA[1]]></ROWSTATE><CLONE_ID><![CDATA[]]></CLONE_ID><BUTTON_POSITION><![CDATA[right]]></BUTTON_POSITION><BUTTON_POSITION_TEXT><![CDATA[右侧]]></BUTTON_POSITION_TEXT><IS_MODIFY DbType='NUMERIC'><![CDATA[]]></IS_MODIFY><DEFAULT_FORM_ID><![CDATA[]]></DEFAULT_FORM_ID><ITEMINDEX DbType='NUMERIC'><![CDATA[]]></ITEMINDEX><IS_COMMON_USE DbType='NUMERIC'><![CDATA[1]]></IS_COMMON_USE><IS_COMMON_USE_TEXT><![CDATA[是]]></IS_COMMON_USE_TEXT><PRODUCT_ID><![CDATA[]]></PRODUCT_ID><AAA DbType='CLOB'><![CDATA[]]></AAA></Row>
<Row><ID PrimaryKey='true'><![CDATA[240705143228SbKGyi0EKC3uYobIcsr]]></ID><FLOW_ID><![CDATA[2402011005226rRQCKy1dfPm9s7Nfjh]]></FLOW_ID><NODE_ID><![CDATA[dSuJvTNhBfxfs6v]]></NODE_ID><MODULE_ID><![CDATA[2401301002390ipFYU6OzeCNDMN0r1X]]></MODULE_ID><BUTTON_ID><![CDATA[180203141213sIokJQ0FZzFeZGmYAUa]]></BUTTON_ID><BUTTON_NAME><![CDATA[发送]]></BUTTON_NAME><BUTTON_TYPE DbType='NUMERIC'><![CDATA[]]></BUTTON_TYPE><BUTTON_TYPE_TEXT><![CDATA[]]></BUTTON_TYPE_TEXT><BUTTON_STYLE DbType='NUMERIC'><![CDATA[1]]></BUTTON_STYLE><BUTTON_STYLE_TEXT><![CDATA[重要]]></BUTTON_STYLE_TEXT><ACTION><![CDATA[xform.send]]></ACTION><ICON><![CDATA[]]></ICON><TIP><![CDATA[]]></TIP><SHOW_CONDITION><![CDATA[]]></SHOW_CONDITION><SHOWORDER DbType='NUMERIC'><![CDATA[1]]></SHOWORDER><PARAMETER DbType='CLOB'><![CDATA[[{"key":"flowId","value":"","name":"流程ID","remark":"要使用的流程主键","index":1},{"key":"nextLineId","value":"","name":"下一个节点","remark":"暂无信息","index":2},{"key":"successToNodeId","value":"","name":"发送成功后，需要跳转到的节点","remark":"暂无信息","index":3},{"key":"addToResponsibleList","value":"","name":"发送后是否进入负责列表","remark":"暂无信息","index":6},{"key":"intelligenceSend","value":"1","name":"发送模式","remark":"1普通,2智能","index":7},{"key":"sendOpinion","value":"","name":"指定意见内容","remark":"暂无信息","index":8}]]]></PARAMETER><PROJECT_ID><![CDATA[]]></PROJECT_ID><CREATE_USERID><![CDATA[]]></CREATE_USERID><CREATE_UNAME><![CDATA[]]></CREATE_UNAME><CREATE_DEPTID><![CDATA[]]></CREATE_DEPTID><CREATE_DEPTNAME><![CDATA[]]></CREATE_DEPTNAME><CREATE_UNITID><![CDATA[180505162656YILYYOzw1FnE5OzzNxm]]></CREATE_UNITID><CREATE_UNITNAME><![CDATA[]]></CREATE_UNITNAME><CREATE_TIME DbType='DATE'><![CDATA[]]></CREATE_TIME><LASTUPDATE_USERID><![CDATA[]]></LASTUPDATE_USERID><LASTUPDATE_UNAME><![CDATA[]]></LASTUPDATE_UNAME><LASTUPDATE_DEPTID><![CDATA[]]></LASTUPDATE_DEPTID><LASTUPDATE_DEPTNAME><![CDATA[]]></LASTUPDATE_DEPTNAME><LASTUPDATE_UNITID><![CDATA[]]></LASTUPDATE_UNITID><LASTUPDATE_UNITNAME><![CDATA[]]></LASTUPDATE_UNITNAME><LASTUPDATE_TIME DbType='DATE'><![CDATA[]]></LASTUPDATE_TIME><IS_VALID_DATA DbType='NUMERIC'><![CDATA[1]]></IS_VALID_DATA><ROWSTATE DbType='NUMERIC'><![CDATA[1]]></ROWSTATE><CLONE_ID><![CDATA[]]></CLONE_ID><BUTTON_POSITION><![CDATA[right]]></BUTTON_POSITION><BUTTON_POSITION_TEXT><![CDATA[右侧]]></BUTTON_POSITION_TEXT><IS_MODIFY DbType='NUMERIC'><![CDATA[]]></IS_MODIFY><DEFAULT_FORM_ID><![CDATA[]]></DEFAULT_FORM_ID><ITEMINDEX DbType='NUMERIC'><![CDATA[]]></ITEMINDEX><IS_COMMON_USE DbType='NUMERIC'><![CDATA[1]]></IS_COMMON_USE><IS_COMMON_USE_TEXT><![CDATA[是]]></IS_COMMON_USE_TEXT><PRODUCT_ID><![CDATA[]]></PRODUCT_ID><AAA DbType='CLOB'><![CDATA[]]></AAA></Row>
<Row><ID PrimaryKey='true'><![CDATA[240729095352Z4njny5UiEhdkh13RMv]]></ID><FLOW_ID><![CDATA[2402011005226rRQCKy1dfPm9s7Nfjh]]></FLOW_ID><NODE_ID><![CDATA[pHjul9l8R12KNXR]]></NODE_ID><MODULE_ID><![CDATA[2401301002390ipFYU6OzeCNDMN0r1X]]></MODULE_ID><BUTTON_ID><![CDATA[180203141213sIokJQ0FZzFeZGmYAUa]]></BUTTON_ID><BUTTON_NAME><![CDATA[发送]]></BUTTON_NAME><BUTTON_TYPE DbType='NUMERIC'><![CDATA[]]></BUTTON_TYPE><BUTTON_TYPE_TEXT><![CDATA[]]></BUTTON_TYPE_TEXT><BUTTON_STYLE DbType='NUMERIC'><![CDATA[1]]></BUTTON_STYLE><BUTTON_STYLE_TEXT><![CDATA[重要]]></BUTTON_STYLE_TEXT><ACTION><![CDATA[xform.send]]></ACTION><ICON><![CDATA[]]></ICON><TIP><![CDATA[]]></TIP><SHOW_CONDITION><![CDATA[]]></SHOW_CONDITION><SHOWORDER DbType='NUMERIC'><![CDATA[1]]></SHOWORDER><PARAMETER DbType='CLOB'><![CDATA[[{"key":"flowId","value":"","name":"流程ID","remark":"要使用的流程主键","index":1},{"key":"nextLineId","value":"","name":"下一个节点","remark":"暂无信息","index":2},{"key":"successToNodeId","value":"","name":"发送成功后，需要跳转到的节点","remark":"暂无信息","index":3},{"key":"addToResponsibleList","value":"","name":"发送后是否进入负责列表","remark":"暂无信息","index":6},{"key":"intelligenceSend","value":"1","name":"发送模式","remark":"1普通,2智能","index":7},{"key":"sendOpinion","value":"","name":"指定意见内容","remark":"暂无信息","index":8}]]]></PARAMETER><PROJECT_ID><![CDATA[]]></PROJECT_ID><CREATE_USERID><![CDATA[]]></CREATE_USERID><CREATE_UNAME><![CDATA[]]></CREATE_UNAME><CREATE_DEPTID><![CDATA[]]></CREATE_DEPTID><CREATE_DEPTNAME><![CDATA[]]></CREATE_DEPTNAME><CREATE_UNITID><![CDATA[180505162656YILYYOzw1FnE5OzzNxm]]></CREATE_UNITID><CREATE_UNITNAME><![CDATA[]]></CREATE_UNITNAME><CREATE_TIME DbType='DATE'><![CDATA[]]></CREATE_TIME><LASTUPDATE_USERID><![CDATA[]]></LASTUPDATE_USERID><LASTUPDATE_UNAME><![CDATA[]]></LASTUPDATE_UNAME><LASTUPDATE_DEPTID><![CDATA[]]></LASTUPDATE_DEPTID><LASTUPDATE_DEPTNAME><![CDATA[]]></LASTUPDATE_DEPTNAME><LASTUPDATE_UNITID><![CDATA[]]></LASTUPDATE_UNITID><LASTUPDATE_UNITNAME><![CDATA[]]></LASTUPDATE_UNITNAME><LASTUPDATE_TIME DbType='DATE'><![CDATA[]]></LASTUPDATE_TIME><IS_VALID_DATA DbType='NUMERIC'><![CDATA[1]]></IS_VALID_DATA><ROWSTATE DbType='NUMERIC'><![CDATA[1]]></ROWSTATE><CLONE_ID><![CDATA[]]></CLONE_ID><BUTTON_POSITION><![CDATA[right]]></BUTTON_POSITION><BUTTON_POSITION_TEXT><![CDATA[右侧]]></BUTTON_POSITION_TEXT><IS_MODIFY DbType='NUMERIC'><![CDATA[]]></IS_MODIFY><DEFAULT_FORM_ID><![CDATA[]]></DEFAULT_FORM_ID><ITEMINDEX DbType='NUMERIC'><![CDATA[]]></ITEMINDEX><IS_COMMON_USE DbType='NUMERIC'><![CDATA[1]]></IS_COMMON_USE><IS_COMMON_USE_TEXT><![CDATA[是]]></IS_COMMON_USE_TEXT><PRODUCT_ID><![CDATA[]]></PRODUCT_ID><AAA DbType='CLOB'><![CDATA[]]></AAA></Row>
<Row><ID PrimaryKey='true'><![CDATA[2407290954457We9QKJ3LTVEFYDmhy0]]></ID><FLOW_ID><![CDATA[2402011005226rRQCKy1dfPm9s7Nfjh]]></FLOW_ID><NODE_ID><![CDATA[4kjySdK9FX6fOVq]]></NODE_ID><MODULE_ID><![CDATA[2401301002390ipFYU6OzeCNDMN0r1X]]></MODULE_ID><BUTTON_ID><![CDATA[180203141213sIokJQ0FZzFeZGmYAUa]]></BUTTON_ID><BUTTON_NAME><![CDATA[发送]]></BUTTON_NAME><BUTTON_TYPE DbType='NUMERIC'><![CDATA[]]></BUTTON_TYPE><BUTTON_TYPE_TEXT><![CDATA[]]></BUTTON_TYPE_TEXT><BUTTON_STYLE DbType='NUMERIC'><![CDATA[1]]></BUTTON_STYLE><BUTTON_STYLE_TEXT><![CDATA[重要]]></BUTTON_STYLE_TEXT><ACTION><![CDATA[xform.send]]></ACTION><ICON><![CDATA[]]></ICON><TIP><![CDATA[]]></TIP><SHOW_CONDITION><![CDATA[]]></SHOW_CONDITION><SHOWORDER DbType='NUMERIC'><![CDATA[1]]></SHOWORDER><PARAMETER DbType='CLOB'><![CDATA[[{"key":"flowId","value":"","name":"流程ID","remark":"要使用的流程主键","index":1},{"key":"nextLineId","value":"","name":"下一个节点","remark":"暂无信息","index":2},{"key":"successToNodeId","value":"","name":"发送成功后，需要跳转到的节点","remark":"暂无信息","index":3},{"key":"addToResponsibleList","value":"","name":"发送后是否进入负责列表","remark":"暂无信息","index":6},{"key":"intelligenceSend","value":"1","name":"发送模式","remark":"1普通,2智能","index":7},{"key":"sendOpinion","value":"","name":"指定意见内容","remark":"暂无信息","index":8}]]]></PARAMETER><PROJECT_ID><![CDATA[]]></PROJECT_ID><CREATE_USERID><![CDATA[]]></CREATE_USERID><CREATE_UNAME><![CDATA[]]></CREATE_UNAME><CREATE_DEPTID><![CDATA[]]></CREATE_DEPTID><CREATE_DEPTNAME><![CDATA[]]></CREATE_DEPTNAME><CREATE_UNITID><![CDATA[180505162656YILYYOzw1FnE5OzzNxm]]></CREATE_UNITID><CREATE_UNITNAME><![CDATA[]]></CREATE_UNITNAME><CREATE_TIME DbType='DATE'><![CDATA[]]></CREATE_TIME><LASTUPDATE_USERID><![CDATA[]]></LASTUPDATE_USERID><LASTUPDATE_UNAME><![CDATA[]]></LASTUPDATE_UNAME><LASTUPDATE_DEPTID><![CDATA[]]></LASTUPDATE_DEPTID><LASTUPDATE_DEPTNAME><![CDATA[]]></LASTUPDATE_DEPTNAME><LASTUPDATE_UNITID><![CDATA[]]></LASTUPDATE_UNITID><LASTUPDATE_UNITNAME><![CDATA[]]></LASTUPDATE_UNITNAME><LASTUPDATE_TIME DbType='DATE'><![CDATA[]]></LASTUPDATE_TIME><IS_VALID_DATA DbType='NUMERIC'><![CDATA[1]]></IS_VALID_DATA><ROWSTATE DbType='NUMERIC'><![CDATA[1]]></ROWSTATE><CLONE_ID><![CDATA[]]></CLONE_ID><BUTTON_POSITION><![CDATA[right]]></BUTTON_POSITION><BUTTON_POSITION_TEXT><![CDATA[右侧]]></BUTTON_POSITION_TEXT><IS_MODIFY DbType='NUMERIC'><![CDATA[]]></IS_MODIFY><DEFAULT_FORM_ID><![CDATA[]]></DEFAULT_FORM_ID><ITEMINDEX DbType='NUMERIC'><![CDATA[]]></ITEMINDEX><IS_COMMON_USE DbType='NUMERIC'><![CDATA[1]]></IS_COMMON_USE><IS_COMMON_USE_TEXT><![CDATA[是]]></IS_COMMON_USE_TEXT><PRODUCT_ID><![CDATA[]]></PRODUCT_ID><AAA DbType='CLOB'><![CDATA[]]></AAA></Row>
<Row><ID PrimaryKey='true'><![CDATA[240814134747eaQDyj2GAKDfixwtAk5]]></ID><FLOW_ID><![CDATA[2402011005226rRQCKy1dfPm9s7Nfjh]]></FLOW_ID><NODE_ID><![CDATA[vn9JyhZJY7quKaE]]></NODE_ID><MODULE_ID><![CDATA[2401301002390ipFYU6OzeCNDMN0r1X]]></MODULE_ID><BUTTON_ID><![CDATA[180203141213sIokJQ0FZzFeZGmYAUa]]></BUTTON_ID><BUTTON_NAME><![CDATA[发送]]></BUTTON_NAME><BUTTON_TYPE DbType='NUMERIC'><![CDATA[]]></BUTTON_TYPE><BUTTON_TYPE_TEXT><![CDATA[]]></BUTTON_TYPE_TEXT><BUTTON_STYLE DbType='NUMERIC'><![CDATA[1]]></BUTTON_STYLE><BUTTON_STYLE_TEXT><![CDATA[重要]]></BUTTON_STYLE_TEXT><ACTION><![CDATA[xform.send]]></ACTION><ICON><![CDATA[]]></ICON><TIP><![CDATA[]]></TIP><SHOW_CONDITION><![CDATA[]]></SHOW_CONDITION><SHOWORDER DbType='NUMERIC'><![CDATA[1]]></SHOWORDER><PARAMETER DbType='CLOB'><![CDATA[[{"key":"flowId","value":"","name":"流程ID","remark":"要使用的流程主键","index":1},{"key":"nextLineId","value":"","name":"下一个节点","remark":"暂无信息","index":2},{"key":"successToNodeId","value":"","name":"发送成功后，需要跳转到的节点","remark":"暂无信息","index":3},{"key":"addToResponsibleList","value":"","name":"发送后是否进入负责列表","remark":"暂无信息","index":6},{"key":"intelligenceSend","value":"1","name":"发送模式","remark":"1普通,2智能","index":7},{"key":"sendOpinion","value":"","name":"指定意见内容","remark":"暂无信息","index":8}]]]></PARAMETER><PROJECT_ID><![CDATA[]]></PROJECT_ID><CREATE_USERID><![CDATA[]]></CREATE_USERID><CREATE_UNAME><![CDATA[]]></CREATE_UNAME><CREATE_DEPTID><![CDATA[]]></CREATE_DEPTID><CREATE_DEPTNAME><![CDATA[]]></CREATE_DEPTNAME><CREATE_UNITID><![CDATA[180505162656YILYYOzw1FnE5OzzNxm]]></CREATE_UNITID><CREATE_UNITNAME><![CDATA[]]></CREATE_UNITNAME><CREATE_TIME DbType='DATE'><![CDATA[]]></CREATE_TIME><LASTUPDATE_USERID><![CDATA[]]></LASTUPDATE_USERID><LASTUPDATE_UNAME><![CDATA[]]></LASTUPDATE_UNAME><LASTUPDATE_DEPTID><![CDATA[]]></LASTUPDATE_DEPTID><LASTUPDATE_DEPTNAME><![CDATA[]]></LASTUPDATE_DEPTNAME><LASTUPDATE_UNITID><![CDATA[]]></LASTUPDATE_UNITID><LASTUPDATE_UNITNAME><![CDATA[]]></LASTUPDATE_UNITNAME><LASTUPDATE_TIME DbType='DATE'><![CDATA[]]></LASTUPDATE_TIME><IS_VALID_DATA DbType='NUMERIC'><![CDATA[1]]></IS_VALID_DATA><ROWSTATE DbType='NUMERIC'><![CDATA[1]]></ROWSTATE><CLONE_ID><![CDATA[]]></CLONE_ID><BUTTON_POSITION><![CDATA[right]]></BUTTON_POSITION><BUTTON_POSITION_TEXT><![CDATA[右侧]]></BUTTON_POSITION_TEXT><IS_MODIFY DbType='NUMERIC'><![CDATA[]]></IS_MODIFY><DEFAULT_FORM_ID><![CDATA[]]></DEFAULT_FORM_ID><ITEMINDEX DbType='NUMERIC'><![CDATA[]]></ITEMINDEX><IS_COMMON_USE DbType='NUMERIC'><![CDATA[1]]></IS_COMMON_USE><IS_COMMON_USE_TEXT><![CDATA[是]]></IS_COMMON_USE_TEXT><PRODUCT_ID><![CDATA[]]></PRODUCT_ID><AAA DbType='CLOB'><![CDATA[]]></AAA></Row>
<Row><ID PrimaryKey='true'><![CDATA[240827142427y0EXSvtAjkqvnKOpbh2]]></ID><FLOW_ID><![CDATA[2402011005226rRQCKy1dfPm9s7Nfjh]]></FLOW_ID><NODE_ID><![CDATA[oROz00MSL9u313Y]]></NODE_ID><MODULE_ID><![CDATA[2401301002390ipFYU6OzeCNDMN0r1X]]></MODULE_ID><BUTTON_ID><![CDATA[180203141213sIokJQ0FZzFeZGmYAUa]]></BUTTON_ID><BUTTON_NAME><![CDATA[发送]]></BUTTON_NAME><BUTTON_TYPE DbType='NUMERIC'><![CDATA[]]></BUTTON_TYPE><BUTTON_TYPE_TEXT><![CDATA[]]></BUTTON_TYPE_TEXT><BUTTON_STYLE DbType='NUMERIC'><![CDATA[1]]></BUTTON_STYLE><BUTTON_STYLE_TEXT><![CDATA[重要]]></BUTTON_STYLE_TEXT><ACTION><![CDATA[xform.send]]></ACTION><ICON><![CDATA[]]></ICON><TIP><![CDATA[]]></TIP><SHOW_CONDITION><![CDATA[]]></SHOW_CONDITION><SHOWORDER DbType='NUMERIC'><![CDATA[1]]></SHOWORDER><PARAMETER DbType='CLOB'><![CDATA[[{"key":"flowId","value":"","name":"流程ID","remark":"要使用的流程主键","index":1},{"key":"nextLineId","value":"","name":"下一个节点","remark":"暂无信息","index":2},{"key":"successToNodeId","value":"","name":"发送成功后，需要跳转到的节点","remark":"暂无信息","index":3},{"key":"addToResponsibleList","value":"","name":"发送后是否进入负责列表","remark":"暂无信息","index":6},{"key":"intelligenceSend","value":"1","name":"发送模式","remark":"1普通,2智能","index":7},{"key":"sendOpinion","value":"","name":"指定意见内容","remark":"暂无信息","index":8}]]]></PARAMETER><PROJECT_ID><![CDATA[]]></PROJECT_ID><CREATE_USERID><![CDATA[]]></CREATE_USERID><CREATE_UNAME><![CDATA[]]></CREATE_UNAME><CREATE_DEPTID><![CDATA[]]></CREATE_DEPTID><CREATE_DEPTNAME><![CDATA[]]></CREATE_DEPTNAME><CREATE_UNITID><![CDATA[180505162656YILYYOzw1FnE5OzzNxm]]></CREATE_UNITID><CREATE_UNITNAME><![CDATA[]]></CREATE_UNITNAME><CREATE_TIME DbType='DATE'><![CDATA[]]></CREATE_TIME><LASTUPDATE_USERID><![CDATA[]]></LASTUPDATE_USERID><LASTUPDATE_UNAME><![CDATA[]]></LASTUPDATE_UNAME><LASTUPDATE_DEPTID><![CDATA[]]></LASTUPDATE_DEPTID><LASTUPDATE_DEPTNAME><![CDATA[]]></LASTUPDATE_DEPTNAME><LASTUPDATE_UNITID><![CDATA[]]></LASTUPDATE_UNITID><LASTUPDATE_UNITNAME><![CDATA[]]></LASTUPDATE_UNITNAME><LASTUPDATE_TIME DbType='DATE'><![CDATA[]]></LASTUPDATE_TIME><IS_VALID_DATA DbType='NUMERIC'><![CDATA[1]]></IS_VALID_DATA><ROWSTATE DbType='NUMERIC'><![CDATA[1]]></ROWSTATE><CLONE_ID><![CDATA[]]></CLONE_ID><BUTTON_POSITION><![CDATA[right]]></BUTTON_POSITION><BUTTON_POSITION_TEXT><![CDATA[右侧]]></BUTTON_POSITION_TEXT><IS_MODIFY DbType='NUMERIC'><![CDATA[]]></IS_MODIFY><DEFAULT_FORM_ID><![CDATA[]]></DEFAULT_FORM_ID><ITEMINDEX DbType='NUMERIC'><![CDATA[]]></ITEMINDEX><IS_COMMON_USE DbType='NUMERIC'><![CDATA[1]]></IS_COMMON_USE><IS_COMMON_USE_TEXT><![CDATA[是]]></IS_COMMON_USE_TEXT><PRODUCT_ID><![CDATA[]]></PRODUCT_ID><AAA DbType='CLOB'><![CDATA[]]></AAA></Row>
</G_FLOW_BUTTON>