<G_LIST>
<Row><ID PrimaryKey='true'><![CDATA[240130101527zds63H6azQNZdfhNGSv]]></ID><SOURCE_ID><![CDATA[240130101401nhPmHBIPt5CkM3yJ0KL]]></SOURCE_ID><MODULE_ID><![CDATA[2401301002390ipFYU6OzeCNDMN0r1X]]></MODULE_ID><STEP><![CDATA[]]></STEP><DATASOURCE_ID><![CDATA[]]></DATASOURCE_ID><DATASOURCE_ID_TEXT><![CDATA[]]></DATASOURCE_ID_TEXT><LIST_NAME><![CDATA[拟稿列表]]></LIST_NAME><LIST_WIDTH><![CDATA[]]></LIST_WIDTH><LIST_HEIGHT><![CDATA[]]></LIST_HEIGHT><LIST_TYPE DbType='NUMERIC'><![CDATA[1]]></LIST_TYPE><LIST_TYPE_TEXT><![CDATA[元数据列表]]></LIST_TYPE_TEXT><PAGE_SIZE DbType='NUMERIC'><![CDATA[50]]></PAGE_SIZE><FREEZE_COLUMNS DbType='NUMERIC'><![CDATA[0]]></FREEZE_COLUMNS><NEED_CHECKBOX DbType='NUMERIC'><![CDATA[1]]></NEED_CHECKBOX><NEED_CHECKBOX_TEXT><![CDATA[复选框]]></NEED_CHECKBOX_TEXT><NEED_SN DbType='NUMERIC'><![CDATA[1]]></NEED_SN><NEED_SN_TEXT><![CDATA[是]]></NEED_SN_TEXT><ORDER_METADATA><![CDATA[S-BASE-0001]]></ORDER_METADATA><ORDER_METADATA_TEXT><![CDATA[主键]]></ORDER_METADATA_TEXT><ORDER_TYPE><![CDATA[1]]></ORDER_TYPE><ORDER_TYPE_TEXT><![CDATA[降序]]></ORDER_TYPE_TEXT><STATUS DbType='NUMERIC'><![CDATA[1]]></STATUS><STATUS_TEXT><![CDATA[启用]]></STATUS_TEXT><VERSION><![CDATA[]]></VERSION><ROWSTATE DbType='NUMERIC'><![CDATA[1]]></ROWSTATE><FILTER_TYPE DbType='NUMERIC'><![CDATA[1]]></FILTER_TYPE><FILTER_TYPE_TEXT><![CDATA[本人]]></FILTER_TYPE_TEXT><EXTRA_FILTER DbType='CLOB'><![CDATA[]]></EXTRA_FILTER><ALLOW_DELETE DbType='NUMERIC'><![CDATA[-1]]></ALLOW_DELETE><ALLOW_DELETE_TEXT><![CDATA[否]]></ALLOW_DELETE_TEXT><ALLOW_FULL_DELETE DbType='NUMERIC'><![CDATA[-1]]></ALLOW_FULL_DELETE><ALLOW_FULL_DELETE_TEXT><![CDATA[否]]></ALLOW_FULL_DELETE_TEXT><ALLOW_EDIT DbType='NUMERIC'><![CDATA[-1]]></ALLOW_EDIT><ALLOW_EDIT_TEXT><![CDATA[]]></ALLOW_EDIT_TEXT><EXTRA_ACTION><![CDATA[]]></EXTRA_ACTION><UNIT_ID><![CDATA[]]></UNIT_ID><SHOWORDER DbType='NUMERIC'><![CDATA[10]]></SHOWORDER><REMARK DbType='CLOB'><![CDATA[]]></REMARK><PROJECT_ID><![CDATA[p2433]]></PROJECT_ID><CREATE_USERID><![CDATA[2]]></CREATE_USERID><CREATE_UNAME><![CDATA[系统管理员]]></CREATE_UNAME><CREATE_DEPTID><![CDATA[180505162656YILYYOzw1FnE5OzzNxm]]></CREATE_DEPTID><CREATE_DEPTNAME><![CDATA[上海市]]></CREATE_DEPTNAME><CREATE_UNITID><![CDATA[180505162656YILYYOzw1FnE5OzzNxm]]></CREATE_UNITID><CREATE_UNITNAME><![CDATA[上海市]]></CREATE_UNITNAME><CREATE_TIME DbType='DATE'><![CDATA[2024-01-30 10:15:27.0]]></CREATE_TIME><LASTUPDATE_USERID><![CDATA[2]]></LASTUPDATE_USERID><LASTUPDATE_UNAME><![CDATA[系统管理员]]></LASTUPDATE_UNAME><LASTUPDATE_DEPTID><![CDATA[180505162656YILYYOzw1FnE5OzzNxm]]></LASTUPDATE_DEPTID><LASTUPDATE_DEPTNAME><![CDATA[上海市]]></LASTUPDATE_DEPTNAME><LASTUPDATE_UNITID><![CDATA[180505162656YILYYOzw1FnE5OzzNxm]]></LASTUPDATE_UNITID><LASTUPDATE_UNITNAME><![CDATA[上海市]]></LASTUPDATE_UNITNAME><LASTUPDATE_TIME DbType='DATE'><![CDATA[2024-01-30 10:15:27.0]]></LASTUPDATE_TIME><NEED_TITLE_TEXT><![CDATA[是]]></NEED_TITLE_TEXT><NEED_TITLE DbType='NUMERIC'><![CDATA[1]]></NEED_TITLE><NEED_TOOLBAR_TEXT><![CDATA[是]]></NEED_TOOLBAR_TEXT><NEED_TOOLBAR DbType='NUMERIC'><![CDATA[1]]></NEED_TOOLBAR><ROW_CLICK><![CDATA[]]></ROW_CLICK><EXTRA_DS DbType='CLOB'><![CDATA[]]></EXTRA_DS><ALLOW_CREATE DbType='NUMERIC'><![CDATA[1]]></ALLOW_CREATE><ALLOW_CREATE_TEXT><![CDATA[是]]></ALLOW_CREATE_TEXT><IS_MODIFY DbType='NUMERIC'><![CDATA[]]></IS_MODIFY><PRIVILEGE_ID DbType='CLOB'><![CDATA[]]></PRIVILEGE_ID><PRIVILEGE_ID_TEXT DbType='CLOB'><![CDATA[]]></PRIVILEGE_ID_TEXT><DEFAULT_WINDOW DbType='NUMERIC'><![CDATA[3]]></DEFAULT_WINDOW><DEFAULT_WINDOW_TEXT><![CDATA[浏览器标签页]]></DEFAULT_WINDOW_TEXT><ALLOW_CUSTOM_ROWCLICK DbType='NUMERIC'><![CDATA[-1]]></ALLOW_CUSTOM_ROWCLICK><ALLOW_CUSTOM_ROWCLICK_TEXT><![CDATA[否]]></ALLOW_CUSTOM_ROWCLICK_TEXT><HIDE_ACTION DbType='NUMERIC'><![CDATA[-1]]></HIDE_ACTION><HIDE_ACTION_TEXT><![CDATA[否]]></HIDE_ACTION_TEXT><NEED_FLOWINFO DbType='NUMERIC'><![CDATA[-1]]></NEED_FLOWINFO><NEED_FLOWINFO_TEXT><![CDATA[否]]></NEED_FLOWINFO_TEXT><IS_VALID_DATA DbType='NUMERIC'><![CDATA[-1]]></IS_VALID_DATA><DISPLAY_MODE><![CDATA[1]]></DISPLAY_MODE><DISPLAY_MODE_TEXT><![CDATA[表格式]]></DISPLAY_MODE_TEXT><DISPLAY_SUMMARY_TEMP><![CDATA[]]></DISPLAY_SUMMARY_TEMP><DISPLAY_CARD_TEMP><![CDATA[]]></DISPLAY_CARD_TEMP><SUPER_MODIFY_POWER_TEXT><![CDATA[]]></SUPER_MODIFY_POWER_TEXT><SUPER_MODIFY_POWER><![CDATA[]]></SUPER_MODIFY_POWER><SUPER_POWER_RANGE_TEXT><![CDATA[]]></SUPER_POWER_RANGE_TEXT><SUPER_POWER_RANGE DbType='NUMERIC'><![CDATA[]]></SUPER_POWER_RANGE><SUPER_MODIFY_DEFINE DbType='CLOB'><![CDATA[]]></SUPER_MODIFY_DEFINE><ALLOW_COL_WIDTH DbType='NUMERIC'><![CDATA[-1]]></ALLOW_COL_WIDTH><ALLOW_COL_WIDTH_TEXT><![CDATA[]]></ALLOW_COL_WIDTH_TEXT><INNER_SUBLIST_ID><![CDATA[]]></INNER_SUBLIST_ID><INNER_SUBLIST_CONDITION><![CDATA[]]></INNER_SUBLIST_CONDITION><HIERARCHY_METADATA><![CDATA[]]></HIERARCHY_METADATA><CLONE_ID><![CDATA[]]></CLONE_ID><RELA_INFO DbType='CLOB'><![CDATA[]]></RELA_INFO><FILTER_MODE><![CDATA[1]]></FILTER_MODE><FILTER_MODE_TEXT><![CDATA[普通]]></FILTER_MODE_TEXT><NEED_CUSTOM_FOLDER DbType='NUMERIC'><![CDATA[-1]]></NEED_CUSTOM_FOLDER><NEED_CUSTOM_FOLDER_TEXT><![CDATA[否]]></NEED_CUSTOM_FOLDER_TEXT><TEMPLATE_ID><![CDATA[]]></TEMPLATE_ID><TEMPLATE_ID_TEXT><![CDATA[]]></TEMPLATE_ID_TEXT><ALLOW_EXPORT DbType='NUMERIC'><![CDATA[1]]></ALLOW_EXPORT><ALLOW_EXPORT_TEXT><![CDATA[是]]></ALLOW_EXPORT_TEXT><BIND_PRIVILEGE><![CDATA[]]></BIND_PRIVILEGE><BIND_PRIVILEGE_TEXT><![CDATA[]]></BIND_PRIVILEGE_TEXT><EXTRA_ACTION_WIDTH><![CDATA[]]></EXTRA_ACTION_WIDTH><SHOW_BUTTON_COUNT DbType='NUMERIC'><![CDATA[0]]></SHOW_BUTTON_COUNT><SQUERY_MODE DbType='NUMERIC'><![CDATA[1]]></SQUERY_MODE><SQUERY_MODE_TEXT><![CDATA[]]></SQUERY_MODE_TEXT><AUTO_POPFILTER DbType='NUMERIC'><![CDATA[-1]]></AUTO_POPFILTER><AUTO_POPFILTER_TEXT><![CDATA[]]></AUTO_POPFILTER_TEXT><TITLE_TEXT><![CDATA[]]></TITLE_TEXT><QUERY_TMEPS_LENGTH DbType='NUMERIC'><![CDATA[3]]></QUERY_TMEPS_LENGTH><OPEN_QUERY_TEMPS DbType='NUMERIC'><![CDATA[0]]></OPEN_QUERY_TEMPS><OPEN_QUERY_TEMPS_TEXT><![CDATA[]]></OPEN_QUERY_TEMPS_TEXT><SHOW_FLOW_STAGE><![CDATA[]]></SHOW_FLOW_STAGE><IS_SHOW_FLOW_STAGE DbType='NUMERIC'><![CDATA[-1]]></IS_SHOW_FLOW_STAGE><DEFAULT_FORM_ID><![CDATA[]]></DEFAULT_FORM_ID><ITEMINDEX DbType='NUMERIC'><![CDATA[]]></ITEMINDEX><YDLBMB_TEXT><![CDATA[]]></YDLBMB_TEXT><YDLBMB><![CDATA[1]]></YDLBMB><AAA DbType='CLOB'><![CDATA[]]></AAA><DUPLICATE_REMOVAL DbType='NUMERIC'><![CDATA[]]></DUPLICATE_REMOVAL><DUPLICATE_REMOVAL_TEXT><![CDATA[]]></DUPLICATE_REMOVAL_TEXT><PRODUCT_ID><![CDATA[]]></PRODUCT_ID><FILTER_EXTEND DbType='CLOB'><![CDATA[]]></FILTER_EXTEND><USE_IDM_TEXT><![CDATA[]]></USE_IDM_TEXT><USE_IDM DbType='NUMERIC'><![CDATA[-1]]></USE_IDM><FILTER_HINT><![CDATA[]]></FILTER_HINT><REFER_ID><![CDATA[]]></REFER_ID><EXTRA_LIST_CONFIG DbType='CLOB'><![CDATA[]]></EXTRA_LIST_CONFIG></Row>
<Row><ID PrimaryKey='true'><![CDATA[240219160652hz9YyEzhxlwI88GsKZw]]></ID><SOURCE_ID><![CDATA[]]></SOURCE_ID><MODULE_ID><![CDATA[2401301002390ipFYU6OzeCNDMN0r1X]]></MODULE_ID><STEP><![CDATA[]]></STEP><DATASOURCE_ID><![CDATA[]]></DATASOURCE_ID><DATASOURCE_ID_TEXT><![CDATA[]]></DATASOURCE_ID_TEXT><LIST_NAME><![CDATA[因私出国]]></LIST_NAME><LIST_WIDTH><![CDATA[]]></LIST_WIDTH><LIST_HEIGHT><![CDATA[]]></LIST_HEIGHT><LIST_TYPE DbType='NUMERIC'><![CDATA[1]]></LIST_TYPE><LIST_TYPE_TEXT><![CDATA[元数据列表]]></LIST_TYPE_TEXT><PAGE_SIZE DbType='NUMERIC'><![CDATA[30]]></PAGE_SIZE><FREEZE_COLUMNS DbType='NUMERIC'><![CDATA[0]]></FREEZE_COLUMNS><NEED_CHECKBOX DbType='NUMERIC'><![CDATA[-1]]></NEED_CHECKBOX><NEED_CHECKBOX_TEXT><![CDATA[无]]></NEED_CHECKBOX_TEXT><NEED_SN DbType='NUMERIC'><![CDATA[1]]></NEED_SN><NEED_SN_TEXT><![CDATA[是]]></NEED_SN_TEXT><ORDER_METADATA><![CDATA[A0014]]></ORDER_METADATA><ORDER_METADATA_TEXT><![CDATA[创建时间]]></ORDER_METADATA_TEXT><ORDER_TYPE><![CDATA[1]]></ORDER_TYPE><ORDER_TYPE_TEXT><![CDATA[降序]]></ORDER_TYPE_TEXT><STATUS DbType='NUMERIC'><![CDATA[1]]></STATUS><STATUS_TEXT><![CDATA[启用]]></STATUS_TEXT><VERSION><![CDATA[1]]></VERSION><ROWSTATE DbType='NUMERIC'><![CDATA[1]]></ROWSTATE><FILTER_TYPE DbType='NUMERIC'><![CDATA[3]]></FILTER_TYPE><FILTER_TYPE_TEXT><![CDATA[本机构]]></FILTER_TYPE_TEXT><EXTRA_FILTER DbType='CLOB'><![CDATA[]]></EXTRA_FILTER><ALLOW_DELETE DbType='NUMERIC'><![CDATA[-1]]></ALLOW_DELETE><ALLOW_DELETE_TEXT><![CDATA[否]]></ALLOW_DELETE_TEXT><ALLOW_FULL_DELETE DbType='NUMERIC'><![CDATA[-1]]></ALLOW_FULL_DELETE><ALLOW_FULL_DELETE_TEXT><![CDATA[否]]></ALLOW_FULL_DELETE_TEXT><ALLOW_EDIT DbType='NUMERIC'><![CDATA[-1]]></ALLOW_EDIT><ALLOW_EDIT_TEXT><![CDATA[否]]></ALLOW_EDIT_TEXT><EXTRA_ACTION><![CDATA[]]></EXTRA_ACTION><UNIT_ID><![CDATA[]]></UNIT_ID><SHOWORDER DbType='NUMERIC'><![CDATA[1]]></SHOWORDER><REMARK DbType='CLOB'><![CDATA[]]></REMARK><PROJECT_ID><![CDATA[p2433]]></PROJECT_ID><CREATE_USERID><![CDATA[2]]></CREATE_USERID><CREATE_UNAME><![CDATA[系统管理员]]></CREATE_UNAME><CREATE_DEPTID><![CDATA[180505162656YILYYOzw1FnE5OzzNxm]]></CREATE_DEPTID><CREATE_DEPTNAME><![CDATA[上海市]]></CREATE_DEPTNAME><CREATE_UNITID><![CDATA[180505162656YILYYOzw1FnE5OzzNxm]]></CREATE_UNITID><CREATE_UNITNAME><![CDATA[上海市]]></CREATE_UNITNAME><CREATE_TIME DbType='DATE'><![CDATA[2024-02-19 16:06:00.0]]></CREATE_TIME><LASTUPDATE_USERID><![CDATA[2]]></LASTUPDATE_USERID><LASTUPDATE_UNAME><![CDATA[系统管理员]]></LASTUPDATE_UNAME><LASTUPDATE_DEPTID><![CDATA[180505162656YILYYOzw1FnE5OzzNxm]]></LASTUPDATE_DEPTID><LASTUPDATE_DEPTNAME><![CDATA[上海市]]></LASTUPDATE_DEPTNAME><LASTUPDATE_UNITID><![CDATA[180505162656YILYYOzw1FnE5OzzNxm]]></LASTUPDATE_UNITID><LASTUPDATE_UNITNAME><![CDATA[上海市]]></LASTUPDATE_UNITNAME><LASTUPDATE_TIME DbType='DATE'><![CDATA[2024-07-11 13:16:10.0]]></LASTUPDATE_TIME><NEED_TITLE_TEXT><![CDATA[是]]></NEED_TITLE_TEXT><NEED_TITLE DbType='NUMERIC'><![CDATA[1]]></NEED_TITLE><NEED_TOOLBAR_TEXT><![CDATA[是]]></NEED_TOOLBAR_TEXT><NEED_TOOLBAR DbType='NUMERIC'><![CDATA[1]]></NEED_TOOLBAR><ROW_CLICK><![CDATA[]]></ROW_CLICK><EXTRA_DS DbType='CLOB'><![CDATA[{
"sql":"AND (CREATE_USERID='[user.id]' OR '[user.contextUserRoleIdsString]' LIKE '%201102211851Tjy4ic1HRTfS36QWCxT%' OR '[user.contextUserRoleIdsString]' LIKE '%201031131408IYRxTA0lnyN071z8BH8%' OR '[user.contextUserRoleIdsString]' LIKE '%2407111243135SoVF1eZibEmO5JJdWr%')"
}]]></EXTRA_DS><ALLOW_CREATE DbType='NUMERIC'><![CDATA[1]]></ALLOW_CREATE><ALLOW_CREATE_TEXT><![CDATA[是]]></ALLOW_CREATE_TEXT><IS_MODIFY DbType='NUMERIC'><![CDATA[1]]></IS_MODIFY><PRIVILEGE_ID DbType='CLOB'><![CDATA[]]></PRIVILEGE_ID><PRIVILEGE_ID_TEXT DbType='CLOB'><![CDATA[]]></PRIVILEGE_ID_TEXT><DEFAULT_WINDOW DbType='NUMERIC'><![CDATA[3]]></DEFAULT_WINDOW><DEFAULT_WINDOW_TEXT><![CDATA[浏览器标签页]]></DEFAULT_WINDOW_TEXT><ALLOW_CUSTOM_ROWCLICK DbType='NUMERIC'><![CDATA[-1]]></ALLOW_CUSTOM_ROWCLICK><ALLOW_CUSTOM_ROWCLICK_TEXT><![CDATA[否]]></ALLOW_CUSTOM_ROWCLICK_TEXT><HIDE_ACTION DbType='NUMERIC'><![CDATA[-1]]></HIDE_ACTION><HIDE_ACTION_TEXT><![CDATA[否]]></HIDE_ACTION_TEXT><NEED_FLOWINFO DbType='NUMERIC'><![CDATA[-1]]></NEED_FLOWINFO><NEED_FLOWINFO_TEXT><![CDATA[否]]></NEED_FLOWINFO_TEXT><IS_VALID_DATA DbType='NUMERIC'><![CDATA[1]]></IS_VALID_DATA><DISPLAY_MODE><![CDATA[1]]></DISPLAY_MODE><DISPLAY_MODE_TEXT><![CDATA[表格式]]></DISPLAY_MODE_TEXT><DISPLAY_SUMMARY_TEMP><![CDATA[]]></DISPLAY_SUMMARY_TEMP><DISPLAY_CARD_TEMP><![CDATA[]]></DISPLAY_CARD_TEMP><SUPER_MODIFY_POWER_TEXT><![CDATA[]]></SUPER_MODIFY_POWER_TEXT><SUPER_MODIFY_POWER><![CDATA[]]></SUPER_MODIFY_POWER><SUPER_POWER_RANGE_TEXT><![CDATA[无]]></SUPER_POWER_RANGE_TEXT><SUPER_POWER_RANGE DbType='NUMERIC'><![CDATA[0]]></SUPER_POWER_RANGE><SUPER_MODIFY_DEFINE DbType='CLOB'><![CDATA[]]></SUPER_MODIFY_DEFINE><ALLOW_COL_WIDTH DbType='NUMERIC'><![CDATA[-1]]></ALLOW_COL_WIDTH><ALLOW_COL_WIDTH_TEXT><![CDATA[否]]></ALLOW_COL_WIDTH_TEXT><INNER_SUBLIST_ID><![CDATA[]]></INNER_SUBLIST_ID><INNER_SUBLIST_CONDITION><![CDATA[]]></INNER_SUBLIST_CONDITION><HIERARCHY_METADATA><![CDATA[]]></HIERARCHY_METADATA><CLONE_ID><![CDATA[]]></CLONE_ID><RELA_INFO DbType='CLOB'><![CDATA[]]></RELA_INFO><FILTER_MODE><![CDATA[1]]></FILTER_MODE><FILTER_MODE_TEXT><![CDATA[普通]]></FILTER_MODE_TEXT><NEED_CUSTOM_FOLDER DbType='NUMERIC'><![CDATA[-1]]></NEED_CUSTOM_FOLDER><NEED_CUSTOM_FOLDER_TEXT><![CDATA[否]]></NEED_CUSTOM_FOLDER_TEXT><TEMPLATE_ID><![CDATA[]]></TEMPLATE_ID><TEMPLATE_ID_TEXT><![CDATA[]]></TEMPLATE_ID_TEXT><ALLOW_EXPORT DbType='NUMERIC'><![CDATA[1]]></ALLOW_EXPORT><ALLOW_EXPORT_TEXT><![CDATA[是]]></ALLOW_EXPORT_TEXT><BIND_PRIVILEGE><![CDATA[]]></BIND_PRIVILEGE><BIND_PRIVILEGE_TEXT><![CDATA[]]></BIND_PRIVILEGE_TEXT><EXTRA_ACTION_WIDTH><![CDATA[]]></EXTRA_ACTION_WIDTH><SHOW_BUTTON_COUNT DbType='NUMERIC'><![CDATA[0]]></SHOW_BUTTON_COUNT><SQUERY_MODE DbType='NUMERIC'><![CDATA[1]]></SQUERY_MODE><SQUERY_MODE_TEXT><![CDATA[无]]></SQUERY_MODE_TEXT><AUTO_POPFILTER DbType='NUMERIC'><![CDATA[-1]]></AUTO_POPFILTER><AUTO_POPFILTER_TEXT><![CDATA[否]]></AUTO_POPFILTER_TEXT><TITLE_TEXT><![CDATA[因私出国]]></TITLE_TEXT><QUERY_TMEPS_LENGTH DbType='NUMERIC'><![CDATA[3]]></QUERY_TMEPS_LENGTH><OPEN_QUERY_TEMPS DbType='NUMERIC'><![CDATA[-1]]></OPEN_QUERY_TEMPS><OPEN_QUERY_TEMPS_TEXT><![CDATA[关闭]]></OPEN_QUERY_TEMPS_TEXT><SHOW_FLOW_STAGE><![CDATA[否]]></SHOW_FLOW_STAGE><IS_SHOW_FLOW_STAGE DbType='NUMERIC'><![CDATA[-1]]></IS_SHOW_FLOW_STAGE><DEFAULT_FORM_ID><![CDATA[180427174255cSdYmAIgdVpmujhHcwW]]></DEFAULT_FORM_ID><ITEMINDEX DbType='NUMERIC'><![CDATA[]]></ITEMINDEX><YDLBMB_TEXT><![CDATA[卡片式列表]]></YDLBMB_TEXT><YDLBMB><![CDATA[1]]></YDLBMB><AAA DbType='CLOB'><![CDATA[]]></AAA><DUPLICATE_REMOVAL DbType='NUMERIC'><![CDATA[-1]]></DUPLICATE_REMOVAL><DUPLICATE_REMOVAL_TEXT><![CDATA[否]]></DUPLICATE_REMOVAL_TEXT><PRODUCT_ID><![CDATA[]]></PRODUCT_ID><FILTER_EXTEND DbType='CLOB'><![CDATA[]]></FILTER_EXTEND><USE_IDM_TEXT><![CDATA[]]></USE_IDM_TEXT><USE_IDM DbType='NUMERIC'><![CDATA[-1]]></USE_IDM><FILTER_HINT><![CDATA[]]></FILTER_HINT><REFER_ID><![CDATA[]]></REFER_ID><EXTRA_LIST_CONFIG DbType='CLOB'><![CDATA[]]></EXTRA_LIST_CONFIG></Row>
<Row><ID PrimaryKey='true'><![CDATA[240321181548urpPKBjXIxRwcr57cwI]]></ID><SOURCE_ID><![CDATA[]]></SOURCE_ID><MODULE_ID><![CDATA[2401301002390ipFYU6OzeCNDMN0r1X]]></MODULE_ID><STEP><![CDATA[]]></STEP><DATASOURCE_ID><![CDATA[]]></DATASOURCE_ID><DATASOURCE_ID_TEXT><![CDATA[]]></DATASOURCE_ID_TEXT><LIST_NAME><![CDATA[因私出国证件表]]></LIST_NAME><LIST_WIDTH><![CDATA[]]></LIST_WIDTH><LIST_HEIGHT><![CDATA[]]></LIST_HEIGHT><LIST_TYPE DbType='NUMERIC'><![CDATA[1]]></LIST_TYPE><LIST_TYPE_TEXT><![CDATA[元数据列表]]></LIST_TYPE_TEXT><PAGE_SIZE DbType='NUMERIC'><![CDATA[30]]></PAGE_SIZE><FREEZE_COLUMNS DbType='NUMERIC'><![CDATA[0]]></FREEZE_COLUMNS><NEED_CHECKBOX DbType='NUMERIC'><![CDATA[-1]]></NEED_CHECKBOX><NEED_CHECKBOX_TEXT><![CDATA[无]]></NEED_CHECKBOX_TEXT><NEED_SN DbType='NUMERIC'><![CDATA[1]]></NEED_SN><NEED_SN_TEXT><![CDATA[是]]></NEED_SN_TEXT><ORDER_METADATA><![CDATA[A0014]]></ORDER_METADATA><ORDER_METADATA_TEXT><![CDATA[创建时间]]></ORDER_METADATA_TEXT><ORDER_TYPE><![CDATA[1]]></ORDER_TYPE><ORDER_TYPE_TEXT><![CDATA[降序]]></ORDER_TYPE_TEXT><STATUS DbType='NUMERIC'><![CDATA[1]]></STATUS><STATUS_TEXT><![CDATA[启用]]></STATUS_TEXT><VERSION><![CDATA[1]]></VERSION><ROWSTATE DbType='NUMERIC'><![CDATA[1]]></ROWSTATE><FILTER_TYPE DbType='NUMERIC'><![CDATA[0]]></FILTER_TYPE><FILTER_TYPE_TEXT><![CDATA[无]]></FILTER_TYPE_TEXT><EXTRA_FILTER DbType='CLOB'><![CDATA[]]></EXTRA_FILTER><ALLOW_DELETE DbType='NUMERIC'><![CDATA[-1]]></ALLOW_DELETE><ALLOW_DELETE_TEXT><![CDATA[否]]></ALLOW_DELETE_TEXT><ALLOW_FULL_DELETE DbType='NUMERIC'><![CDATA[-1]]></ALLOW_FULL_DELETE><ALLOW_FULL_DELETE_TEXT><![CDATA[否]]></ALLOW_FULL_DELETE_TEXT><ALLOW_EDIT DbType='NUMERIC'><![CDATA[-1]]></ALLOW_EDIT><ALLOW_EDIT_TEXT><![CDATA[否]]></ALLOW_EDIT_TEXT><EXTRA_ACTION><![CDATA[]]></EXTRA_ACTION><UNIT_ID><![CDATA[180505162656YILYYOzw1FnE5OzzNxm]]></UNIT_ID><SHOWORDER DbType='NUMERIC'><![CDATA[1]]></SHOWORDER><REMARK DbType='CLOB'><![CDATA[]]></REMARK><PROJECT_ID><![CDATA[p2433]]></PROJECT_ID><CREATE_USERID><![CDATA[1]]></CREATE_USERID><CREATE_UNAME><![CDATA[超级管理员]]></CREATE_UNAME><CREATE_DEPTID><![CDATA[180505162656YILYYOzw1FnE5OzzNxm]]></CREATE_DEPTID><CREATE_DEPTNAME><![CDATA[上海市]]></CREATE_DEPTNAME><CREATE_UNITID><![CDATA[180505162656YILYYOzw1FnE5OzzNxm]]></CREATE_UNITID><CREATE_UNITNAME><![CDATA[上海市]]></CREATE_UNITNAME><CREATE_TIME DbType='DATE'><![CDATA[2024-03-21 18:15:00.0]]></CREATE_TIME><LASTUPDATE_USERID><![CDATA[1]]></LASTUPDATE_USERID><LASTUPDATE_UNAME><![CDATA[超级管理员]]></LASTUPDATE_UNAME><LASTUPDATE_DEPTID><![CDATA[180505162656YILYYOzw1FnE5OzzNxm]]></LASTUPDATE_DEPTID><LASTUPDATE_DEPTNAME><![CDATA[上海市]]></LASTUPDATE_DEPTNAME><LASTUPDATE_UNITID><![CDATA[180505162656YILYYOzw1FnE5OzzNxm]]></LASTUPDATE_UNITID><LASTUPDATE_UNITNAME><![CDATA[上海市]]></LASTUPDATE_UNITNAME><LASTUPDATE_TIME DbType='DATE'><![CDATA[2024-03-21 18:30:09.0]]></LASTUPDATE_TIME><NEED_TITLE_TEXT><![CDATA[否]]></NEED_TITLE_TEXT><NEED_TITLE DbType='NUMERIC'><![CDATA[-1]]></NEED_TITLE><NEED_TOOLBAR_TEXT><![CDATA[是]]></NEED_TOOLBAR_TEXT><NEED_TOOLBAR DbType='NUMERIC'><![CDATA[1]]></NEED_TOOLBAR><ROW_CLICK><![CDATA[]]></ROW_CLICK><EXTRA_DS DbType='CLOB'><![CDATA[{"sql":" IDCARD= '[IDCARD]' "}]]></EXTRA_DS><ALLOW_CREATE DbType='NUMERIC'><![CDATA[1]]></ALLOW_CREATE><ALLOW_CREATE_TEXT><![CDATA[是]]></ALLOW_CREATE_TEXT><IS_MODIFY DbType='NUMERIC'><![CDATA[1]]></IS_MODIFY><PRIVILEGE_ID DbType='CLOB'><![CDATA[]]></PRIVILEGE_ID><PRIVILEGE_ID_TEXT DbType='CLOB'><![CDATA[]]></PRIVILEGE_ID_TEXT><DEFAULT_WINDOW DbType='NUMERIC'><![CDATA[3]]></DEFAULT_WINDOW><DEFAULT_WINDOW_TEXT><![CDATA[浏览器标签页]]></DEFAULT_WINDOW_TEXT><ALLOW_CUSTOM_ROWCLICK DbType='NUMERIC'><![CDATA[-1]]></ALLOW_CUSTOM_ROWCLICK><ALLOW_CUSTOM_ROWCLICK_TEXT><![CDATA[否]]></ALLOW_CUSTOM_ROWCLICK_TEXT><HIDE_ACTION DbType='NUMERIC'><![CDATA[-1]]></HIDE_ACTION><HIDE_ACTION_TEXT><![CDATA[否]]></HIDE_ACTION_TEXT><NEED_FLOWINFO DbType='NUMERIC'><![CDATA[-1]]></NEED_FLOWINFO><NEED_FLOWINFO_TEXT><![CDATA[否]]></NEED_FLOWINFO_TEXT><IS_VALID_DATA DbType='NUMERIC'><![CDATA[1]]></IS_VALID_DATA><DISPLAY_MODE><![CDATA[1]]></DISPLAY_MODE><DISPLAY_MODE_TEXT><![CDATA[表格式]]></DISPLAY_MODE_TEXT><DISPLAY_SUMMARY_TEMP><![CDATA[]]></DISPLAY_SUMMARY_TEMP><DISPLAY_CARD_TEMP><![CDATA[]]></DISPLAY_CARD_TEMP><SUPER_MODIFY_POWER_TEXT><![CDATA[]]></SUPER_MODIFY_POWER_TEXT><SUPER_MODIFY_POWER><![CDATA[]]></SUPER_MODIFY_POWER><SUPER_POWER_RANGE_TEXT><![CDATA[无]]></SUPER_POWER_RANGE_TEXT><SUPER_POWER_RANGE DbType='NUMERIC'><![CDATA[0]]></SUPER_POWER_RANGE><SUPER_MODIFY_DEFINE DbType='CLOB'><![CDATA[]]></SUPER_MODIFY_DEFINE><ALLOW_COL_WIDTH DbType='NUMERIC'><![CDATA[-1]]></ALLOW_COL_WIDTH><ALLOW_COL_WIDTH_TEXT><![CDATA[否]]></ALLOW_COL_WIDTH_TEXT><INNER_SUBLIST_ID><![CDATA[]]></INNER_SUBLIST_ID><INNER_SUBLIST_CONDITION><![CDATA[]]></INNER_SUBLIST_CONDITION><HIERARCHY_METADATA><![CDATA[]]></HIERARCHY_METADATA><CLONE_ID><![CDATA[]]></CLONE_ID><RELA_INFO DbType='CLOB'><![CDATA[]]></RELA_INFO><FILTER_MODE><![CDATA[1]]></FILTER_MODE><FILTER_MODE_TEXT><![CDATA[普通]]></FILTER_MODE_TEXT><NEED_CUSTOM_FOLDER DbType='NUMERIC'><![CDATA[-1]]></NEED_CUSTOM_FOLDER><NEED_CUSTOM_FOLDER_TEXT><![CDATA[否]]></NEED_CUSTOM_FOLDER_TEXT><TEMPLATE_ID><![CDATA[]]></TEMPLATE_ID><TEMPLATE_ID_TEXT><![CDATA[]]></TEMPLATE_ID_TEXT><ALLOW_EXPORT DbType='NUMERIC'><![CDATA[1]]></ALLOW_EXPORT><ALLOW_EXPORT_TEXT><![CDATA[是]]></ALLOW_EXPORT_TEXT><BIND_PRIVILEGE><![CDATA[]]></BIND_PRIVILEGE><BIND_PRIVILEGE_TEXT><![CDATA[]]></BIND_PRIVILEGE_TEXT><EXTRA_ACTION_WIDTH><![CDATA[]]></EXTRA_ACTION_WIDTH><SHOW_BUTTON_COUNT DbType='NUMERIC'><![CDATA[0]]></SHOW_BUTTON_COUNT><SQUERY_MODE DbType='NUMERIC'><![CDATA[1]]></SQUERY_MODE><SQUERY_MODE_TEXT><![CDATA[无]]></SQUERY_MODE_TEXT><AUTO_POPFILTER DbType='NUMERIC'><![CDATA[-1]]></AUTO_POPFILTER><AUTO_POPFILTER_TEXT><![CDATA[否]]></AUTO_POPFILTER_TEXT><TITLE_TEXT><![CDATA[因私出国]]></TITLE_TEXT><QUERY_TMEPS_LENGTH DbType='NUMERIC'><![CDATA[3]]></QUERY_TMEPS_LENGTH><OPEN_QUERY_TEMPS DbType='NUMERIC'><![CDATA[-1]]></OPEN_QUERY_TEMPS><OPEN_QUERY_TEMPS_TEXT><![CDATA[关闭]]></OPEN_QUERY_TEMPS_TEXT><SHOW_FLOW_STAGE><![CDATA[否]]></SHOW_FLOW_STAGE><IS_SHOW_FLOW_STAGE DbType='NUMERIC'><![CDATA[-1]]></IS_SHOW_FLOW_STAGE><DEFAULT_FORM_ID><![CDATA[180427174255cSdYmAIgdVpmujhHcwW]]></DEFAULT_FORM_ID><ITEMINDEX DbType='NUMERIC'><![CDATA[]]></ITEMINDEX><YDLBMB_TEXT><![CDATA[]]></YDLBMB_TEXT><YDLBMB><![CDATA[1]]></YDLBMB><AAA DbType='CLOB'><![CDATA[]]></AAA><DUPLICATE_REMOVAL DbType='NUMERIC'><![CDATA[]]></DUPLICATE_REMOVAL><DUPLICATE_REMOVAL_TEXT><![CDATA[]]></DUPLICATE_REMOVAL_TEXT><PRODUCT_ID><![CDATA[]]></PRODUCT_ID><FILTER_EXTEND DbType='CLOB'><![CDATA[]]></FILTER_EXTEND><USE_IDM_TEXT><![CDATA[]]></USE_IDM_TEXT><USE_IDM DbType='NUMERIC'><![CDATA[-1]]></USE_IDM><FILTER_HINT><![CDATA[]]></FILTER_HINT><REFER_ID><![CDATA[]]></REFER_ID><EXTRA_LIST_CONFIG DbType='CLOB'><![CDATA[]]></EXTRA_LIST_CONFIG></Row>
</G_LIST>