<G_LIST_BUTTON>
<Row><ID PrimaryKey='true'><![CDATA[240130101527FmhJNnQvr6AtpqnXVYM]]></ID><MODULE_ID><![CDATA[2401301002390ipFYU6OzeCNDMN0r1X]]></MODULE_ID><LIST_ID><![CDATA[240130101527zds63H6azQNZdfhNGSv]]></LIST_ID><BUTTON_ID><![CDATA[180919112112SIctFYgqKhtc6Lm8pYE]]></BUTTON_ID><BUTTON_NAME><![CDATA[新增]]></BUTTON_NAME><PRIVILEGE><![CDATA[]]></PRIVILEGE><PRIVILEGE_TEXT><![CDATA[]]></PRIVILEGE_TEXT><BUTTON_STYLE><![CDATA[1]]></BUTTON_STYLE><BUTTON_STYLE_TEXT><![CDATA[重要]]></BUTTON_STYLE_TEXT><ACTION><![CDATA[createRow]]></ACTION><ICON><![CDATA[]]></ICON><TIP><![CDATA[]]></TIP><SHOW_CONDITION><![CDATA[]]></SHOW_CONDITION><SHOWORDER DbType='NUMERIC'><![CDATA[1]]></SHOWORDER><REMARK DbType='CLOB'><![CDATA[]]></REMARK><PROJECT_ID><![CDATA[p2433]]></PROJECT_ID><CREATE_USERID><![CDATA[2]]></CREATE_USERID><CREATE_UNAME><![CDATA[系统管理员]]></CREATE_UNAME><CREATE_DEPTID><![CDATA[180505162656YILYYOzw1FnE5OzzNxm]]></CREATE_DEPTID><CREATE_DEPTNAME><![CDATA[上海市]]></CREATE_DEPTNAME><CREATE_UNITID><![CDATA[180505162656YILYYOzw1FnE5OzzNxm]]></CREATE_UNITID><CREATE_UNITNAME><![CDATA[上海市]]></CREATE_UNITNAME><CREATE_TIME DbType='DATE'><![CDATA[2024-01-30 10:15:27.0]]></CREATE_TIME><LASTUPDATE_USERID><![CDATA[2]]></LASTUPDATE_USERID><LASTUPDATE_UNAME><![CDATA[系统管理员]]></LASTUPDATE_UNAME><LASTUPDATE_DEPTID><![CDATA[180505162656YILYYOzw1FnE5OzzNxm]]></LASTUPDATE_DEPTID><LASTUPDATE_DEPTNAME><![CDATA[上海市]]></LASTUPDATE_DEPTNAME><LASTUPDATE_UNITID><![CDATA[180505162656YILYYOzw1FnE5OzzNxm]]></LASTUPDATE_UNITID><LASTUPDATE_UNITNAME><![CDATA[上海市]]></LASTUPDATE_UNITNAME><LASTUPDATE_TIME DbType='DATE'><![CDATA[2024-01-30 10:15:27.0]]></LASTUPDATE_TIME><PARAMETER><![CDATA[{"formId":"240130101401nhPmHBIPt5CkM3yJ0KL"}]]></PARAMETER><ROWSTATE DbType='NUMERIC'><![CDATA[1]]></ROWSTATE><IS_VALID_DATA DbType='NUMERIC'><![CDATA[-1]]></IS_VALID_DATA><CLONE_ID><![CDATA[]]></CLONE_ID><IS_MODIFY DbType='NUMERIC'><![CDATA[-1]]></IS_MODIFY><BUTTON_TYPE DbType='NUMERIC'><![CDATA[2]]></BUTTON_TYPE><BUTTON_TYPE_TEXT><![CDATA[]]></BUTTON_TYPE_TEXT><DEFAULT_FORM_ID><![CDATA[]]></DEFAULT_FORM_ID><ITEMINDEX DbType='NUMERIC'><![CDATA[]]></ITEMINDEX><BUTTON_COLOUR><![CDATA[]]></BUTTON_COLOUR><PRODUCT_ID><![CDATA[]]></PRODUCT_ID></Row>
<Row><ID PrimaryKey='true'><![CDATA[2402191608514EN9usa4BH0xgiftuIY]]></ID><MODULE_ID><![CDATA[2401301002390ipFYU6OzeCNDMN0r1X]]></MODULE_ID><LIST_ID><![CDATA[240219160652hz9YyEzhxlwI88GsKZw]]></LIST_ID><BUTTON_ID><![CDATA[180919112112SIctFYgqKhtc6Lm8pYE]]></BUTTON_ID><BUTTON_NAME><![CDATA[新增]]></BUTTON_NAME><PRIVILEGE><![CDATA[]]></PRIVILEGE><PRIVILEGE_TEXT><![CDATA[]]></PRIVILEGE_TEXT><BUTTON_STYLE><![CDATA[3]]></BUTTON_STYLE><BUTTON_STYLE_TEXT><![CDATA[普通]]></BUTTON_STYLE_TEXT><ACTION><![CDATA[createRow]]></ACTION><ICON><![CDATA[]]></ICON><TIP><![CDATA[]]></TIP><SHOW_CONDITION><![CDATA[]]></SHOW_CONDITION><SHOWORDER DbType='NUMERIC'><![CDATA[1]]></SHOWORDER><REMARK DbType='CLOB'><![CDATA[]]></REMARK><PROJECT_ID><![CDATA[]]></PROJECT_ID><CREATE_USERID><![CDATA[]]></CREATE_USERID><CREATE_UNAME><![CDATA[]]></CREATE_UNAME><CREATE_DEPTID><![CDATA[]]></CREATE_DEPTID><CREATE_DEPTNAME><![CDATA[]]></CREATE_DEPTNAME><CREATE_UNITID><![CDATA[180505162656YILYYOzw1FnE5OzzNxm]]></CREATE_UNITID><CREATE_UNITNAME><![CDATA[]]></CREATE_UNITNAME><CREATE_TIME DbType='DATE'><![CDATA[]]></CREATE_TIME><LASTUPDATE_USERID><![CDATA[2]]></LASTUPDATE_USERID><LASTUPDATE_UNAME><![CDATA[系统管理员]]></LASTUPDATE_UNAME><LASTUPDATE_DEPTID><![CDATA[180505162656YILYYOzw1FnE5OzzNxm]]></LASTUPDATE_DEPTID><LASTUPDATE_DEPTNAME><![CDATA[上海市]]></LASTUPDATE_DEPTNAME><LASTUPDATE_UNITID><![CDATA[180505162656YILYYOzw1FnE5OzzNxm]]></LASTUPDATE_UNITID><LASTUPDATE_UNITNAME><![CDATA[上海市]]></LASTUPDATE_UNITNAME><LASTUPDATE_TIME DbType='DATE'><![CDATA[2024-04-11 16:20:07.0]]></LASTUPDATE_TIME><PARAMETER><![CDATA[]]></PARAMETER><ROWSTATE DbType='NUMERIC'><![CDATA[1]]></ROWSTATE><IS_VALID_DATA DbType='NUMERIC'><![CDATA[1]]></IS_VALID_DATA><CLONE_ID><![CDATA[]]></CLONE_ID><IS_MODIFY DbType='NUMERIC'><![CDATA[-1]]></IS_MODIFY><BUTTON_TYPE DbType='NUMERIC'><![CDATA[2]]></BUTTON_TYPE><BUTTON_TYPE_TEXT><![CDATA[列表]]></BUTTON_TYPE_TEXT><DEFAULT_FORM_ID><![CDATA[180503111621eFpokIDCkqD24E48yR6]]></DEFAULT_FORM_ID><ITEMINDEX DbType='NUMERIC'><![CDATA[]]></ITEMINDEX><BUTTON_COLOUR><![CDATA[]]></BUTTON_COLOUR><PRODUCT_ID><![CDATA[]]></PRODUCT_ID></Row>
<Row><ID PrimaryKey='true'><![CDATA[240321181548WGsPSCkETrhq0lVuXPh]]></ID><MODULE_ID><![CDATA[2401301002390ipFYU6OzeCNDMN0r1X]]></MODULE_ID><LIST_ID><![CDATA[240321181548urpPKBjXIxRwcr57cwI]]></LIST_ID><BUTTON_ID><![CDATA[180919112112SIctFYgqKhtc6Lm8pYE]]></BUTTON_ID><BUTTON_NAME><![CDATA[新增]]></BUTTON_NAME><PRIVILEGE><![CDATA[]]></PRIVILEGE><PRIVILEGE_TEXT><![CDATA[]]></PRIVILEGE_TEXT><BUTTON_STYLE><![CDATA[1]]></BUTTON_STYLE><BUTTON_STYLE_TEXT><![CDATA[重要]]></BUTTON_STYLE_TEXT><ACTION><![CDATA[createRow]]></ACTION><ICON><![CDATA[]]></ICON><TIP><![CDATA[]]></TIP><SHOW_CONDITION><![CDATA[1==2]]></SHOW_CONDITION><SHOWORDER DbType='NUMERIC'><![CDATA[1]]></SHOWORDER><REMARK DbType='CLOB'><![CDATA[]]></REMARK><PROJECT_ID><![CDATA[p2433]]></PROJECT_ID><CREATE_USERID><![CDATA[1]]></CREATE_USERID><CREATE_UNAME><![CDATA[超级管理员]]></CREATE_UNAME><CREATE_DEPTID><![CDATA[180505162656YILYYOzw1FnE5OzzNxm]]></CREATE_DEPTID><CREATE_DEPTNAME><![CDATA[上海市]]></CREATE_DEPTNAME><CREATE_UNITID><![CDATA[180505162656YILYYOzw1FnE5OzzNxm]]></CREATE_UNITID><CREATE_UNITNAME><![CDATA[上海市]]></CREATE_UNITNAME><CREATE_TIME DbType='DATE'><![CDATA[2024-03-21 18:15:00.0]]></CREATE_TIME><LASTUPDATE_USERID><![CDATA[2]]></LASTUPDATE_USERID><LASTUPDATE_UNAME><![CDATA[系统管理员]]></LASTUPDATE_UNAME><LASTUPDATE_DEPTID><![CDATA[180505162656YILYYOzw1FnE5OzzNxm]]></LASTUPDATE_DEPTID><LASTUPDATE_DEPTNAME><![CDATA[上海市]]></LASTUPDATE_DEPTNAME><LASTUPDATE_UNITID><![CDATA[180505162656YILYYOzw1FnE5OzzNxm]]></LASTUPDATE_UNITID><LASTUPDATE_UNITNAME><![CDATA[上海市]]></LASTUPDATE_UNITNAME><LASTUPDATE_TIME DbType='DATE'><![CDATA[2024-04-08 10:15:19.0]]></LASTUPDATE_TIME><PARAMETER><![CDATA[]]></PARAMETER><ROWSTATE DbType='NUMERIC'><![CDATA[1]]></ROWSTATE><IS_VALID_DATA DbType='NUMERIC'><![CDATA[1]]></IS_VALID_DATA><CLONE_ID><![CDATA[]]></CLONE_ID><IS_MODIFY DbType='NUMERIC'><![CDATA[-1]]></IS_MODIFY><BUTTON_TYPE DbType='NUMERIC'><![CDATA[2]]></BUTTON_TYPE><BUTTON_TYPE_TEXT><![CDATA[列表]]></BUTTON_TYPE_TEXT><DEFAULT_FORM_ID><![CDATA[180503111621eFpokIDCkqD24E48yR6]]></DEFAULT_FORM_ID><ITEMINDEX DbType='NUMERIC'><![CDATA[]]></ITEMINDEX><BUTTON_COLOUR><![CDATA[]]></BUTTON_COLOUR><PRODUCT_ID><![CDATA[]]></PRODUCT_ID></Row>
</G_LIST_BUTTON>