<G_MODULE_ATTACHMENT>
<Row><ID PrimaryKey='true'><![CDATA[240827112446S5bYVlE7ZxSLFWSEGac]]></ID><MODULE_ID><![CDATA[2401301002390ipFYU6OzeCNDMN0r1X]]></MODULE_ID><ATTNAME><![CDATA[附件]]></ATTNAME><ATTVALUE DbType='NUMERIC'><![CDATA[1]]></ATTVALUE><FILETYPE_LIMIT><![CDATA[all]]></FILETYPE_LIMIT><FILECOUNT_LIMIT DbType='NUMERIC'><![CDATA[0]]></FILECOUNT_LIMIT><FILESIZE_LIMIT DbType='NUMERIC'><![CDATA[0]]></FILESIZE_LIMIT><REQUIRED DbType='NUMERIC'><![CDATA[-1]]></REQUIRED><VERSION_MODE DbType='NUMERIC'><![CDATA[1]]></VERSION_MODE><VERSION_MODE_TEXT><![CDATA[每用户环节模式]]></VERSION_MODE_TEXT><DEFAULT_FILENAME><![CDATA[]]></DEFAULT_FILENAME><SHOWORDER DbType='NUMERIC'><![CDATA[1]]></SHOWORDER><TEMPLATES><![CDATA[]]></TEMPLATES><BUTTON_TEXT><![CDATA[]]></BUTTON_TEXT><CREATE_USERID><![CDATA[2]]></CREATE_USERID><CREATE_TIME DbType='DATE'><![CDATA[2024-08-27 11:24:47.0]]></CREATE_TIME><LASTUPDATE_USERID><![CDATA[2]]></LASTUPDATE_USERID><LASTUPDATE_TIME DbType='DATE'><![CDATA[2024-08-27 11:30:51.0]]></LASTUPDATE_TIME><ATTTYPE><![CDATA[1]]></ATTTYPE><ATTTYPE_TEXT><![CDATA[附件]]></ATTTYPE_TEXT><FILETYPE_LIMIT_TEXT><![CDATA[全部]]></FILETYPE_LIMIT_TEXT><REQUIRED_TEXT><![CDATA[否]]></REQUIRED_TEXT><CREATE_DEPTNAME><![CDATA[上海市]]></CREATE_DEPTNAME><PROJECT_ID><![CDATA[p2433]]></PROJECT_ID><CREATE_UNAME><![CDATA[系统管理员]]></CREATE_UNAME><CREATE_DEPTID><![CDATA[180505162656YILYYOzw1FnE5OzzNxm]]></CREATE_DEPTID><CREATE_UNITID><![CDATA[180505162656YILYYOzw1FnE5OzzNxm]]></CREATE_UNITID><CREATE_UNITNAME><![CDATA[上海市]]></CREATE_UNITNAME><LASTUPDATE_UNAME><![CDATA[系统管理员]]></LASTUPDATE_UNAME><LASTUPDATE_DEPTID><![CDATA[180505162656YILYYOzw1FnE5OzzNxm]]></LASTUPDATE_DEPTID><LASTUPDATE_DEPTNAME><![CDATA[上海市]]></LASTUPDATE_DEPTNAME><LASTUPDATE_UNITID><![CDATA[180505162656YILYYOzw1FnE5OzzNxm]]></LASTUPDATE_UNITID><LASTUPDATE_UNITNAME><![CDATA[上海市]]></LASTUPDATE_UNITNAME><IS_MODIFY DbType='NUMERIC'><![CDATA[]]></IS_MODIFY><ROWSTATE DbType='NUMERIC'><![CDATA[1]]></ROWSTATE><IS_VALID_DATA DbType='NUMERIC'><![CDATA[1]]></IS_VALID_DATA><SHOW_TYPE_TEXT DbType='NUMERIC'><![CDATA[1]]></SHOW_TYPE_TEXT><SHOW_TYPE_TEXT_TEXT><![CDATA[是]]></SHOW_TYPE_TEXT_TEXT><MAINTAIN_FUNC_TEXT><![CDATA[]]></MAINTAIN_FUNC_TEXT><MAINTAIN_FUNC><![CDATA[]]></MAINTAIN_FUNC><SHOW_SUFFIX DbType='NUMERIC'><![CDATA[1]]></SHOW_SUFFIX><SHOW_SUFFIX_TEXT><![CDATA[是]]></SHOW_SUFFIX_TEXT><IS_MJ DbType='NUMERIC'><![CDATA[-1]]></IS_MJ><IS_MJ_TEXT><![CDATA[否]]></IS_MJ_TEXT><CLONE_ID><![CDATA[]]></CLONE_ID><TEMPLATES_TEXT><![CDATA[]]></TEMPLATES_TEXT><QCBUTTON_TEXT><![CDATA[]]></QCBUTTON_TEXT><ALLOW_PRINT DbType='NUMERIC'><![CDATA[1]]></ALLOW_PRINT><ALLOW_PRINT_TEXT><![CDATA[是]]></ALLOW_PRINT_TEXT><SHOW_FILETYPE DbType='NUMERIC'><![CDATA[1]]></SHOW_FILETYPE><SHOW_FILETYPE_TEXT><![CDATA[文件标题前显示]]></SHOW_FILETYPE_TEXT><IS_ZWQY DbType='NUMERIC'><![CDATA[-1]]></IS_ZWQY><IS_ZWQY_TEXT><![CDATA[否]]></IS_ZWQY_TEXT><ORDERBY_TYPE DbType='NUMERIC'><![CDATA[1]]></ORDERBY_TYPE><ORDERBY_TYPE_TEXT><![CDATA[按文件顺序排序]]></ORDERBY_TYPE_TEXT><ALLOW_LEADIN DbType='NUMERIC'><![CDATA[-1]]></ALLOW_LEADIN><ALLOW_LEADIN_TEXT><![CDATA[否]]></ALLOW_LEADIN_TEXT><WORDNUM_LIMIT DbType='NUMERIC'><![CDATA[]]></WORDNUM_LIMIT><LEADIN_MODULE DbType='CLOB'><![CDATA[]]></LEADIN_MODULE><LEADIN_MODULE_TEXT DbType='CLOB'><![CDATA[]]></LEADIN_MODULE_TEXT><LEADIN_FILTER DbType='NUMERIC'><![CDATA[]]></LEADIN_FILTER><LEADIN_FILTER_TEXT><![CDATA[]]></LEADIN_FILTER_TEXT><IS_ENCRYPTION DbType='NUMERIC'><![CDATA[1]]></IS_ENCRYPTION><IS_ENCRYPTION_TEXT><![CDATA[不加密]]></IS_ENCRYPTION_TEXT><FILE_NAME_ARG_TYPE_TEXT><![CDATA[]]></FILE_NAME_ARG_TYPE_TEXT><FILE_NAME_ARG_TYPE DbType='NUMERIC'><![CDATA[]]></FILE_NAME_ARG_TYPE><FILE_LOGIC_ISOLATION_TEXT><![CDATA[]]></FILE_LOGIC_ISOLATION_TEXT><FILE_LOGIC_ISOLATION DbType='NUMERIC'><![CDATA[]]></FILE_LOGIC_ISOLATION><AUTO_BT DbType='NUMERIC'><![CDATA[-1]]></AUTO_BT><AUTO_BT_TEXT><![CDATA[否]]></AUTO_BT_TEXT><SCAN_UPLOAD DbType='NUMERIC'><![CDATA[-1]]></SCAN_UPLOAD><SCAN_UPLOAD_TEXT><![CDATA[]]></SCAN_UPLOAD_TEXT><SCANNER_MODEL DbType='NUMERIC'><![CDATA[]]></SCANNER_MODEL><SCANNER_MODEL_TEXT><![CDATA[]]></SCANNER_MODEL_TEXT><DEFAULT_FORM_ID><![CDATA[86f5862bc581416e904519af4fa5c524]]></DEFAULT_FORM_ID><ITEMINDEX DbType='NUMERIC'><![CDATA[]]></ITEMINDEX><EDIT_SAVEAS_NAME><![CDATA[]]></EDIT_SAVEAS_NAME><SHOW_DOWNLOADS DbType='NUMERIC'><![CDATA[-1]]></SHOW_DOWNLOADS><SHOW_DOWNLOADS_TEXT><![CDATA[否]]></SHOW_DOWNLOADS_TEXT><REDHED_RETAINED_TRACES DbType='NUMERIC'><![CDATA[1]]></REDHED_RETAINED_TRACES><REDHED_RETAINED_TRACES_TEXT><![CDATA[是]]></REDHED_RETAINED_TRACES_TEXT><PREVIEW_TRACE DbType='NUMERIC'><![CDATA[]]></PREVIEW_TRACE><PREVIEW_TRACE_TEXT><![CDATA[]]></PREVIEW_TRACE_TEXT><WPS_YUN_UPLOAD DbType='NUMERIC'><![CDATA[-1]]></WPS_YUN_UPLOAD><WPS_YUN_UPLOAD_TEXT><![CDATA[否]]></WPS_YUN_UPLOAD_TEXT><LEADIN_CUSTOM DbType='CLOB'><![CDATA[]]></LEADIN_CUSTOM><ELEC_PARTS DbType='NUMERIC'><![CDATA[1]]></ELEC_PARTS><ELEC_PARTS_TEXT><![CDATA[是]]></ELEC_PARTS_TEXT><OTHER_UPLOAD_TYPES><![CDATA[]]></OTHER_UPLOAD_TYPES><OTHER_UPLOAD_TYPES_TEXT DbType='CLOB'><![CDATA[]]></OTHER_UPLOAD_TYPES_TEXT><PRODUCT_ID><![CDATA[]]></PRODUCT_ID><TO_METADATAS><![CDATA[]]></TO_METADATAS><FILELOGICISOLATION><![CDATA[]]></FILELOGICISOLATION><IS_SHOW_PLACEHOLDER><![CDATA[]]></IS_SHOW_PLACEHOLDER><IS_CHANGE_MJ DbType='NUMERIC'><![CDATA[1]]></IS_CHANGE_MJ><IS_CHANGE_MJ_TEXT><![CDATA[]]></IS_CHANGE_MJ_TEXT></Row>
</G_MODULE_ATTACHMENT>